Workbook
Name A73A73: 'Combined Delivery Data'!$A$73:$A$73
Name B49B81: 'Combined Delivery Data'!$B$49:$B$49
Name cmsBlocked: CombinedDeliveryData[Blocked?]
Name cmsCheck: CombinedDeliveryData[Data Check]
Name cmsDBDev: CombinedDeliveryData[DB Developer]
Name cmsDBDone: CombinedDeliveryData[DB Dev Actual Completion Date]
Name cmsDom: CombinedDeliveryData[Domain]
Name cmsDPO: CombinedDeliveryData[DPO Approval Reviewer]
Name cmsDPODone: CombinedDeliveryData[DPO Approval Completion Date]
Name cmsMonth: CombinedDeliveryData[Plan Delivery Month]
Name cmsName: CombinedDeliveryData[Report Name]
Name cmsPBIDev: CombinedDeliveryData[PBI Developer]
Name cmsPBIDone: CombinedDeliveryData[PBI Dev Actual Completion Date]
Name cmsQA: CombinedDeliveryData[QA Tester]
Name cmsQADone: CombinedDeliveryData[QA Actual Completion Date]
Name cmsStatus: CombinedDeliveryData[Current Status (Update next stage after completion date)]
Name DB_Dev_List: 'Data Validation'!$B$3:$B$12
Name DPO_Approval_List: 'Data Validation'!$K$3:$K$6
Name L2T2: 'Rework Log'!$L$1:$L$1
Name PBI_Dev_List: 'Data Validation'!$C$3:$C$5
Name QA_List: 'Data Validation'!$H$3:$H$7

Sheet Combined Delivery Data
A1: Domain | B1: Report Name | C1: Current Status (Update next stage after completion date) | D1: Status Flag | E1: Business Value Rank | F1: PO | G1: Schema | H1: Plan Delivery Date | I1: Plan Delivery Month | J1: DB Developer | K1: DB Dev Baseline Completion Date | L1: DB Dev Reforecast Completion Date | M1: DB Dev Actual Completion Date | N1: Build Source | O1: Sprint DB | P1: PBI Developer | Q1: PBI Dev Baseline Completion Date | R1: PBI Dev Reforecast Completion Date | S1: PBI Dev Actual Completion Date | T1: Sprint PBI | U1: QA Tester | V1: QA Baseline Completion Date | W1: QA Reforecast Completion Date | X1: Initial QA Completion Date | Y1: QA Actual Completion Date | Z1: Sprint QA | AA1: DPO Approval Baseline Completion Date | AB1: DPO Approval Reforecast Completion Date | AC1: DPO Approval Completion Date | AD1: DPO Approval Reviewer | AE1: Report Type | AF1: Confirmed Deployed? | AG1: Confirmed Deployed Date | AH1: UAT Report URL | AI1: Production URL | AJ1: Blocked? | AK1: Data Check | AL1: Comments | AM1: QA Rework Due DPO Rework Due | AN1: Column1
A2: Leaks | B2: RPT_04_Active Leaks | C2: RELEASED IN PROD | D2: {=IF(AND(C2="Ready for Release in Prod",LEFT($AJ2,3)<>"Yes"),IF(AG2<>"","Delivered","On track"),IF($B2="","",IF(LEFT($AJ2,3)="Yes","Blocked - "&MID($AJ2,7,100)&IF(SUMPRODUCT(('Rework Log'!$A$2:$A$497=$B2)*('Rework Log'!$G$2:$G$497<>"Yes")*('Rework Log'!$G$2:$G$497<>"Did not pass re-test"))=0,"",IF(SUMPRODUCT(MAX((('Rework Log'!$A$2:$A$497=$B2)*('Rework Log'!$G$2:$G$497<>"Yes")*('Rework Log'!$G$2:$G$497<>"Did not pass re-test"))*'Rework Log'!$I$2:$I$497))=0," - unclaimed"," - promised "&TEXT(SUMPRODUCT(MAX((('Rework Log'!$A$2:$A$497=$B2)*('Rework Log'!$G$2:$G$497<>"Yes")*('Rework Log'!$G$2:$G$497<>"Did not pass re-test"))*'Rework Log'!$I$2:$I$497)),"m/d"))),IF(C2="NOT STARTED",IF(H2="","No plan date set",IF(H2<TODAY(),"Review - planned start passed","On track")),IF(C2="DB Dev",_xlfn.LET(_xlpm.sent,_xlfn.MAXIFS('Rework Log'!$B$2:$B$497,'Rework Log'!$A$2:$A$497,$B2,'Rework Log'!$D$2:$D$497,"DB Dev"),_xlpm.expfix,_xlfn.MAXIFS('Rework Log'!$I$2:$I$497,'Rework Log'!$A$2:$A$497,$B2,'Rework Log'!$D$2:$D$497,"DB Dev",'Rework Log'!$B$2:$B$497,_xlpm.sent),_xlpm.tgt,IF(_xlpm.expfix>0,_xlpm.expfix,IF(L2<>"",L2,K2)),_xlpm.act,IF(AND(M2<>"",M2>=_xlpm.sent),M2,""),IF(_xlpm.tgt="","No target set",IF(AND(_xlpm.tgt<TODAY(),_xlpm.act=""),"Overdue","On track"))),IF(C2="PBI Dev",_xlfn.LET(_xlpm.sent,_xlfn.MAXIFS('Rework Log'!$B$2:$B$497,'Rework Log'!$A$2:$A$497,$B2,'Rework Log'!$D$2:$D$497,"PBI Dev"),_xlpm.expfix,_xlfn.MAXIFS('Rework Log'!$I$2:$I$497,'Rework Log'!$A$2:$A$497,$B2,'Rework Log'!$D$2:$D$497,"PBI Dev",'Rework Log'!$B$2:$B$497,_xlpm.sent),_xlpm.tgt,IF(_xlpm.expfix>0,_xlpm.expfix,IF(R2<>"",R2,Q2)),_xlpm.act,IF(AND(S2<>"",S2>=_xlpm.sent),S2,""),IF(_xlpm.tgt="","No target set",IF(AND(_xlpm.tgt<TODAY(),_xlpm.act=""),"Overdue","On track"))),IF(C2="QA",_xlfn.LET(_xlpm.tgt,IF(AM2<>"",AM2,IF(W2<>"",W2,V2)),_xlpm.sent,_xlfn.MAXIFS('Rework Log'!$B$2:$B$497,'Rework Log'!$A$2:$A$497,$B2,'Rework Log'!$C$2:$C$497,"QA"),_xlpm.act,IF(AND(Y2<>"",Y2>=_xlpm.sent),Y2,""),IF(_xlpm.tgt="","No target set",IF(AND(_xlpm.tgt<TODAY(),_xlpm.act=""),"Overdue","On track"))),IF(C2="DPO Approval",_xlfn.LET(_xlpm.tgt,IF(AN2<>"",AN2,IF(AB2<>"",AB2,AA2)),_xlpm.sent,_xlfn.MAXIFS('Rework Log'!$B$2:$B$497,'Rework Log'!$A$2:$A$497,$B2,'Rework Log'!$C$2:$C$497,"DPO*"),_xlpm.act,IF(AND(AC2<>"",AC2>=_xlpm.sent),AC2,""),IF(_xlpm.tgt="","No target set",IF(AND(_xlpm.tgt<TODAY(),_xlpm.act=""),"Overdue","On track"))),IF(C2="RELEASED IN PROD","Delivered","")))))))))} -> Delivered | E2: 1 | H2: 46142 | I2: April | J2: Fetwi | K2: 46122 | M2: 46115 | N2: Curated | P2: Sarath | Q2: 46129 | S2: 46114 | U2: Preety | V2: 46136 | Y2: 46122 | AA2: 46140 | AD2: Kelvin Hu | AE2: compliance | AF2: Yes | AG2: 46122 | AH2: https://app.powerbi.com/groups/me/apps/eedba83d-be9a-45f9-9504-7bfa41e6051a/reports/62307ec4-3158-4457-8dcc-4acc2150cdc3/ccfe9e7f0a40d49acb85?experience=power-bi | AI2: https://app.powerbi.com/groups/me/apps/2c7180b1-0d3d-45be-979e-f7dc86b3557d/reports/8cd4a21d-3abe-4e55-a99e-3af846ab1c67/ccfe9e7f0a40d49acb85?ctid=f98a6a53-25f3-4212-901c-c7787fcd3495&experience=power-bi | AJ2: No | AK2: {=IF($B2="","",_xlfn.LET(_xlpm.nm,$B2,_xlpm.st,$C2,_xlpm.ou,SUMPRODUCT(('Rework Log'!$A$2:$A$497=_xlpm.nm)*('Rework Log'!$G$2:$G$497<>"Yes")*('Rework Log'!$G$2:$G$497<>"Did not pass re-test")*('Rework Log'!$J$2:$J$497="")),_xlpm.ob,SUMPRODUCT(('Rework Log'!$A$2:$A$497=_xlpm.nm)*('Rework Log'!$G$2:$G$497<>"Yes")*('Rework Log'!$G$2:$G$497<>"Did not pass re-test")),_xlpm.oto,IF(SUMPRODUCT(('Rework Log'!$A$2:$A$497=_xlpm.nm)*('Rework Log'!$G$2:$G$497<>"Yes")*('Rework Log'!$G$2:$G$497<>"Did not pass re-test")*('Rework Log'!$J$2:$J$497=""))=0,"",INDEX('Rework Log'!$D$2:$D$497,MATCH(1,('Rework Log'!$A$2:$A$497=_xlpm.nm)*('Rework Log'!$G$2:$G$497<>"Yes")*('Rework Log'!$G$2:$G$497<>"Did not pass re-test")*('Rework Log'!$J$2:$J$497=""),0))),_xlpm.sent,_xlfn.MAXIFS('Rework Log'!$B$2:$B$497,'Rework Log'!$A$2:$A$497,_xlpm.nm),_xlpm.act,_xlfn.IFS(_xlpm.st="NOT STARTED",$M2,_xlpm.st="DB Dev",$M2,_xlpm.st="PBI Dev",$S2,_xlpm.st="QA",$Y2,_xlpm.st="DPO Approval",$AC2,_xlpm.st="Ready for Release in Prod",$AG2,TRUE,""),_xlpm.nxt,_xlfn.IFS(_xlpm.st="NOT STARTED","PBI Dev",_xlpm.st="DB Dev","PBI Dev",_xlpm.st="PBI Dev","QA",_xlpm.st="QA","DPO Approval",_xlpm.st="DPO Approval","Ready for Release in Prod",_xlpm.st="Ready for Release in Prod","RELEASED IN PROD",TRUE,""),IF(AND(_xlpm.ou>0,_xlpm.st<>_xlpm.oto),"Move status back to "&_xlpm.oto,IF(AND(_xlpm.ob=0,LEFT($AJ2,3)="Yes"),"Blocked - log it on Rework Log",IF(AND(_xlpm.ob>0,LEFT($AJ2,3)<>"Yes"),"Open rework row - mark Blocked or close it",IF(AND(_xlpm.ob=0,_xlpm.act<>"",_xlpm.act>=_xlpm.sent,_xlpm.nxt<>""),"Move status to "&_xlpm.nxt,IF(COUNTIF($B$2:$B$528,$B2)>1,"Duplicate name - check row",IF(COUNTIF('Rework Log'!$A$2:$A$497,$B2)>0,"",IF(AND($V2<>"",$K2<>"",$V2<$K2),"QA target is before DB Dev target",IF(AND($V2<>"",$Q2<>"",$V2<$Q2),"QA target is before PBI Dev target",IF(AND($AA2<>"",$V2<>"",$AA2<$V2),"DPO Approval target is before QA target",IF(AND($AG2<>"",$AA2<>"",$AG2<$AA2),"Confirmed Deployed date is before DPO Approval target",""))))))))))))} -> Confirmed Deployed date is before DPO Approval target | AL2: [Historical, April 2026]: QA found an issue - date calendar dimension broken. Fetwi assigned to fix. | AM2: {=_xlfn.LET(_xlpm.rep,$B2,_xlpm.sent,_xlfn.MAXIFS('Rework Log'!$B$2:$B$497,'Rework Log'!$A$2:$A$497,_xlpm.rep,'Rework Log'!$C$2:$C$497,"QA"),_xlpm.fixdate,_xlfn.MAXIFS('Rework Log'!$J$2:$J$497,'Rework Log'!$A$2:$A$497,_xlpm.rep,'Rework Log'!$C$2:$C$497,"QA",'Rework Log'!$B$2:$B$497,_xlpm.sent),_xlpm.expfix,_xlfn.MAXIFS('Rework Log'!$I$2:$I$497,'Rework Log'!$A$2:$A$497,_xlpm.rep,'Rework Log'!$C$2:$C$497,"QA",'Rework Log'!$B$2:$B$497,_xlpm.sent),_xlpm.base,IF(_xlpm.fixdate>0,_xlpm.fixdate,_xlpm.expfix),IF(OR(_xlpm.rep="",_xlpm.sent=0,_xlpm.base=0),"",WORKDAY(_xlpm.base,3)))} | AN2: {=_xlfn.LET(_xlpm.rep,$B2,_xlpm.sent,_xlfn.MAXIFS('Rework Log'!$B$2:$B$497,'Rework Log'!$A$2:$A$497,_xlpm.rep,'Rework Log'!$C$2:$C$497,"DPO*"),_xlpm.fixdate,_xlfn.MAXIFS('Rework Log'!$J$2:$J$497,'Rework Log'!$A$2:$A$497,_xlpm.rep,'Rework Log'!$C$2:$C$497,"DPO*",'Rework Log'!$B$2:$B$497,_xlpm.sent),_xlpm.expfix,_xlfn.MAXIFS('Rework Log'!$I$2:$I$497,'Rework Log'!$A$2:$A$497,_xlpm.rep,'Rework Log'!$C$2:$C$497,"DPO*",'Rework Log'!$B$2:$B$497,_xlpm.sent),_xlpm.base,IF(_xlpm.fixdate>0,_xlpm.fixdate,_xlpm.expfix),IF(OR(_xlpm.rep="",_xlpm.sent=0,_xlpm.base=0),"",WORKDAY(_xlpm.base,7)))}
A3: Leaks | B3: RPT_04_Count of Active Leaks On Hand | C3: RELEASED IN PROD | D3: {=IF(AND(C3="Ready for Release in Prod",LEFT($AJ3,3)<>"Yes"),IF(AG3<>"","Delivered","On track"),IF($B3="","",IF(LEFT($AJ3,3)="Yes","Blocked - "&MID($AJ3,7,100)&IF(SUMPRODUCT(('Rework Log'!$A$2:$A$497=$B3)*('Rework Log'!$G$2:$G$497<>"Yes")*('Rework Log'!$G$2:$G$497<>"Did not pass re-test"))=0,"",IF(SUMPRODUCT(MAX((('Rework Log'!$A$2:$A$497=$B3)*('Rework Log'!$G$2:$G$497<>"Yes")*('Rework Log'!$G$2:$G$497<>"Did not pass re-test"))*'Rework Log'!$I$2:$I$497))=0," - unclaimed"," - promised "&TEXT(SUMPRODUCT(MAX((('Rework Log'!$A$2:$A$497=$B3)*('Rework Log'!$G$2:$G$497<>"Yes")*('Rework Log'!$G$2:$G$497<>"Did not pass re-test"))*'Rework Log'!$I$2:$I$497)),"m/d"))),IF(C3="NOT STARTED",IF(H3="","No plan date set",IF(H3<TODAY(),"Review - planned start passed","On track")),IF(C3="DB Dev",_xlfn.LET(_xlpm.sent,_xlfn.MAXIFS('Rework Log'!$B$2:$B$497,'Rework Log'!$A$2:$A$497,$B3,'Rework Log'!$D$2:$D$497,"DB Dev"),_xlpm.expfix,_xlfn.MAXIFS('Rework Log'!$I$2:$I$497,'Rework Log'!$A$2:$A$497,$B3,'Rework Log'!$D$2:$D$497,"DB Dev",'Rework Log'!$B$2:$B$497,_xlpm.sent),_xlpm.tgt,IF(_xlpm.expfix>0,_xlpm.expfix,IF(L3<>"",L3,K3)),_xlpm.act,IF(AND(M3<>"",M3>=_xlpm.sent),M3,""),IF(_xlpm.tgt="","No target set",IF(AND(_xlpm.tgt<TODAY(),_xlpm.act=""),"Overdue","On track"))),IF(C3="PBI Dev",_xlfn.LET(_xlpm.sent,_xlfn.MAXIFS('Rework Log'!$B$2:$B$497,'Rework Log'!$A$2:$A$497,$B3,'Rework Log'!$D$2:$D$497,"PBI Dev"),_xlpm.expfix,_xlfn.MAXIFS('Rework Log'!$I$2:$I$497,'Rework Log'!$A$2:$A$497,$B3,'Rework Log'!$D$2:$D$497,"PBI Dev",'Rework Log'!$B$2:$B$497,_xlpm.sent),_xlpm.tgt,IF(_xlpm.expfix>0,_xlpm.expfix,IF(R3<>"",R3,Q3)),_xlpm.act,IF(AND(S3<>"",S3>=_xlpm.sent),S3,""),IF(_xlpm.tgt="","No target set",IF(AND(_xlpm.tgt<TODAY(),_xlpm.act=""),"Overdue","On track"))),IF(C3="QA",_xlfn.LET(_xlpm.tgt,IF(AM3<>"",AM3,IF(W3<>"",W3,V3)),_xlpm.sent,_xlfn.MAXIFS('Rework Log'!$B$2:$B$497,'Rework Log'!$A$2:$A$497,$B3,'Rework Log'!$C$2:$C$497,"QA"),_xlpm.act,IF(AND(Y3<>"",Y3>=_xlpm.sent),Y3,""),IF(_xlpm.tgt="","No target set",IF(AND(_xlpm.tgt<TODAY(),_xlpm.act=""),"Overdue","On track"))),IF(C3="DPO Approval",_xlfn.LET(_xlpm.tgt,IF(AN3<>"",AN3,IF(AB3<>"",AB3,AA3)),_xlpm.sent,_xlfn.MAXIFS('Rework Log'!$B$2:$B$497,'Rework Log'!$A$2:$A$497,$B3,'Rework Log'!$C$2:$C$497,"DPO*"),_xlpm.act,IF(AND(AC3<>"",AC3>=_xlpm.sent),AC3,""),IF(_xlpm.tgt="","No target set",IF(AND(_xlpm.tgt<TODAY(),_xlpm.act=""),"Overdue","On track"))),IF(C3="RELEASED IN PROD","Delivered","")))))))))} -> Delivered | E3: 2 | H3: 46142 | I3: April | J3: Fetwi | K3: 46122 | M3: 46115 | N3: Curated | P3: Sarath | Q3: 46129 | S3: 46114 | U3: Preety | V3: 46136 | Y3: 46122 | AA3: 46140 | AD3: Kelvin Hu | AE3: compliance | AF3: Yes | AG3: 46122 | AH3: https://app.powerbi.com/groups/me/apps/eedba83d-be9a-45f9-9504-7bfa41e6051a/reports/c0b3f0ae-dedd-485b-8bbc-aa0e5f3fd077/24a66431d0637282f4b7?experience=power-bi | AI3: https://app.powerbi.com/groups/me/apps/2c7180b1-0d3d-45be-979e-f7dc86b3557d/reports/5ffd546f-ad77-4a7f-8e6d-94dc08bef796/24a66431d0637282f4b7?ctid=f98a6a53-25f3-4212-901c-c7787fcd3495&experience=power-bi | AJ3: No | AK3: {=IF($B3="","",_xlfn.LET(_xlpm.nm,$B3,_xlpm.st,$C3,_xlpm.ou,SUMPRODUCT(('Rework Log'!$A$2:$A$497=_xlpm.nm)*('Rework Log'!$G$2:$G$497<>"Yes")*('Rework Log'!$G$2:$G$497<>"Did not pass re-test")*('Rework Log'!$J$2:$J$497="")),_xlpm.ob,SUMPRODUCT(('Rework Log'!$A$2:$A$497=_xlpm.nm)*('Rework Log'!$G$2:$G$497<>"Yes")*('Rework Log'!$G$2:$G$497<>"Did not pass re-test")),_xlpm.oto,IF(SUMPRODUCT(('Rework Log'!$A$2:$A$497=_xlpm.nm)*('Rework Log'!$G$2:$G$497<>"Yes")*('Rework Log'!$G$2:$G$497<>"Did not pass re-test")*('Rework Log'!$J$2:$J$497=""))=0,"",INDEX('Rework Log'!$D$2:$D$497,MATCH(1,('Rework Log'!$A$2:$A$497=_xlpm.nm)*('Rework Log'!$G$2:$G$497<>"Yes")*('Rework Log'!$G$2:$G$497<>"Did not pass re-test")*('Rework Log'!$J$2:$J$497=""),0))),_xlpm.sent,_xlfn.MAXIFS('Rework Log'!$B$2:$B$497,'Rework Log'!$A$2:$A$497,_xlpm.nm),_xlpm.act,_xlfn.IFS(_xlpm.st="NOT STARTED",$M3,_xlpm.st="DB Dev",$M3,_xlpm.st="PBI Dev",$S3,_xlpm.st="QA",$Y3,_xlpm.st="DPO Approval",$AC3,_xlpm.st="Ready for Release in Prod",$AG3,TRUE,""),_xlpm.nxt,_xlfn.IFS(_xlpm.st="NOT STARTED","PBI Dev",_xlpm.st="DB Dev","PBI Dev",_xlpm.st="PBI Dev","QA",_xlpm.st="QA","DPO Approval",_xlpm.st="DPO Approval","Ready for Release in Prod",_xlpm.st="Ready for Release in Prod","RELEASED IN PROD",TRUE,""),IF(AND(_xlpm.ou>0,_xlpm.st<>_xlpm.oto),"Move status back to "&_xlpm.oto,IF(AND(_xlpm.ob=0,LEFT($AJ3,3)="Yes"),"Blocked - log it on Rework Log",IF(AND(_xlpm.ob>0,LEFT($AJ3,3)<>"Yes"),"Open rework row - mark Blocked or close it",IF(AND(_xlpm.ob=0,_xlpm.act<>"",_xlpm.act>=_xlpm.sent,_xlpm.nxt<>""),"Move status to "&_xlpm.nxt,IF(COUNTIF($B$2:$B$528,$B3)>1,"Duplicate name - check row",IF(COUNTIF('Rework Log'!$A$2:$A$497,$B3)>0,"",IF(AND($V3<>"",$K3<>"",$V3<$K3),"QA target is before DB Dev target",IF(AND($V3<>"",$Q3<>"",$V3<$Q3),"QA target is before PBI Dev target",IF(AND($AA3<>"",$V3<>"",$AA3<$V3),"DPO Approval target is before QA target",IF(AND($AG3<>"",$AA3<>"",$AG3<$AA3),"Confirmed Deployed date is before DPO Approval target",""))))))))))))} -> Confirmed Deployed date is before DPO Approval target | AL3: [Historical, April 2026]: QA found an issue - date calendar dimension broken. Fetwi assigned to fix. | AM3: {=_xlfn.LET(_xlpm.rep,$B3,_xlpm.sent,_xlfn.MAXIFS('Rework Log'!$B$2:$B$497,'Rework Log'!$A$2:$A$497,_xlpm.rep,'Rework Log'!$C$2:$C$497,"QA"),_xlpm.fixdate,_xlfn.MAXIFS('Rework Log'!$J$2:$J$497,'Rework Log'!$A$2:$A$497,_xlpm.rep,'Rework Log'!$C$2:$C$497,"QA",'Rework Log'!$B$2:$B$497,_xlpm.sent),_xlpm.expfix,_xlfn.MAXIFS('Rework Log'!$I$2:$I$497,'Rework Log'!$A$2:$A$497,_xlpm.rep,'Rework Log'!$C$2:$C$497,"QA",'Rework Log'!$B$2:$B$497,_xlpm.sent),_xlpm.base,IF(_xlpm.fixdate>0,_xlpm.fixdate,_xlpm.expfix),IF(OR(_xlpm.rep="",_xlpm.sent=0,_xlpm.base=0),"",WORKDAY(_xlpm.base,3)))} | AN3: {=_xlfn.LET(_xlpm.rep,$B3,_xlpm.sent,_xlfn.MAXIFS('Rework Log'!$B$2:$B$497,'Rework Log'!$A$2:$A$497,_xlpm.rep,'Rework Log'!$C$2:$C$497,"DPO*"),_xlpm.fixdate,_xlfn.MAXIFS('Rework Log'!$J$2:$J$497,'Rework Log'!$A$2:$A$497,_xlpm.rep,'Rework Log'!$C$2:$C$497,"DPO*",'Rework Log'!$B$2:$B$497,_xlpm.sent),_xlpm.expfix,_xlfn.MAXIFS('Rework Log'!$I$2:$I$497,'Rework Log'!$A$2:$A$497,_xlpm.rep,'Rework Log'!$C$2:$C$497,"DPO*",'Rework Log'!$B$2:$B$497,_xlpm.sent),_xlpm.base,IF(_xlpm.fixdate>0,_xlpm.fixdate,_xlpm.expfix),IF(OR(_xlpm.rep="",_xlpm.sent=0,_xlpm.base=0),"",WORKDAY(_xlpm.base,7)))}
A4: Leaks | B4: RPT_04_Leak Days Remaining | C4: RELEASED IN PROD | D4: {=IF(AND(C4="Ready for Release in Prod",LEFT($AJ4,3)<>"Yes"),IF(AG4<>"","Delivered","On track"),IF($B4="","",IF(LEFT($AJ4,3)="Yes","Blocked - "&MID($AJ4,7,100)&IF(SUMPRODUCT(('Rework Log'!$A$2:$A$497=$B4)*('Rework Log'!$G$2:$G$497<>"Yes")*('Rework Log'!$G$2:$G$497<>"Did not pass re-test"))=0,"",IF(SUMPRODUCT(MAX((('Rework Log'!$A$2:$A$497=$B4)*('Rework Log'!$G$2:$G$497<>"Yes")*('Rework Log'!$G$2:$G$497<>"Did not pass re-test"))*'Rework Log'!$I$2:$I$497))=0," - unclaimed"," - promised "&TEXT(SUMPRODUCT(MAX((('Rework Log'!$A$2:$A$497=$B4)*('Rework Log'!$G$2:$G$497<>"Yes")*('Rework Log'!$G$2:$G$497<>"Did not pass re-test"))*'Rework Log'!$I$2:$I$497)),"m/d"))),IF(C4="NOT STARTED",IF(H4="","No plan date set",IF(H4<TODAY(),"Review - planned start passed","On track")),IF(C4="DB Dev",_xlfn.LET(_xlpm.sent,_xlfn.MAXIFS('Rework Log'!$B$2:$B$497,'Rework Log'!$A$2:$A$497,$B4,'Rework Log'!$D$2:$D$497,"DB Dev"),_xlpm.expfix,_xlfn.MAXIFS('Rework Log'!$I$2:$I$497,'Rework Log'!$A$2:$A$497,$B4,'Rework Log'!$D$2:$D$497,"DB Dev",'Rework Log'!$B$2:$B$497,_xlpm.sent),_xlpm.tgt,IF(_xlpm.expfix>0,_xlpm.expfix,IF(L4<>"",L4,K4)),_xlpm.act,IF(AND(M4<>"",M4>=_xlpm.sent),M4,""),IF(_xlpm.tgt="","No target set",IF(AND(_xlpm.tgt<TODAY(),_xlpm.act=""),"Overdue","On track"))),IF(C4="PBI Dev",_xlfn.LET(_xlpm.sent,_xlfn.MAXIFS('Rework Log'!$B$2:$B$497,'Rework Log'!$A$2:$A$497,$B4,'Rework Log'!$D$2:$D$497,"PBI Dev"),_xlpm.expfix,_xlfn.MAXIFS('Rework Log'!$I$2:$I$497,'Rework Log'!$A$2:$A$497,$B4,'Rework Log'!$D$2:$D$497,"PBI Dev",'Rework Log'!$B$2:$B$497,_xlpm.sent),_xlpm.tgt,IF(_xlpm.expfix>0,_xlpm.expfix,IF(R4<>"",R4,Q4)),_xlpm.act,IF(AND(S4<>"",S4>=_xlpm.sent),S4,""),IF(_xlpm.tgt="","No target set",IF(AND(_xlpm.tgt<TODAY(),_xlpm.act=""),"Overdue","On track"))),IF(C4="QA",_xlfn.LET(_xlpm.tgt,IF(AM4<>"",AM4,IF(W4<>"",W4,V4)),_xlpm.sent,_xlfn.MAXIFS('Rework Log'!$B$2:$B$497,'Rework Log'!$A$2:$A$497,$B4,'Rework Log'!$C$2:$C$497,"QA"),_xlpm.act,IF(AND(Y4<>"",Y4>=_xlpm.sent),Y4,""),IF(_xlpm.tgt="","No target set",IF(AND(_xlpm.tgt<TODAY(),_xlpm.act=""),"Overdue","On track"))),IF(C4="DPO Approval",_xlfn.LET(_xlpm.tgt,IF(AN4<>"",AN4,IF(AB4<>"",AB4,AA4)),_xlpm.sent,_xlfn.MAXIFS('Rework Log'!$B$2:$B$497,'Rework Log'!$A$2:$A$497,$B4,'Rework Log'!$C$2:$C$497,"DPO*"),_xlpm.act,IF(AND(AC4<>"",AC4>=_xlpm.sent),AC4,""),IF(_xlpm.tgt="","No target set",IF(AND(_xlpm.tgt<TODAY(),_xlpm.act=""),"Overdue","On track"))),IF(C4="RELEASED IN PROD","Delivered","")))))))))} -> Delivered | E4: 3 | H4: 46142 | I4: April | J4: Siva | K4: 46122 | M4: 46115 | N4: Curated | P4: Navya | Q4: 46129 | S4: 46126 | U4: Preety | V4: 46136 | Y4: 46122 | AA4: 46140 | AD4: Kelvin Hu | AE4: compliance | AF4: Yes | AG4: 46122 | AH4: https://app.powerbi.com/groups/me/apps/eedba83d-be9a-45f9-9504-7bfa41e6051a/reports/8b9ae445-3a30-4ae6-a3fa-7a6d8e7ef349/d97da6159d0c87677529?experience=power-bi | AI4: https://app.powerbi.com/groups/me/apps/2c7180b1-0d3d-45be-979e-f7dc86b3557d/reports/848ce65a-4e47-422b-aae5-7ea9e7d68a5f/d97da6159d0c87677529?ctid=f98a6a53-25f3-4212-901c-c7787fcd3495&experience=power-bi | AJ4: No | AK4: {=IF($B4="","",_xlfn.LET(_xlpm.nm,$B4,_xlpm.st,$C4,_xlpm.ou,SUMPRODUCT(('Rework Log'!$A$2:$A$497=_xlpm.nm)*('Rework Log'!$G$2:$G$497<>"Yes")*('Rework Log'!$G$2:$G$497<>"Did not pass re-test")*('Rework Log'!$J$2:$J$497="")),_xlpm.ob,SUMPRODUCT(('Rework Log'!$A$2:$A$497=_xlpm.nm)*('Rework Log'!$G$2:$G$497<>"Yes")*('Rework Log'!$G$2:$G$497<>"Did not pass re-test")),_xlpm.oto,IF(SUMPRODUCT(('Rework Log'!$A$2:$A$497=_xlpm.nm)*('Rework Log'!$G$2:$G$497<>"Yes")*('Rework Log'!$G$2:$G$497<>"Did not pass re-test")*('Rework Log'!$J$2:$J$497=""))=0,"",INDEX('Rework Log'!$D$2:$D$497,MATCH(1,('Rework Log'!$A$2:$A$497=_xlpm.nm)*('Rework Log'!$G$2:$G$497<>"Yes")*('Rework Log'!$G$2:$G$497<>"Did not pass re-test")*('Rework Log'!$J$2:$J$497=""),0))),_xlpm.sent,_xlfn.MAXIFS('Rework Log'!$B$2:$B$497,'Rework Log'!$A$2:$A$497,_xlpm.nm),_xlpm.act,_xlfn.IFS(_xlpm.st="NOT STARTED",$M4,_xlpm.st="DB Dev",$M4,_xlpm.st="PBI Dev",$S4,_xlpm.st="QA",$Y4,_xlpm.st="DPO Approval",$AC4,_xlpm.st="Ready for Release in Prod",$AG4,TRUE,""),_xlpm.nxt,_xlfn.IFS(_xlpm.st="NOT STARTED","PBI Dev",_xlpm.st="DB Dev","PBI Dev",_xlpm.st="PBI Dev","QA",_xlpm.st="QA","DPO Approval",_xlpm.st="DPO Approval","Ready for Release in Prod",_xlpm.st="Ready for Release in Prod","RELEASED IN PROD",TRUE,""),IF(AND(_xlpm.ou>0,_xlpm.st<>_xlpm.oto),"Move status back to "&_xlpm.oto,IF(AND(_xlpm.ob=0,LEFT($AJ4,3)="Yes"),"Blocked - log it on Rework Log",IF(AND(_xlpm.ob>0,LEFT($AJ4,3)<>"Yes"),"Open rework row - mark Blocked or close it",IF(AND(_xlpm.ob=0,_xlpm.act<>"",_xlpm.act>=_xlpm.sent,_xlpm.nxt<>""),"Move status to "&_xlpm.nxt,IF(COUNTIF($B$2:$B$528,$B4)>1,"Duplicate name - check row",IF(COUNTIF('Rework Log'!$A$2:$A$497,$B4)>0,"",IF(AND($V4<>"",$K4<>"",$V4<$K4),"QA target is before DB Dev target",IF(AND($V4<>"",$Q4<>"",$V4<$Q4),"QA target is before PBI Dev target",IF(AND($AA4<>"",$V4<>"",$AA4<$V4),"DPO Approval target is before QA target",IF(AND($AG4<>"",$AA4<>"",$AG4<$AA4),"Confirmed Deployed date is before DPO Approval target",""))))))))))))} -> Confirmed Deployed date is before DPO Approval target | AL4: 16/04 - Testing completed in QA and created defect https://jira.prod.nationalgrid.com/browse/GDMP-2186; ETA -04/24 | AM4: {=_xlfn.LET(_xlpm.rep,$B4,_xlpm.sent,_xlfn.MAXIFS('Rework Log'!$B$2:$B$497,'Rework Log'!$A$2:$A$497,_xlpm.rep,'Rework Log'!$C$2:$C$497,"QA"),_xlpm.fixdate,_xlfn.MAXIFS('Rework Log'!$J$2:$J$497,'Rework Log'!$A$2:$A$497,_xlpm.rep,'Rework Log'!$C$2:$C$497,"QA",'Rework Log'!$B$2:$B$497,_xlpm.sent),_xlpm.expfix,_xlfn.MAXIFS('Rework Log'!$I$2:$I$497,'Rework Log'!$A$2:$A$497,_xlpm.rep,'Rework Log'!$C$2:$C$497,"QA",'Rework Log'!$B$2:$B$497,_xlpm.sent),_xlpm.base,IF(_xlpm.fixdate>0,_xlpm.fixdate,_xlpm.expfix),IF(OR(_xlpm.rep="",_xlpm.sent=0,_xlpm.base=0),"",WORKDAY(_xlpm.base,3)))} | AN4: {=_xlfn.LET(_xlpm.rep,$B4,_xlpm.sent,_xlfn.MAXIFS('Rework Log'!$B$2:$B$497,'Rework Log'!$A$2:$A$497,_xlpm.rep,'Rework Log'!$C$2:$C$497,"DPO*"),_xlpm.fixdate,_xlfn.MAXIFS('Rework Log'!$J$2:$J$497,'Rework Log'!$A$2:$A$497,_xlpm.rep,'Rework Log'!$C$2:$C$497,"DPO*",'Rework Log'!$B$2:$B$497,_xlpm.sent),_xlpm.expfix,_xlfn.MAXIFS('Rework Log'!$I$2:$I$497,'Rework Log'!$A$2:$A$497,_xlpm.rep,'Rework Log'!$C$2:$C$497,"DPO*",'Rework Log'!$B$2:$B$497,_xlpm.sent),_xlpm.base,IF(_xlpm.fixdate>0,_xlpm.fixdate,_xlpm.expfix),IF(OR(_xlpm.rep="",_xlpm.sent=0,_xlpm.base=0),"",WORKDAY(_xlpm.base,7)))}
A5: Leaks | B5: RPT_04_Cleared Leaks | C5: RELEASED IN PROD | D5: {=IF(AND(C5="Ready for Release in Prod",LEFT($AJ5,3)<>"Yes"),IF(AG5<>"","Delivered","On track"),IF($B5="","",IF(LEFT($AJ5,3)="Yes","Blocked - "&MID($AJ5,7,100)&IF(SUMPRODUCT(('Rework Log'!$A$2:$A$497=$B5)*('Rework Log'!$G$2:$G$497<>"Yes")*('Rework Log'!$G$2:$G$497<>"Did not pass re-test"))=0,"",IF(SUMPRODUCT(MAX((('Rework Log'!$A$2:$A$497=$B5)*('Rework Log'!$G$2:$G$497<>"Yes")*('Rework Log'!$G$2:$G$497<>"Did not pass re-test"))*'Rework Log'!$I$2:$I$497))=0," - unclaimed"," - promised "&TEXT(SUMPRODUCT(MAX((('Rework Log'!$A$2:$A$497=$B5)*('Rework Log'!$G$2:$G$497<>"Yes")*('Rework Log'!$G$2:$G$497<>"Did not pass re-test"))*'Rework Log'!$I$2:$I$497)),"m/d"))),IF(C5="NOT STARTED",IF(H5="","No plan date set",IF(H5<TODAY(),"Review - planned start passed","On track")),IF(C5="DB Dev",_xlfn.LET(_xlpm.sent,_xlfn.MAXIFS('Rework Log'!$B$2:$B$497,'Rework Log'!$A$2:$A$497,$B5,'Rework Log'!$D$2:$D$497,"DB Dev"),_xlpm.expfix,_xlfn.MAXIFS('Rework Log'!$I$2:$I$497,'Rework Log'!$A$2:$A$497,$B5,'Rework Log'!$D$2:$D$497,"DB Dev",'Rework Log'!$B$2:$B$497,_xlpm.sent),_xlpm.tgt,IF(_xlpm.expfix>0,_xlpm.expfix,IF(L5<>"",L5,K5)),_xlpm.act,IF(AND(M5<>"",M5>=_xlpm.sent),M5,""),IF(_xlpm.tgt="","No target set",IF(AND(_xlpm.tgt<TODAY(),_xlpm.act=""),"Overdue","On track"))),IF(C5="PBI Dev",_xlfn.LET(_xlpm.sent,_xlfn.MAXIFS('Rework Log'!$B$2:$B$497,'Rework Log'!$A$2:$A$497,$B5,'Rework Log'!$D$2:$D$497,"PBI Dev"),_xlpm.expfix,_xlfn.MAXIFS('Rework Log'!$I$2:$I$497,'Rework Log'!$A$2:$A$497,$B5,'Rework Log'!$D$2:$D$497,"PBI Dev",'Rework Log'!$B$2:$B$497,_xlpm.sent),_xlpm.tgt,IF(_xlpm.expfix>0,_xlpm.expfix,IF(R5<>"",R5,Q5)),_xlpm.act,IF(AND(S5<>"",S5>=_xlpm.sent),S5,""),IF(_xlpm.tgt="","No target set",IF(AND(_xlpm.tgt<TODAY(),_xlpm.act=""),"Overdue","On track"))),IF(C5="QA",_xlfn.LET(_xlpm.tgt,IF(AM5<>"",AM5,IF(W5<>"",W5,V5)),_xlpm.sent,_xlfn.MAXIFS('Rework Log'!$B$2:$B$497,'Rework Log'!$A$2:$A$497,$B5,'Rework Log'!$C$2:$C$497,"QA"),_xlpm.act,IF(AND(Y5<>"",Y5>=_xlpm.sent),Y5,""),IF(_xlpm.tgt="","No target set",IF(AND(_xlpm.tgt<TODAY(),_xlpm.act=""),"Overdue","On track"))),IF(C5="DPO Approval",_xlfn.LET(_xlpm.tgt,IF(AN5<>"",AN5,IF(AB5<>"",AB5,AA5)),_xlpm.sent,_xlfn.MAXIFS('Rework Log'!$B$2:$B$497,'Rework Log'!$A$2:$A$497,$B5,'Rework Log'!$C$2:$C$497,"DPO*"),_xlpm.act,IF(AND(AC5<>"",AC5>=_xlpm.sent),AC5,""),IF(_xlpm.tgt="","No target set",IF(AND(_xlpm.tgt<TODAY(),_xlpm.act=""),"Overdue","On track"))),IF(C5="RELEASED IN PROD","Delivered","")))))))))} -> Delivered | E5: 4 | H5: 46142 | I5: April | J5: Sree | K5: 46122 | M5: 46115 | N5: Curated | P5: Sarath | Q5: 46129 | S5: 46120 | U5: Preety | V5: 46136 | Y5: 46122 | AA5: 46140 | AD5: Kelvin Hu | AE5: compliance | AF5: Yes | AG5: 46122 | AH5: https://app.powerbi.com/groups/me/apps/eedba83d-be9a-45f9-9504-7bfa41e6051a/reports/938a9ba1-8138-440e-842a-d9a679933d8c/44bb4fce98fafb2cace2?experience=power-bi | AI5: https://app.powerbi.com/groups/me/apps/2c7180b1-0d3d-45be-979e-f7dc86b3557d/reports/677c6418-6db8-4ebf-9323-65be4cb2c960/ea184ec020032ecbdd43?ctid=f98a6a53-25f3-4212-901c-c7787fcd3495&experience=power-bi | AJ5: No | AK5: {=IF($B5="","",_xlfn.LET(_xlpm.nm,$B5,_xlpm.st,$C5,_xlpm.ou,SUMPRODUCT(('Rework Log'!$A$2:$A$497=_xlpm.nm)*('Rework Log'!$G$2:$G$497<>"Yes")*('Rework Log'!$G$2:$G$497<>"Did not pass re-test")*('Rework Log'!$J$2:$J$497="")),_xlpm.ob,SUMPRODUCT(('Rework Log'!$A$2:$A$497=_xlpm.nm)*('Rework Log'!$G$2:$G$497<>"Yes")*('Rework Log'!$G$2:$G$497<>"Did not pass re-test")),_xlpm.oto,IF(SUMPRODUCT(('Rework Log'!$A$2:$A$497=_xlpm.nm)*('Rework Log'!$G$2:$G$497<>"Yes")*('Rework Log'!$G$2:$G$497<>"Did not pass re-test")*('Rework Log'!$J$2:$J$497=""))=0,"",INDEX('Rework Log'!$D$2:$D$497,MATCH(1,('Rework Log'!$A$2:$A$497=_xlpm.nm)*('Rework Log'!$G$2:$G$497<>"Yes")*('Rework Log'!$G$2:$G$497<>"Did not pass re-test")*('Rework Log'!$J$2:$J$497=""),0))),_xlpm.sent,_xlfn.MAXIFS('Rework Log'!$B$2:$B$497,'Rework Log'!$A$2:$A$497,_xlpm.nm),_xlpm.act,_xlfn.IFS(_xlpm.st="NOT STARTED",$M5,_xlpm.st="DB Dev",$M5,_xlpm.st="PBI Dev",$S5,_xlpm.st="QA",$Y5,_xlpm.st="DPO Approval",$AC5,_xlpm.st="Ready for Release in Prod",$AG5,TRUE,""),_xlpm.nxt,_xlfn.IFS(_xlpm.st="NOT STARTED","PBI Dev",_xlpm.st="DB Dev","PBI Dev",_xlpm.st="PBI Dev","QA",_xlpm.st="QA","DPO Approval",_xlpm.st="DPO Approval","Ready for Release in Prod",_xlpm.st="Ready for Release in Prod","RELEASED IN PROD",TRUE,""),IF(AND(_xlpm.ou>0,_xlpm.st<>_xlpm.oto),"Move status back to "&_xlpm.oto,IF(AND(_xlpm.ob=0,LEFT($AJ5,3)="Yes"),"Blocked - log it on Rework Log",IF(AND(_xlpm.ob>0,LEFT($AJ5,3)<>"Yes"),"Open rework row - mark Blocked or close it",IF(AND(_xlpm.ob=0,_xlpm.act<>"",_xlpm.act>=_xlpm.sent,_xlpm.nxt<>""),"Move status to "&_xlpm.nxt,IF(COUNTIF($B$2:$B$528,$B5)>1,"Duplicate name - check row",IF(COUNTIF('Rework Log'!$A$2:$A$497,$B5)>0,"",IF(AND($V5<>"",$K5<>"",$V5<$K5),"QA target is before DB Dev target",IF(AND($V5<>"",$Q5<>"",$V5<$Q5),"QA target is before PBI Dev target",IF(AND($AA5<>"",$V5<>"",$AA5<$V5),"DPO Approval target is before QA target",IF(AND($AG5<>"",$AA5<>"",$AG5<$AA5),"Confirmed Deployed date is before DPO Approval target",""))))))))))))} -> Confirmed Deployed date is before DPO Approval target | AL5: [Historical, April 2026]: L_GRO_NUMBER columns had an issue in QA - DB team assigned to fix. | AM5: {=_xlfn.LET(_xlpm.rep,$B5,_xlpm.sent,_xlfn.MAXIFS('Rework Log'!$B$2:$B$497,'Rework Log'!$A$2:$A$497,_xlpm.rep,'Rework Log'!$C$2:$C$497,"QA"),_xlpm.fixdate,_xlfn.MAXIFS('Rework Log'!$J$2:$J$497,'Rework Log'!$A$2:$A$497,_xlpm.rep,'Rework Log'!$C$2:$C$497,"QA",'Rework Log'!$B$2:$B$497,_xlpm.sent),_xlpm.expfix,_xlfn.MAXIFS('Rework Log'!$I$2:$I$497,'Rework Log'!$A$2:$A$497,_xlpm.rep,'Rework Log'!$C$2:$C$497,"QA",'Rework Log'!$B$2:$B$497,_xlpm.sent),_xlpm.base,IF(_xlpm.fixdate>0,_xlpm.fixdate,_xlpm.expfix),IF(OR(_xlpm.rep="",_xlpm.sent=0,_xlpm.base=0),"",WORKDAY(_xlpm.base,3)))} | AN5: {=_xlfn.LET(_xlpm.rep,$B5,_xlpm.sent,_xlfn.MAXIFS('Rework Log'!$B$2:$B$497,'Rework Log'!$A$2:$A$497,_xlpm.rep,'Rework Log'!$C$2:$C$497,"DPO*"),_xlpm.fixdate,_xlfn.MAXIFS('Rework Log'!$J$2:$J$497,'Rework Log'!$A$2:$A$497,_xlpm.rep,'Rework Log'!$C$2:$C$497,"DPO*",'Rework Log'!$B$2:$B$497,_xlpm.sent),_xlpm.expfix,_xlfn.MAXIFS('Rework Log'!$I$2:$I$497,'Rework Log'!$A$2:$A$497,_xlpm.rep,'Rework Log'!$C$2:$C$497,"DPO*",'Rework Log'!$B$2:$B$497,_xlpm.sent),_xlpm.base,IF(_xlpm.fixdate>0,_xlpm.fixdate,_xlpm.expfix),IF(OR(_xlpm.rep="",_xlpm.sent=0,_xlpm.base=0),"",WORKDAY(_xlpm.base,7)))}
A6: Leaks | B6: RPT_04_Leaks Repaired Detail | C6: RELEASED IN PROD | D6: {=IF(AND(C6="Ready for Release in Prod",LEFT($AJ6,3)<>"Yes"),IF(AG6<>"","Delivered","On track"),IF($B6="","",IF(LEFT($AJ6,3)="Yes","Blocked - "&MID($AJ6,7,100)&IF(SUMPRODUCT(('Rework Log'!$A$2:$A$497=$B6)*('Rework Log'!$G$2:$G$497<>"Yes")*('Rework Log'!$G$2:$G$497<>"Did not pass re-test"))=0,"",IF(SUMPRODUCT(MAX((('Rework Log'!$A$2:$A$497=$B6)*('Rework Log'!$G$2:$G$497<>"Yes")*('Rework Log'!$G$2:$G$497<>"Did not pass re-test"))*'Rework Log'!$I$2:$I$497))=0," - unclaimed"," - promised "&TEXT(SUMPRODUCT(MAX((('Rework Log'!$A$2:$A$497=$B6)*('Rework Log'!$G$2:$G$497<>"Yes")*('Rework Log'!$G$2:$G$497<>"Did not pass re-test"))*'Rework Log'!$I$2:$I$497)),"m/d"))),IF(C6="NOT STARTED",IF(H6="","No plan date set",IF(H6<TODAY(),"Review - planned start passed","On track")),IF(C6="DB Dev",_xlfn.LET(_xlpm.sent,_xlfn.MAXIFS('Rework Log'!$B$2:$B$497,'Rework Log'!$A$2:$A$497,$B6,'Rework Log'!$D$2:$D$497,"DB Dev"),_xlpm.expfix,_xlfn.MAXIFS('Rework Log'!$I$2:$I$497,'Rework Log'!$A$2:$A$497,$B6,'Rework Log'!$D$2:$D$497,"DB Dev",'Rework Log'!$B$2:$B$497,_xlpm.sent),_xlpm.tgt,IF(_xlpm.expfix>0,_xlpm.expfix,IF(L6<>"",L6,K6)),_xlpm.act,IF(AND(M6<>"",M6>=_xlpm.sent),M6,""),IF(_xlpm.tgt="","No target set",IF(AND(_xlpm.tgt<TODAY(),_xlpm.act=""),"Overdue","On track"))),IF(C6="PBI Dev",_xlfn.LET(_xlpm.sent,_xlfn.MAXIFS('Rework Log'!$B$2:$B$497,'Rework Log'!$A$2:$A$497,$B6,'Rework Log'!$D$2:$D$497,"PBI Dev"),_xlpm.expfix,_xlfn.MAXIFS('Rework Log'!$I$2:$I$497,'Rework Log'!$A$2:$A$497,$B6,'Rework Log'!$D$2:$D$497,"PBI Dev",'Rework Log'!$B$2:$B$497,_xlpm.sent),_xlpm.tgt,IF(_xlpm.expfix>0,_xlpm.expfix,IF(R6<>"",R6,Q6)),_xlpm.act,IF(AND(S6<>"",S6>=_xlpm.sent),S6,""),IF(_xlpm.tgt="","No target set",IF(AND(_xlpm.tgt<TODAY(),_xlpm.act=""),"Overdue","On track"))),IF(C6="QA",_xlfn.LET(_xlpm.tgt,IF(AM6<>"",AM6,IF(W6<>"",W6,V6)),_xlpm.sent,_xlfn.MAXIFS('Rework Log'!$B$2:$B$497,'Rework Log'!$A$2:$A$497,$B6,'Rework Log'!$C$2:$C$497,"QA"),_xlpm.act,IF(AND(Y6<>"",Y6>=_xlpm.sent),Y6,""),IF(_xlpm.tgt="","No target set",IF(AND(_xlpm.tgt<TODAY(),_xlpm.act=""),"Overdue","On track"))),IF(C6="DPO Approval",_xlfn.LET(_xlpm.tgt,IF(AN6<>"",AN6,IF(AB6<>"",AB6,AA6)),_xlpm.sent,_xlfn.MAXIFS('Rework Log'!$B$2:$B$497,'Rework Log'!$A$2:$A$497,$B6,'Rework Log'!$C$2:$C$497,"DPO*"),_xlpm.act,IF(AND(AC6<>"",AC6>=_xlpm.sent),AC6,""),IF(_xlpm.tgt="","No target set",IF(AND(_xlpm.tgt<TODAY(),_xlpm.act=""),"Overdue","On track"))),IF(C6="RELEASED IN PROD","Delivered","")))))))))} -> Delivered | E6: 5 | H6: 46142 | I6: April | N6: Curated | AD6: Kelvin Hu | AE6: compliance | AF6: Yes | AG6: 46142 | AK6: {=IF($B6="","",_xlfn.LET(_xlpm.nm,$B6,_xlpm.st,$C6,_xlpm.ou,SUMPRODUCT(('Rework Log'!$A$2:$A$497=_xlpm.nm)*('Rework Log'!$G$2:$G$497<>"Yes")*('Rework Log'!$G$2:$G$497<>"Did not pass re-test")*('Rework Log'!$J$2:$J$497="")),_xlpm.ob,SUMPRODUCT(('Rework Log'!$A$2:$A$497=_xlpm.nm)*('Rework Log'!$G$2:$G$497<>"Yes")*('Rework Log'!$G$2:$G$497<>"Did not pass re-test")),_xlpm.oto,IF(SUMPRODUCT(('Rework Log'!$A$2:$A$497=_xlpm.nm)*('Rework Log'!$G$2:$G$497<>"Yes")*('Rework Log'!$G$2:$G$497<>"Did not pass re-test")*('Rework Log'!$J$2:$J$497=""))=0,"",INDEX('Rework Log'!$D$2:$D$497,MATCH(1,('Rework Log'!$A$2:$A$497=_xlpm.nm)*('Rework Log'!$G$2:$G$497<>"Yes")*('Rework Log'!$G$2:$G$497<>"Did not pass re-test")*('Rework Log'!$J$2:$J$497=""),0))),_xlpm.sent,_xlfn.MAXIFS('Rework Log'!$B$2:$B$497,'Rework Log'!$A$2:$A$497,_xlpm.nm),_xlpm.act,_xlfn.IFS(_xlpm.st="NOT STARTED",$M6,_xlpm.st="DB Dev",$M6,_xlpm.st="PBI Dev",$S6,_xlpm.st="QA",$Y6,_xlpm.st="DPO Approval",$AC6,_xlpm.st="Ready for Release in Prod",$AG6,TRUE,""),_xlpm.nxt,_xlfn.IFS(_xlpm.st="NOT STARTED","PBI Dev",_xlpm.st="DB Dev","PBI Dev",_xlpm.st="PBI Dev","QA",_xlpm.st="QA","DPO Approval",_xlpm.st="DPO Approval","Ready for Release in Prod",_xlpm.st="Ready for Release in Prod","RELEASED IN PROD",TRUE,""),IF(AND(_xlpm.ou>0,_xlpm.st<>_xlpm.oto),"Move status back to "&_xlpm.oto,IF(AND(_xlpm.ob=0,LEFT($AJ6,3)="Yes"),"Blocked - log it on Rework Log",IF(AND(_xlpm.ob>0,LEFT($AJ6,3)<>"Yes"),"Open rework row - mark Blocked or close it",IF(AND(_xlpm.ob=0,_xlpm.act<>"",_xlpm.act>=_xlpm.sent,_xlpm.nxt<>""),"Move status to "&_xlpm.nxt,IF(COUNTIF($B$2:$B$528,$B6)>1,"Duplicate name - check row",IF(COUNTIF('Rework Log'!$A$2:$A$497,$B6)>0,"",IF(AND($V6<>"",$K6<>"",$V6<$K6),"QA target is before DB Dev target",IF(AND($V6<>"",$Q6<>"",$V6<$Q6),"QA target is before PBI Dev target",IF(AND($AA6<>"",$V6<>"",$AA6<$V6),"DPO Approval target is before QA target",IF(AND($AG6<>"",$AA6<>"",$AG6<$AA6),"Confirmed Deployed date is before DPO Approval target",""))))))))))))} | AM6: {=_xlfn.LET(_xlpm.rep,$B6,_xlpm.sent,_xlfn.MAXIFS('Rework Log'!$B$2:$B$497,'Rework Log'!$A$2:$A$497,_xlpm.rep,'Rework Log'!$C$2:$C$497,"QA"),_xlpm.fixdate,_xlfn.MAXIFS('Rework Log'!$J$2:$J$497,'Rework Log'!$A$2:$A$497,_xlpm.rep,'Rework Log'!$C$2:$C$497,"QA",'Rework Log'!$B$2:$B$497,_xlpm.sent),_xlpm.expfix,_xlfn.MAXIFS('Rework Log'!$I$2:$I$497,'Rework Log'!$A$2:$A$497,_xlpm.rep,'Rework Log'!$C$2:$C$497,"QA",'Rework Log'!$B$2:$B$497,_xlpm.sent),_xlpm.base,IF(_xlpm.fixdate>0,_xlpm.fixdate,_xlpm.expfix),IF(OR(_xlpm.rep="",_xlpm.sent=0,_xlpm.base=0),"",WORKDAY(_xlpm.base,3)))} | AN6: {=_xlfn.LET(_xlpm.rep,$B6,_xlpm.sent,_xlfn.MAXIFS('Rework Log'!$B$2:$B$497,'Rework Log'!$A$2:$A$497,_xlpm.rep,'Rework Log'!$C$2:$C$497,"DPO*"),_xlpm.fixdate,_xlfn.MAXIFS('Rework Log'!$J$2:$J$497,'Rework Log'!$A$2:$A$497,_xlpm.rep,'Rework Log'!$C$2:$C$497,"DPO*",'Rework Log'!$B$2:$B$497,_xlpm.sent),_xlpm.expfix,_xlfn.MAXIFS('Rework Log'!$I$2:$I$497,'Rework Log'!$A$2:$A$497,_xlpm.rep,'Rework Log'!$C$2:$C$497,"DPO*",'Rework Log'!$B$2:$B$497,_xlpm.sent),_xlpm.base,IF(_xlpm.fixdate>0,_xlpm.fixdate,_xlpm.expfix),IF(OR(_xlpm.rep="",_xlpm.sent=0,_xlpm.base=0),"",WORKDAY(_xlpm.base,7)))}
A7: Leaks | B7: RPT_04_Leaks Aging | C7: RELEASED IN PROD | D7: {=IF(AND(C7="Ready for Release in Prod",LEFT($AJ7,3)<>"Yes"),IF(AG7<>"","Delivered","On track"),IF($B7="","",IF(LEFT($AJ7,3)="Yes","Blocked - "&MID($AJ7,7,100)&IF(SUMPRODUCT(('Rework Log'!$A$2:$A$497=$B7)*('Rework Log'!$G$2:$G$497<>"Yes")*('Rework Log'!$G$2:$G$497<>"Did not pass re-test"))=0,"",IF(SUMPRODUCT(MAX((('Rework Log'!$A$2:$A$497=$B7)*('Rework Log'!$G$2:$G$497<>"Yes")*('Rework Log'!$G$2:$G$497<>"Did not pass re-test"))*'Rework Log'!$I$2:$I$497))=0," - unclaimed"," - promised "&TEXT(SUMPRODUCT(MAX((('Rework Log'!$A$2:$A$497=$B7)*('Rework Log'!$G$2:$G$497<>"Yes")*('Rework Log'!$G$2:$G$497<>"Did not pass re-test"))*'Rework Log'!$I$2:$I$497)),"m/d"))),IF(C7="NOT STARTED",IF(H7="","No plan date set",IF(H7<TODAY(),"Review - planned start passed","On track")),IF(C7="DB Dev",_xlfn.LET(_xlpm.sent,_xlfn.MAXIFS('Rework Log'!$B$2:$B$497,'Rework Log'!$A$2:$A$497,$B7,'Rework Log'!$D$2:$D$497,"DB Dev"),_xlpm.expfix,_xlfn.MAXIFS('Rework Log'!$I$2:$I$497,'Rework Log'!$A$2:$A$497,$B7,'Rework Log'!$D$2:$D$497,"DB Dev",'Rework Log'!$B$2:$B$497,_xlpm.sent),_xlpm.tgt,IF(_xlpm.expfix>0,_xlpm.expfix,IF(L7<>"",L7,K7)),_xlpm.act,IF(AND(M7<>"",M7>=_xlpm.sent),M7,""),IF(_xlpm.tgt="","No target set",IF(AND(_xlpm.tgt<TODAY(),_xlpm.act=""),"Overdue","On track"))),IF(C7="PBI Dev",_xlfn.LET(_xlpm.sent,_xlfn.MAXIFS('Rework Log'!$B$2:$B$497,'Rework Log'!$A$2:$A$497,$B7,'Rework Log'!$D$2:$D$497,"PBI Dev"),_xlpm.expfix,_xlfn.MAXIFS('Rework Log'!$I$2:$I$497,'Rework Log'!$A$2:$A$497,$B7,'Rework Log'!$D$2:$D$497,"PBI Dev",'Rework Log'!$B$2:$B$497,_xlpm.sent),_xlpm.tgt,IF(_xlpm.expfix>0,_xlpm.expfix,IF(R7<>"",R7,Q7)),_xlpm.act,IF(AND(S7<>"",S7>=_xlpm.sent),S7,""),IF(_xlpm.tgt="","No target set",IF(AND(_xlpm.tgt<TODAY(),_xlpm.act=""),"Overdue","On track"))),IF(C7="QA",_xlfn.LET(_xlpm.tgt,IF(AM7<>"",AM7,IF(W7<>"",W7,V7)),_xlpm.sent,_xlfn.MAXIFS('Rework Log'!$B$2:$B$497,'Rework Log'!$A$2:$A$497,$B7,'Rework Log'!$C$2:$C$497,"QA"),_xlpm.act,IF(AND(Y7<>"",Y7>=_xlpm.sent),Y7,""),IF(_xlpm.tgt="","No target set",IF(AND(_xlpm.tgt<TODAY(),_xlpm.act=""),"Overdue","On track"))),IF(C7="DPO Approval",_xlfn.LET(_xlpm.tgt,IF(AN7<>"",AN7,IF(AB7<>"",AB7,AA7)),_xlpm.sent,_xlfn.MAXIFS('Rework Log'!$B$2:$B$497,'Rework Log'!$A$2:$A$497,$B7,'Rework Log'!$C$2:$C$497,"DPO*"),_xlpm.act,IF(AND(AC7<>"",AC7>=_xlpm.sent),AC7,""),IF(_xlpm.tgt="","No target set",IF(AND(_xlpm.tgt<TODAY(),_xlpm.act=""),"Overdue","On track"))),IF(C7="RELEASED IN PROD","Delivered","")))))))))} -> Delivered | E7: 6 | H7: 46142 | I7: April | N7: Curated | AD7: Kelvin Hu | AE7: compliance | AF7: Yes | AG7: 46142 | AK7: {=IF($B7="","",_xlfn.LET(_xlpm.nm,$B7,_xlpm.st,$C7,_xlpm.ou,SUMPRODUCT(('Rework Log'!$A$2:$A$497=_xlpm.nm)*('Rework Log'!$G$2:$G$497<>"Yes")*('Rework Log'!$G$2:$G$497<>"Did not pass re-test")*('Rework Log'!$J$2:$J$497="")),_xlpm.ob,SUMPRODUCT(('Rework Log'!$A$2:$A$497=_xlpm.nm)*('Rework Log'!$G$2:$G$497<>"Yes")*('Rework Log'!$G$2:$G$497<>"Did not pass re-test")),_xlpm.oto,IF(SUMPRODUCT(('Rework Log'!$A$2:$A$497=_xlpm.nm)*('Rework Log'!$G$2:$G$497<>"Yes")*('Rework Log'!$G$2:$G$497<>"Did not pass re-test")*('Rework Log'!$J$2:$J$497=""))=0,"",INDEX('Rework Log'!$D$2:$D$497,MATCH(1,('Rework Log'!$A$2:$A$497=_xlpm.nm)*('Rework Log'!$G$2:$G$497<>"Yes")*('Rework Log'!$G$2:$G$497<>"Did not pass re-test")*('Rework Log'!$J$2:$J$497=""),0))),_xlpm.sent,_xlfn.MAXIFS('Rework Log'!$B$2:$B$497,'Rework Log'!$A$2:$A$497,_xlpm.nm),_xlpm.act,_xlfn.IFS(_xlpm.st="NOT STARTED",$M7,_xlpm.st="DB Dev",$M7,_xlpm.st="PBI Dev",$S7,_xlpm.st="QA",$Y7,_xlpm.st="DPO Approval",$AC7,_xlpm.st="Ready for Release in Prod",$AG7,TRUE,""),_xlpm.nxt,_xlfn.IFS(_xlpm.st="NOT STARTED","PBI Dev",_xlpm.st="DB Dev","PBI Dev",_xlpm.st="PBI Dev","QA",_xlpm.st="QA","DPO Approval",_xlpm.st="DPO Approval","Ready for Release in Prod",_xlpm.st="Ready for Release in Prod","RELEASED IN PROD",TRUE,""),IF(AND(_xlpm.ou>0,_xlpm.st<>_xlpm.oto),"Move status back to "&_xlpm.oto,IF(AND(_xlpm.ob=0,LEFT($AJ7,3)="Yes"),"Blocked - log it on Rework Log",IF(AND(_xlpm.ob>0,LEFT($AJ7,3)<>"Yes"),"Open rework row - mark Blocked or close it",IF(AND(_xlpm.ob=0,_xlpm.act<>"",_xlpm.act>=_xlpm.sent,_xlpm.nxt<>""),"Move status to "&_xlpm.nxt,IF(COUNTIF($B$2:$B$528,$B7)>1,"Duplicate name - check row",IF(COUNTIF('Rework Log'!$A$2:$A$497,$B7)>0,"",IF(AND($V7<>"",$K7<>"",$V7<$K7),"QA target is before DB Dev target",IF(AND($V7<>"",$Q7<>"",$V7<$Q7),"QA target is before PBI Dev target",IF(AND($AA7<>"",$V7<>"",$AA7<$V7),"DPO Approval target is before QA target",IF(AND($AG7<>"",$AA7<>"",$AG7<$AA7),"Confirmed Deployed date is before DPO Approval target",""))))))))))))} | AM7: {=_xlfn.LET(_xlpm.rep,$B7,_xlpm.sent,_xlfn.MAXIFS('Rework Log'!$B$2:$B$497,'Rework Log'!$A$2:$A$497,_xlpm.rep,'Rework Log'!$C$2:$C$497,"QA"),_xlpm.fixdate,_xlfn.MAXIFS('Rework Log'!$J$2:$J$497,'Rework Log'!$A$2:$A$497,_xlpm.rep,'Rework Log'!$C$2:$C$497,"QA",'Rework Log'!$B$2:$B$497,_xlpm.sent),_xlpm.expfix,_xlfn.MAXIFS('Rework Log'!$I$2:$I$497,'Rework Log'!$A$2:$A$497,_xlpm.rep,'Rework Log'!$C$2:$C$497,"QA",'Rework Log'!$B$2:$B$497,_xlpm.sent),_xlpm.base,IF(_xlpm.fixdate>0,_xlpm.fixdate,_xlpm.expfix),IF(OR(_xlpm.rep="",_xlpm.sent=0,_xlpm.base=0),"",WORKDAY(_xlpm.base,3)))} | AN7: {=_xlfn.LET(_xlpm.rep,$B7,_xlpm.sent,_xlfn.MAXIFS('Rework Log'!$B$2:$B$497,'Rework Log'!$A$2:$A$497,_xlpm.rep,'Rework Log'!$C$2:$C$497,"DPO*"),_xlpm.fixdate,_xlfn.MAXIFS('Rework Log'!$J$2:$J$497,'Rework Log'!$A$2:$A$497,_xlpm.rep,'Rework Log'!$C$2:$C$497,"DPO*",'Rework Log'!$B$2:$B$497,_xlpm.sent),_xlpm.expfix,_xlfn.MAXIFS('Rework Log'!$I$2:$I$497,'Rework Log'!$A$2:$A$497,_xlpm.rep,'Rework Log'!$C$2:$C$497,"DPO*",'Rework Log'!$B$2:$B$497,_xlpm.sent),_xlpm.base,IF(_xlpm.fixdate>0,_xlpm.fixdate,_xlpm.expfix),IF(OR(_xlpm.rep="",_xlpm.sent=0,_xlpm.base=0),"",WORKDAY(_xlpm.base,7)))}
A8: Leaks | B8: RPT_04_Prior Leak Readings | C8: RELEASED IN PROD | D8: {=IF(AND(C8="Ready for Release in Prod",LEFT($AJ8,3)<>"Yes"),IF(AG8<>"","Delivered","On track"),IF($B8="","",IF(LEFT($AJ8,3)="Yes","Blocked - "&MID($AJ8,7,100)&IF(SUMPRODUCT(('Rework Log'!$A$2:$A$497=$B8)*('Rework Log'!$G$2:$G$497<>"Yes")*('Rework Log'!$G$2:$G$497<>"Did not pass re-test"))=0,"",IF(SUMPRODUCT(MAX((('Rework Log'!$A$2:$A$497=$B8)*('Rework Log'!$G$2:$G$497<>"Yes")*('Rework Log'!$G$2:$G$497<>"Did not pass re-test"))*'Rework Log'!$I$2:$I$497))=0," - unclaimed"," - promised "&TEXT(SUMPRODUCT(MAX((('Rework Log'!$A$2:$A$497=$B8)*('Rework Log'!$G$2:$G$497<>"Yes")*('Rework Log'!$G$2:$G$497<>"Did not pass re-test"))*'Rework Log'!$I$2:$I$497)),"m/d"))),IF(C8="NOT STARTED",IF(H8="","No plan date set",IF(H8<TODAY(),"Review - planned start passed","On track")),IF(C8="DB Dev",_xlfn.LET(_xlpm.sent,_xlfn.MAXIFS('Rework Log'!$B$2:$B$497,'Rework Log'!$A$2:$A$497,$B8,'Rework Log'!$D$2:$D$497,"DB Dev"),_xlpm.expfix,_xlfn.MAXIFS('Rework Log'!$I$2:$I$497,'Rework Log'!$A$2:$A$497,$B8,'Rework Log'!$D$2:$D$497,"DB Dev",'Rework Log'!$B$2:$B$497,_xlpm.sent),_xlpm.tgt,IF(_xlpm.expfix>0,_xlpm.expfix,IF(L8<>"",L8,K8)),_xlpm.act,IF(AND(M8<>"",M8>=_xlpm.sent),M8,""),IF(_xlpm.tgt="","No target set",IF(AND(_xlpm.tgt<TODAY(),_xlpm.act=""),"Overdue","On track"))),IF(C8="PBI Dev",_xlfn.LET(_xlpm.sent,_xlfn.MAXIFS('Rework Log'!$B$2:$B$497,'Rework Log'!$A$2:$A$497,$B8,'Rework Log'!$D$2:$D$497,"PBI Dev"),_xlpm.expfix,_xlfn.MAXIFS('Rework Log'!$I$2:$I$497,'Rework Log'!$A$2:$A$497,$B8,'Rework Log'!$D$2:$D$497,"PBI Dev",'Rework Log'!$B$2:$B$497,_xlpm.sent),_xlpm.tgt,IF(_xlpm.expfix>0,_xlpm.expfix,IF(R8<>"",R8,Q8)),_xlpm.act,IF(AND(S8<>"",S8>=_xlpm.sent),S8,""),IF(_xlpm.tgt="","No target set",IF(AND(_xlpm.tgt<TODAY(),_xlpm.act=""),"Overdue","On track"))),IF(C8="QA",_xlfn.LET(_xlpm.tgt,IF(AM8<>"",AM8,IF(W8<>"",W8,V8)),_xlpm.sent,_xlfn.MAXIFS('Rework Log'!$B$2:$B$497,'Rework Log'!$A$2:$A$497,$B8,'Rework Log'!$C$2:$C$497,"QA"),_xlpm.act,IF(AND(Y8<>"",Y8>=_xlpm.sent),Y8,""),IF(_xlpm.tgt="","No target set",IF(AND(_xlpm.tgt<TODAY(),_xlpm.act=""),"Overdue","On track"))),IF(C8="DPO Approval",_xlfn.LET(_xlpm.tgt,IF(AN8<>"",AN8,IF(AB8<>"",AB8,AA8)),_xlpm.sent,_xlfn.MAXIFS('Rework Log'!$B$2:$B$497,'Rework Log'!$A$2:$A$497,$B8,'Rework Log'!$C$2:$C$497,"DPO*"),_xlpm.act,IF(AND(AC8<>"",AC8>=_xlpm.sent),AC8,""),IF(_xlpm.tgt="","No target set",IF(AND(_xlpm.tgt<TODAY(),_xlpm.act=""),"Overdue","On track"))),IF(C8="RELEASED IN PROD","Delivered","")))))))))} -> Delivered | E8: 7 | H8: 46142 | I8: April | N8: Curated | AD8: Kelvin Hu | AE8: Ops | AF8: Yes | AG8: 46142 | AK8: {=IF($B8="","",_xlfn.LET(_xlpm.nm,$B8,_xlpm.st,$C8,_xlpm.ou,SUMPRODUCT(('Rework Log'!$A$2:$A$497=_xlpm.nm)*('Rework Log'!$G$2:$G$497<>"Yes")*('Rework Log'!$G$2:$G$497<>"Did not pass re-test")*('Rework Log'!$J$2:$J$497="")),_xlpm.ob,SUMPRODUCT(('Rework Log'!$A$2:$A$497=_xlpm.nm)*('Rework Log'!$G$2:$G$497<>"Yes")*('Rework Log'!$G$2:$G$497<>"Did not pass re-test")),_xlpm.oto,IF(SUMPRODUCT(('Rework Log'!$A$2:$A$497=_xlpm.nm)*('Rework Log'!$G$2:$G$497<>"Yes")*('Rework Log'!$G$2:$G$497<>"Did not pass re-test")*('Rework Log'!$J$2:$J$497=""))=0,"",INDEX('Rework Log'!$D$2:$D$497,MATCH(1,('Rework Log'!$A$2:$A$497=_xlpm.nm)*('Rework Log'!$G$2:$G$497<>"Yes")*('Rework Log'!$G$2:$G$497<>"Did not pass re-test")*('Rework Log'!$J$2:$J$497=""),0))),_xlpm.sent,_xlfn.MAXIFS('Rework Log'!$B$2:$B$497,'Rework Log'!$A$2:$A$497,_xlpm.nm),_xlpm.act,_xlfn.IFS(_xlpm.st="NOT STARTED",$M8,_xlpm.st="DB Dev",$M8,_xlpm.st="PBI Dev",$S8,_xlpm.st="QA",$Y8,_xlpm.st="DPO Approval",$AC8,_xlpm.st="Ready for Release in Prod",$AG8,TRUE,""),_xlpm.nxt,_xlfn.IFS(_xlpm.st="NOT STARTED","PBI Dev",_xlpm.st="DB Dev","PBI Dev",_xlpm.st="PBI Dev","QA",_xlpm.st="QA","DPO Approval",_xlpm.st="DPO Approval","Ready for Release in Prod",_xlpm.st="Ready for Release in Prod","RELEASED IN PROD",TRUE,""),IF(AND(_xlpm.ou>0,_xlpm.st<>_xlpm.oto),"Move status back to "&_xlpm.oto,IF(AND(_xlpm.ob=0,LEFT($AJ8,3)="Yes"),"Blocked - log it on Rework Log",IF(AND(_xlpm.ob>0,LEFT($AJ8,3)<>"Yes"),"Open rework row - mark Blocked or close it",IF(AND(_xlpm.ob=0,_xlpm.act<>"",_xlpm.act>=_xlpm.sent,_xlpm.nxt<>""),"Move status to "&_xlpm.nxt,IF(COUNTIF($B$2:$B$528,$B8)>1,"Duplicate name - check row",IF(COUNTIF('Rework Log'!$A$2:$A$497,$B8)>0,"",IF(AND($V8<>"",$K8<>"",$V8<$K8),"QA target is before DB Dev target",IF(AND($V8<>"",$Q8<>"",$V8<$Q8),"QA target is before PBI Dev target",IF(AND($AA8<>"",$V8<>"",$AA8<$V8),"DPO Approval target is before QA target",IF(AND($AG8<>"",$AA8<>"",$AG8<$AA8),"Confirmed Deployed date is before DPO Approval target",""))))))))))))} | AM8: {=_xlfn.LET(_xlpm.rep,$B8,_xlpm.sent,_xlfn.MAXIFS('Rework Log'!$B$2:$B$497,'Rework Log'!$A$2:$A$497,_xlpm.rep,'Rework Log'!$C$2:$C$497,"QA"),_xlpm.fixdate,_xlfn.MAXIFS('Rework Log'!$J$2:$J$497,'Rework Log'!$A$2:$A$497,_xlpm.rep,'Rework Log'!$C$2:$C$497,"QA",'Rework Log'!$B$2:$B$497,_xlpm.sent),_xlpm.expfix,_xlfn.MAXIFS('Rework Log'!$I$2:$I$497,'Rework Log'!$A$2:$A$497,_xlpm.rep,'Rework Log'!$C$2:$C$497,"QA",'Rework Log'!$B$2:$B$497,_xlpm.sent),_xlpm.base,IF(_xlpm.fixdate>0,_xlpm.fixdate,_xlpm.expfix),IF(OR(_xlpm.rep="",_xlpm.sent=0,_xlpm.base=0),"",WORKDAY(_xlpm.base,3)))} | AN8: {=_xlfn.LET(_xlpm.rep,$B8,_xlpm.sent,_xlfn.MAXIFS('Rework Log'!$B$2:$B$497,'Rework Log'!$A$2:$A$497,_xlpm.rep,'Rework Log'!$C$2:$C$497,"DPO*"),_xlpm.fixdate,_xlfn.MAXIFS('Rework Log'!$J$2:$J$497,'Rework Log'!$A$2:$A$497,_xlpm.rep,'Rework Log'!$C$2:$C$497,"DPO*",'Rework Log'!$B$2:$B$497,_xlpm.sent),_xlpm.expfix,_xlfn.MAXIFS('Rework Log'!$I$2:$I$497,'Rework Log'!$A$2:$A$497,_xlpm.rep,'Rework Log'!$C$2:$C$497,"DPO*",'Rework Log'!$B$2:$B$497,_xlpm.sent),_xlpm.base,IF(_xlpm.fixdate>0,_xlpm.fixdate,_xlpm.expfix),IF(OR(_xlpm.rep="",_xlpm.sent=0,_xlpm.base=0),"",WORKDAY(_xlpm.base,7)))}
A9: Leaks | B9: RSS_04_Leak Grade Change History | C9: RELEASED IN PROD | D9: {=IF(AND(C9="Ready for Release in Prod",LEFT($AJ9,3)<>"Yes"),IF(AG9<>"","Delivered","On track"),IF($B9="","",IF(LEFT($AJ9,3)="Yes","Blocked - "&MID($AJ9,7,100)&IF(SUMPRODUCT(('Rework Log'!$A$2:$A$497=$B9)*('Rework Log'!$G$2:$G$497<>"Yes")*('Rework Log'!$G$2:$G$497<>"Did not pass re-test"))=0,"",IF(SUMPRODUCT(MAX((('Rework Log'!$A$2:$A$497=$B9)*('Rework Log'!$G$2:$G$497<>"Yes")*('Rework Log'!$G$2:$G$497<>"Did not pass re-test"))*'Rework Log'!$I$2:$I$497))=0," - unclaimed"," - promised "&TEXT(SUMPRODUCT(MAX((('Rework Log'!$A$2:$A$497=$B9)*('Rework Log'!$G$2:$G$497<>"Yes")*('Rework Log'!$G$2:$G$497<>"Did not pass re-test"))*'Rework Log'!$I$2:$I$497)),"m/d"))),IF(C9="NOT STARTED",IF(H9="","No plan date set",IF(H9<TODAY(),"Review - planned start passed","On track")),IF(C9="DB Dev",_xlfn.LET(_xlpm.sent,_xlfn.MAXIFS('Rework Log'!$B$2:$B$497,'Rework Log'!$A$2:$A$497,$B9,'Rework Log'!$D$2:$D$497,"DB Dev"),_xlpm.expfix,_xlfn.MAXIFS('Rework Log'!$I$2:$I$497,'Rework Log'!$A$2:$A$497,$B9,'Rework Log'!$D$2:$D$497,"DB Dev",'Rework Log'!$B$2:$B$497,_xlpm.sent),_xlpm.tgt,IF(_xlpm.expfix>0,_xlpm.expfix,IF(L9<>"",L9,K9)),_xlpm.act,IF(AND(M9<>"",M9>=_xlpm.sent),M9,""),IF(_xlpm.tgt="","No target set",IF(AND(_xlpm.tgt<TODAY(),_xlpm.act=""),"Overdue","On track"))),IF(C9="PBI Dev",_xlfn.LET(_xlpm.sent,_xlfn.MAXIFS('Rework Log'!$B$2:$B$497,'Rework Log'!$A$2:$A$497,$B9,'Rework Log'!$D$2:$D$497,"PBI Dev"),_xlpm.expfix,_xlfn.MAXIFS('Rework Log'!$I$2:$I$497,'Rework Log'!$A$2:$A$497,$B9,'Rework Log'!$D$2:$D$497,"PBI Dev",'Rework Log'!$B$2:$B$497,_xlpm.sent),_xlpm.tgt,IF(_xlpm.expfix>0,_xlpm.expfix,IF(R9<>"",R9,Q9)),_xlpm.act,IF(AND(S9<>"",S9>=_xlpm.sent),S9,""),IF(_xlpm.tgt="","No target set",IF(AND(_xlpm.tgt<TODAY(),_xlpm.act=""),"Overdue","On track"))),IF(C9="QA",_xlfn.LET(_xlpm.tgt,IF(AM9<>"",AM9,IF(W9<>"",W9,V9)),_xlpm.sent,_xlfn.MAXIFS('Rework Log'!$B$2:$B$497,'Rework Log'!$A$2:$A$497,$B9,'Rework Log'!$C$2:$C$497,"QA"),_xlpm.act,IF(AND(Y9<>"",Y9>=_xlpm.sent),Y9,""),IF(_xlpm.tgt="","No target set",IF(AND(_xlpm.tgt<TODAY(),_xlpm.act=""),"Overdue","On track"))),IF(C9="DPO Approval",_xlfn.LET(_xlpm.tgt,IF(AN9<>"",AN9,IF(AB9<>"",AB9,AA9)),_xlpm.sent,_xlfn.MAXIFS('Rework Log'!$B$2:$B$497,'Rework Log'!$A$2:$A$497,$B9,'Rework Log'!$C$2:$C$497,"DPO*"),_xlpm.act,IF(AND(AC9<>"",AC9>=_xlpm.sent),AC9,""),IF(_xlpm.tgt="","No target set",IF(AND(_xlpm.tgt<TODAY(),_xlpm.act=""),"Overdue","On track"))),IF(C9="RELEASED IN PROD","Delivered","")))))))))} -> Delivered | E9: 8 | H9: 46142 | I9: April | N9: Curated | AD9: Kelvin Hu | AE9: Ops | AF9: Yes | AG9: 46142 | AK9: {=IF($B9="","",_xlfn.LET(_xlpm.nm,$B9,_xlpm.st,$C9,_xlpm.ou,SUMPRODUCT(('Rework Log'!$A$2:$A$497=_xlpm.nm)*('Rework Log'!$G$2:$G$497<>"Yes")*('Rework Log'!$G$2:$G$497<>"Did not pass re-test")*('Rework Log'!$J$2:$J$497="")),_xlpm.ob,SUMPRODUCT(('Rework Log'!$A$2:$A$497=_xlpm.nm)*('Rework Log'!$G$2:$G$497<>"Yes")*('Rework Log'!$G$2:$G$497<>"Did not pass re-test")),_xlpm.oto,IF(SUMPRODUCT(('Rework Log'!$A$2:$A$497=_xlpm.nm)*('Rework Log'!$G$2:$G$497<>"Yes")*('Rework Log'!$G$2:$G$497<>"Did not pass re-test")*('Rework Log'!$J$2:$J$497=""))=0,"",INDEX('Rework Log'!$D$2:$D$497,MATCH(1,('Rework Log'!$A$2:$A$497=_xlpm.nm)*('Rework Log'!$G$2:$G$497<>"Yes")*('Rework Log'!$G$2:$G$497<>"Did not pass re-test")*('Rework Log'!$J$2:$J$497=""),0))),_xlpm.sent,_xlfn.MAXIFS('Rework Log'!$B$2:$B$497,'Rework Log'!$A$2:$A$497,_xlpm.nm),_xlpm.act,_xlfn.IFS(_xlpm.st="NOT STARTED",$M9,_xlpm.st="DB Dev",$M9,_xlpm.st="PBI Dev",$S9,_xlpm.st="QA",$Y9,_xlpm.st="DPO Approval",$AC9,_xlpm.st="Ready for Release in Prod",$AG9,TRUE,""),_xlpm.nxt,_xlfn.IFS(_xlpm.st="NOT STARTED","PBI Dev",_xlpm.st="DB Dev","PBI Dev",_xlpm.st="PBI Dev","QA",_xlpm.st="QA","DPO Approval",_xlpm.st="DPO Approval","Ready for Release in Prod",_xlpm.st="Ready for Release in Prod","RELEASED IN PROD",TRUE,""),IF(AND(_xlpm.ou>0,_xlpm.st<>_xlpm.oto),"Move status back to "&_xlpm.oto,IF(AND(_xlpm.ob=0,LEFT($AJ9,3)="Yes"),"Blocked - log it on Rework Log",IF(AND(_xlpm.ob>0,LEFT($AJ9,3)<>"Yes"),"Open rework row - mark Blocked or close it",IF(AND(_xlpm.ob=0,_xlpm.act<>"",_xlpm.act>=_xlpm.sent,_xlpm.nxt<>""),"Move status to "&_xlpm.nxt,IF(COUNTIF($B$2:$B$528,$B9)>1,"Duplicate name - check row",IF(COUNTIF('Rework Log'!$A$2:$A$497,$B9)>0,"",IF(AND($V9<>"",$K9<>"",$V9<$K9),"QA target is before DB Dev target",IF(AND($V9<>"",$Q9<>"",$V9<$Q9),"QA target is before PBI Dev target",IF(AND($AA9<>"",$V9<>"",$AA9<$V9),"DPO Approval target is before QA target",IF(AND($AG9<>"",$AA9<>"",$AG9<$AA9),"Confirmed Deployed date is before DPO Approval target",""))))))))))))} | AM9: {=_xlfn.LET(_xlpm.rep,$B9,_xlpm.sent,_xlfn.MAXIFS('Rework Log'!$B$2:$B$497,'Rework Log'!$A$2:$A$497,_xlpm.rep,'Rework Log'!$C$2:$C$497,"QA"),_xlpm.fixdate,_xlfn.MAXIFS('Rework Log'!$J$2:$J$497,'Rework Log'!$A$2:$A$497,_xlpm.rep,'Rework Log'!$C$2:$C$497,"QA",'Rework Log'!$B$2:$B$497,_xlpm.sent),_xlpm.expfix,_xlfn.MAXIFS('Rework Log'!$I$2:$I$497,'Rework Log'!$A$2:$A$497,_xlpm.rep,'Rework Log'!$C$2:$C$497,"QA",'Rework Log'!$B$2:$B$497,_xlpm.sent),_xlpm.base,IF(_xlpm.fixdate>0,_xlpm.fixdate,_xlpm.expfix),IF(OR(_xlpm.rep="",_xlpm.sent=0,_xlpm.base=0),"",WORKDAY(_xlpm.base,3)))} | AN9: {=_xlfn.LET(_xlpm.rep,$B9,_xlpm.sent,_xlfn.MAXIFS('Rework Log'!$B$2:$B$497,'Rework Log'!$A$2:$A$497,_xlpm.rep,'Rework Log'!$C$2:$C$497,"DPO*"),_xlpm.fixdate,_xlfn.MAXIFS('Rework Log'!$J$2:$J$497,'Rework Log'!$A$2:$A$497,_xlpm.rep,'Rework Log'!$C$2:$C$497,"DPO*",'Rework Log'!$B$2:$B$497,_xlpm.sent),_xlpm.expfix,_xlfn.MAXIFS('Rework Log'!$I$2:$I$497,'Rework Log'!$A$2:$A$497,_xlpm.rep,'Rework Log'!$C$2:$C$497,"DPO*",'Rework Log'!$B$2:$B$497,_xlpm.sent),_xlpm.base,IF(_xlpm.fixdate>0,_xlpm.fixdate,_xlpm.expfix),IF(OR(_xlpm.rep="",_xlpm.sent=0,_xlpm.base=0),"",WORKDAY(_xlpm.base,7)))}
A10: Leaks | B10: RPT_04_Rechecks Completed less than 14 days | C10: RELEASED IN PROD | D10: {=IF(AND(C10="Ready for Release in Prod",LEFT($AJ10,3)<>"Yes"),IF(AG10<>"","Delivered","On track"),IF($B10="","",IF(LEFT($AJ10,3)="Yes","Blocked - "&MID($AJ10,7,100)&IF(SUMPRODUCT(('Rework Log'!$A$2:$A$497=$B10)*('Rework Log'!$G$2:$G$497<>"Yes")*('Rework Log'!$G$2:$G$497<>"Did not pass re-test"))=0,"",IF(SUMPRODUCT(MAX((('Rework Log'!$A$2:$A$497=$B10)*('Rework Log'!$G$2:$G$497<>"Yes")*('Rework Log'!$G$2:$G$497<>"Did not pass re-test"))*'Rework Log'!$I$2:$I$497))=0," - unclaimed"," - promised "&TEXT(SUMPRODUCT(MAX((('Rework Log'!$A$2:$A$497=$B10)*('Rework Log'!$G$2:$G$497<>"Yes")*('Rework Log'!$G$2:$G$497<>"Did not pass re-test"))*'Rework Log'!$I$2:$I$497)),"m/d"))),IF(C10="NOT STARTED",IF(H10="","No plan date set",IF(H10<TODAY(),"Review - planned start passed","On track")),IF(C10="DB Dev",_xlfn.LET(_xlpm.sent,_xlfn.MAXIFS('Rework Log'!$B$2:$B$497,'Rework Log'!$A$2:$A$497,$B10,'Rework Log'!$D$2:$D$497,"DB Dev"),_xlpm.expfix,_xlfn.MAXIFS('Rework Log'!$I$2:$I$497,'Rework Log'!$A$2:$A$497,$B10,'Rework Log'!$D$2:$D$497,"DB Dev",'Rework Log'!$B$2:$B$497,_xlpm.sent),_xlpm.tgt,IF(_xlpm.expfix>0,_xlpm.expfix,IF(L10<>"",L10,K10)),_xlpm.act,IF(AND(M10<>"",M10>=_xlpm.sent),M10,""),IF(_xlpm.tgt="","No target set",IF(AND(_xlpm.tgt<TODAY(),_xlpm.act=""),"Overdue","On track"))),IF(C10="PBI Dev",_xlfn.LET(_xlpm.sent,_xlfn.MAXIFS('Rework Log'!$B$2:$B$497,'Rework Log'!$A$2:$A$497,$B10,'Rework Log'!$D$2:$D$497,"PBI Dev"),_xlpm.expfix,_xlfn.MAXIFS('Rework Log'!$I$2:$I$497,'Rework Log'!$A$2:$A$497,$B10,'Rework Log'!$D$2:$D$497,"PBI Dev",'Rework Log'!$B$2:$B$497,_xlpm.sent),_xlpm.tgt,IF(_xlpm.expfix>0,_xlpm.expfix,IF(R10<>"",R10,Q10)),_xlpm.act,IF(AND(S10<>"",S10>=_xlpm.sent),S10,""),IF(_xlpm.tgt="","No target set",IF(AND(_xlpm.tgt<TODAY(),_xlpm.act=""),"Overdue","On track"))),IF(C10="QA",_xlfn.LET(_xlpm.tgt,IF(AM10<>"",AM10,IF(W10<>"",W10,V10)),_xlpm.sent,_xlfn.MAXIFS('Rework Log'!$B$2:$B$497,'Rework Log'!$A$2:$A$497,$B10,'Rework Log'!$C$2:$C$497,"QA"),_xlpm.act,IF(AND(Y10<>"",Y10>=_xlpm.sent),Y10,""),IF(_xlpm.tgt="","No target set",IF(AND(_xlpm.tgt<TODAY(),_xlpm.act=""),"Overdue","On track"))),IF(C10="DPO Approval",_xlfn.LET(_xlpm.tgt,IF(AN10<>"",AN10,IF(AB10<>"",AB10,AA10)),_xlpm.sent,_xlfn.MAXIFS('Rework Log'!$B$2:$B$497,'Rework Log'!$A$2:$A$497,$B10,'Rework Log'!$C$2:$C$497,"DPO*"),_xlpm.act,IF(AND(AC10<>"",AC10>=_xlpm.sent),AC10,""),IF(_xlpm.tgt="","No target set",IF(AND(_xlpm.tgt<TODAY(),_xlpm.act=""),"Overdue","On track"))),IF(C10="RELEASED IN PROD","Delivered","")))))))))} -> Delivered | E10: 9 | H10: 46173 | I10: May | J10: Rupa | K10: 46150 | M10: 46157 | N10: Curated | P10: Shraddha | Q10: 46157 | S10: 46134 | U10: Preety | V10: 46164 | Y10: 46134 | AA10: 46169 | AD10: Kelvin Hu | AE10: Ops | AF10: Yes | AG10: 46134 | AH10: https://app.powerbi.com/groups/me/apps/7767030c-f4c8-4488-b3cb-36a860cb6ff2/reports/de1ad11f-021b-4cc1-b465-67efd542031c/3122b8024291693794eb?ctid=f98a6a53-25f3-4212-901c-c7787fcd3495&experience=power-bi | AI10: https://app.powerbi.com/groups/me/apps/5b29b0dd-a398-4801-84ce-f3a7d8435827/reports/0e063b20-0b38-4000-b436-fcbec11daa46/3122b8024291693794eb?experience=power-bi | AJ10: No | AK10: {=IF($B10="","",_xlfn.LET(_xlpm.nm,$B10,_xlpm.st,$C10,_xlpm.ou,SUMPRODUCT(('Rework Log'!$A$2:$A$497=_xlpm.nm)*('Rework Log'!$G$2:$G$497<>"Yes")*('Rework Log'!$G$2:$G$497<>"Did not pass re-test")*('Rework Log'!$J$2:$J$497="")),_xlpm.ob,SUMPRODUCT(('Rework Log'!$A$2:$A$497=_xlpm.nm)*('Rework Log'!$G$2:$G$497<>"Yes")*('Rework Log'!$G$2:$G$497<>"Did not pass re-test")),_xlpm.oto,IF(SUMPRODUCT(('Rework Log'!$A$2:$A$497=_xlpm.nm)*('Rework Log'!$G$2:$G$497<>"Yes")*('Rework Log'!$G$2:$G$497<>"Did not pass re-test")*('Rework Log'!$J$2:$J$497=""))=0,"",INDEX('Rework Log'!$D$2:$D$497,MATCH(1,('Rework Log'!$A$2:$A$497=_xlpm.nm)*('Rework Log'!$G$2:$G$497<>"Yes")*('Rework Log'!$G$2:$G$497<>"Did not pass re-test")*('Rework Log'!$J$2:$J$497=""),0))),_xlpm.sent,_xlfn.MAXIFS('Rework Log'!$B$2:$B$497,'Rework Log'!$A$2:$A$497,_xlpm.nm),_xlpm.act,_xlfn.IFS(_xlpm.st="NOT STARTED",$M10,_xlpm.st="DB Dev",$M10,_xlpm.st="PBI Dev",$S10,_xlpm.st="QA",$Y10,_xlpm.st="DPO Approval",$AC10,_xlpm.st="Ready for Release in Prod",$AG10,TRUE,""),_xlpm.nxt,_xlfn.IFS(_xlpm.st="NOT STARTED","PBI Dev",_xlpm.st="DB Dev","PBI Dev",_xlpm.st="PBI Dev","QA",_xlpm.st="QA","DPO Approval",_xlpm.st="DPO Approval","Ready for Release in Prod",_xlpm.st="Ready for Release in Prod","RELEASED IN PROD",TRUE,""),IF(AND(_xlpm.ou>0,_xlpm.st<>_xlpm.oto),"Move status back to "&_xlpm.oto,IF(AND(_xlpm.ob=0,LEFT($AJ10,3)="Yes"),"Blocked - log it on Rework Log",IF(AND(_xlpm.ob>0,LEFT($AJ10,3)<>"Yes"),"Open rework row - mark Blocked or close it",IF(AND(_xlpm.ob=0,_xlpm.act<>"",_xlpm.act>=_xlpm.sent,_xlpm.nxt<>""),"Move status to "&_xlpm.nxt,IF(COUNTIF($B$2:$B$528,$B10)>1,"Duplicate name - check row",IF(COUNTIF('Rework Log'!$A$2:$A$497,$B10)>0,"",IF(AND($V10<>"",$K10<>"",$V10<$K10),"QA target is before DB Dev target",IF(AND($V10<>"",$Q10<>"",$V10<$Q10),"QA target is before PBI Dev target",IF(AND($AA10<>"",$V10<>"",$AA10<$V10),"DPO Approval target is before QA target",IF(AND($AG10<>"",$AA10<>"",$AG10<$AA10),"Confirmed Deployed date is before DPO Approval target",""))))))))))))} -> Confirmed Deployed date is before DPO Approval target | AM10: {=_xlfn.LET(_xlpm.rep,$B10,_xlpm.sent,_xlfn.MAXIFS('Rework Log'!$B$2:$B$497,'Rework Log'!$A$2:$A$497,_xlpm.rep,'Rework Log'!$C$2:$C$497,"QA"),_xlpm.fixdate,_xlfn.MAXIFS('Rework Log'!$J$2:$J$497,'Rework Log'!$A$2:$A$497,_xlpm.rep,'Rework Log'!$C$2:$C$497,"QA",'Rework Log'!$B$2:$B$497,_xlpm.sent),_xlpm.expfix,_xlfn.MAXIFS('Rework Log'!$I$2:$I$497,'Rework Log'!$A$2:$A$497,_xlpm.rep,'Rework Log'!$C$2:$C$497,"QA",'Rework Log'!$B$2:$B$497,_xlpm.sent),_xlpm.base,IF(_xlpm.fixdate>0,_xlpm.fixdate,_xlpm.expfix),IF(OR(_xlpm.rep="",_xlpm.sent=0,_xlpm.base=0),"",WORKDAY(_xlpm.base,3)))} | AN10: {=_xlfn.LET(_xlpm.rep,$B10,_xlpm.sent,_xlfn.MAXIFS('Rework Log'!$B$2:$B$497,'Rework Log'!$A$2:$A$497,_xlpm.rep,'Rework Log'!$C$2:$C$497,"DPO*"),_xlpm.fixdate,_xlfn.MAXIFS('Rework Log'!$J$2:$J$497,'Rework Log'!$A$2:$A$497,_xlpm.rep,'Rework Log'!$C$2:$C$497,"DPO*",'Rework Log'!$B$2:$B$497,_xlpm.sent),_xlpm.expfix,_xlfn.MAXIFS('Rework Log'!$I$2:$I$497,'Rework Log'!$A$2:$A$497,_xlpm.rep,'Rework Log'!$C$2:$C$497,"DPO*",'Rework Log'!$B$2:$B$497,_xlpm.sent),_xlpm.base,IF(_xlpm.fixdate>0,_xlpm.fixdate,_xlpm.expfix),IF(OR(_xlpm.rep="",_xlpm.sent=0,_xlpm.base=0),"",WORKDAY(_xlpm.base,7)))}
A11: Leaks | B11: RPT_04_SEI Leak Activity | C11: RELEASED IN PROD | D11: {=IF(AND(C11="Ready for Release in Prod",LEFT($AJ11,3)<>"Yes"),IF(AG11<>"","Delivered","On track"),IF($B11="","",IF(LEFT($AJ11,3)="Yes","Blocked - "&MID($AJ11,7,100)&IF(SUMPRODUCT(('Rework Log'!$A$2:$A$497=$B11)*('Rework Log'!$G$2:$G$497<>"Yes")*('Rework Log'!$G$2:$G$497<>"Did not pass re-test"))=0,"",IF(SUMPRODUCT(MAX((('Rework Log'!$A$2:$A$497=$B11)*('Rework Log'!$G$2:$G$497<>"Yes")*('Rework Log'!$G$2:$G$497<>"Did not pass re-test"))*'Rework Log'!$I$2:$I$497))=0," - unclaimed"," - promised "&TEXT(SUMPRODUCT(MAX((('Rework Log'!$A$2:$A$497=$B11)*('Rework Log'!$G$2:$G$497<>"Yes")*('Rework Log'!$G$2:$G$497<>"Did not pass re-test"))*'Rework Log'!$I$2:$I$497)),"m/d"))),IF(C11="NOT STARTED",IF(H11="","No plan date set",IF(H11<TODAY(),"Review - planned start passed","On track")),IF(C11="DB Dev",_xlfn.LET(_xlpm.sent,_xlfn.MAXIFS('Rework Log'!$B$2:$B$497,'Rework Log'!$A$2:$A$497,$B11,'Rework Log'!$D$2:$D$497,"DB Dev"),_xlpm.expfix,_xlfn.MAXIFS('Rework Log'!$I$2:$I$497,'Rework Log'!$A$2:$A$497,$B11,'Rework Log'!$D$2:$D$497,"DB Dev",'Rework Log'!$B$2:$B$497,_xlpm.sent),_xlpm.tgt,IF(_xlpm.expfix>0,_xlpm.expfix,IF(L11<>"",L11,K11)),_xlpm.act,IF(AND(M11<>"",M11>=_xlpm.sent),M11,""),IF(_xlpm.tgt="","No target set",IF(AND(_xlpm.tgt<TODAY(),_xlpm.act=""),"Overdue","On track"))),IF(C11="PBI Dev",_xlfn.LET(_xlpm.sent,_xlfn.MAXIFS('Rework Log'!$B$2:$B$497,'Rework Log'!$A$2:$A$497,$B11,'Rework Log'!$D$2:$D$497,"PBI Dev"),_xlpm.expfix,_xlfn.MAXIFS('Rework Log'!$I$2:$I$497,'Rework Log'!$A$2:$A$497,$B11,'Rework Log'!$D$2:$D$497,"PBI Dev",'Rework Log'!$B$2:$B$497,_xlpm.sent),_xlpm.tgt,IF(_xlpm.expfix>0,_xlpm.expfix,IF(R11<>"",R11,Q11)),_xlpm.act,IF(AND(S11<>"",S11>=_xlpm.sent),S11,""),IF(_xlpm.tgt="","No target set",IF(AND(_xlpm.tgt<TODAY(),_xlpm.act=""),"Overdue","On track"))),IF(C11="QA",_xlfn.LET(_xlpm.tgt,IF(AM11<>"",AM11,IF(W11<>"",W11,V11)),_xlpm.sent,_xlfn.MAXIFS('Rework Log'!$B$2:$B$497,'Rework Log'!$A$2:$A$497,$B11,'Rework Log'!$C$2:$C$497,"QA"),_xlpm.act,IF(AND(Y11<>"",Y11>=_xlpm.sent),Y11,""),IF(_xlpm.tgt="","No target set",IF(AND(_xlpm.tgt<TODAY(),_xlpm.act=""),"Overdue","On track"))),IF(C11="DPO Approval",_xlfn.LET(_xlpm.tgt,IF(AN11<>"",AN11,IF(AB11<>"",AB11,AA11)),_xlpm.sent,_xlfn.MAXIFS('Rework Log'!$B$2:$B$497,'Rework Log'!$A$2:$A$497,$B11,'Rework Log'!$C$2:$C$497,"DPO*"),_xlpm.act,IF(AND(AC11<>"",AC11>=_xlpm.sent),AC11,""),IF(_xlpm.tgt="","No target set",IF(AND(_xlpm.tgt<TODAY(),_xlpm.act=""),"Overdue","On track"))),IF(C11="RELEASED IN PROD","Delivered","")))))))))} -> Delivered | E11: 10 | H11: 46173 | I11: May | J11: Siva | K11: 46150 | M11: 46157 | N11: Curated | P11: Shraddha | Q11: 46157 | S11: 46139 | U11: Preety | V11: 46164 | Y11: 46139 | AA11: 46169 | AD11: Kelvin Hu | AE11: Ops | AF11: Yes | AG11: 46139 | AH11: https://app.powerbi.com/groups/me/apps/7767030c-f4c8-4488-b3cb-36a860cb6ff2/reports/c76693f4-bab2-46a1-ab2a-16752d7664fd/ea184ec020032ecbdd43?experience=power-bi | AI11: https://app.powerbi.com/groups/me/apps/5b29b0dd-a398-4801-84ce-f3a7d8435827/reports/9d9f5721-feb1-4ed3-91fd-18bc33ef38f1/ea184ec020032ecbdd43?experience=power-bi | AJ11: No | AK11: {=IF($B11="","",_xlfn.LET(_xlpm.nm,$B11,_xlpm.st,$C11,_xlpm.ou,SUMPRODUCT(('Rework Log'!$A$2:$A$497=_xlpm.nm)*('Rework Log'!$G$2:$G$497<>"Yes")*('Rework Log'!$G$2:$G$497<>"Did not pass re-test")*('Rework Log'!$J$2:$J$497="")),_xlpm.ob,SUMPRODUCT(('Rework Log'!$A$2:$A$497=_xlpm.nm)*('Rework Log'!$G$2:$G$497<>"Yes")*('Rework Log'!$G$2:$G$497<>"Did not pass re-test")),_xlpm.oto,IF(SUMPRODUCT(('Rework Log'!$A$2:$A$497=_xlpm.nm)*('Rework Log'!$G$2:$G$497<>"Yes")*('Rework Log'!$G$2:$G$497<>"Did not pass re-test")*('Rework Log'!$J$2:$J$497=""))=0,"",INDEX('Rework Log'!$D$2:$D$497,MATCH(1,('Rework Log'!$A$2:$A$497=_xlpm.nm)*('Rework Log'!$G$2:$G$497<>"Yes")*('Rework Log'!$G$2:$G$497<>"Did not pass re-test")*('Rework Log'!$J$2:$J$497=""),0))),_xlpm.sent,_xlfn.MAXIFS('Rework Log'!$B$2:$B$497,'Rework Log'!$A$2:$A$497,_xlpm.nm),_xlpm.act,_xlfn.IFS(_xlpm.st="NOT STARTED",$M11,_xlpm.st="DB Dev",$M11,_xlpm.st="PBI Dev",$S11,_xlpm.st="QA",$Y11,_xlpm.st="DPO Approval",$AC11,_xlpm.st="Ready for Release in Prod",$AG11,TRUE,""),_xlpm.nxt,_xlfn.IFS(_xlpm.st="NOT STARTED","PBI Dev",_xlpm.st="DB Dev","PBI Dev",_xlpm.st="PBI Dev","QA",_xlpm.st="QA","DPO Approval",_xlpm.st="DPO Approval","Ready for Release in Prod",_xlpm.st="Ready for Release in Prod","RELEASED IN PROD",TRUE,""),IF(AND(_xlpm.ou>0,_xlpm.st<>_xlpm.oto),"Move status back to "&_xlpm.oto,IF(AND(_xlpm.ob=0,LEFT($AJ11,3)="Yes"),"Blocked - log it on Rework Log",IF(AND(_xlpm.ob>0,LEFT($AJ11,3)<>"Yes"),"Open rework row - mark Blocked or close it",IF(AND(_xlpm.ob=0,_xlpm.act<>"",_xlpm.act>=_xlpm.sent,_xlpm.nxt<>""),"Move status to "&_xlpm.nxt,IF(COUNTIF($B$2:$B$528,$B11)>1,"Duplicate name - check row",IF(COUNTIF('Rework Log'!$A$2:$A$497,$B11)>0,"",IF(AND($V11<>"",$K11<>"",$V11<$K11),"QA target is before DB Dev target",IF(AND($V11<>"",$Q11<>"",$V11<$Q11),"QA target is before PBI Dev target",IF(AND($AA11<>"",$V11<>"",$AA11<$V11),"DPO Approval target is before QA target",IF(AND($AG11<>"",$AA11<>"",$AG11<$AA11),"Confirmed Deployed date is before DPO Approval target",""))))))))))))} -> Confirmed Deployed date is before DPO Approval target | AM11: {=_xlfn.LET(_xlpm.rep,$B11,_xlpm.sent,_xlfn.MAXIFS('Rework Log'!$B$2:$B$497,'Rework Log'!$A$2:$A$497,_xlpm.rep,'Rework Log'!$C$2:$C$497,"QA"),_xlpm.fixdate,_xlfn.MAXIFS('Rework Log'!$J$2:$J$497,'Rework Log'!$A$2:$A$497,_xlpm.rep,'Rework Log'!$C$2:$C$497,"QA",'Rework Log'!$B$2:$B$497,_xlpm.sent),_xlpm.expfix,_xlfn.MAXIFS('Rework Log'!$I$2:$I$497,'Rework Log'!$A$2:$A$497,_xlpm.rep,'Rework Log'!$C$2:$C$497,"QA",'Rework Log'!$B$2:$B$497,_xlpm.sent),_xlpm.base,IF(_xlpm.fixdate>0,_xlpm.fixdate,_xlpm.expfix),IF(OR(_xlpm.rep="",_xlpm.sent=0,_xlpm.base=0),"",WORKDAY(_xlpm.base,3)))} | AN11: {=_xlfn.LET(_xlpm.rep,$B11,_xlpm.sent,_xlfn.MAXIFS('Rework Log'!$B$2:$B$497,'Rework Log'!$A$2:$A$497,_xlpm.rep,'Rework Log'!$C$2:$C$497,"DPO*"),_xlpm.fixdate,_xlfn.MAXIFS('Rework Log'!$J$2:$J$497,'Rework Log'!$A$2:$A$497,_xlpm.rep,'Rework Log'!$C$2:$C$497,"DPO*",'Rework Log'!$B$2:$B$497,_xlpm.sent),_xlpm.expfix,_xlfn.MAXIFS('Rework Log'!$I$2:$I$497,'Rework Log'!$A$2:$A$497,_xlpm.rep,'Rework Log'!$C$2:$C$497,"DPO*",'Rework Log'!$B$2:$B$497,_xlpm.sent),_xlpm.base,IF(_xlpm.fixdate>0,_xlpm.fixdate,_xlpm.expfix),IF(OR(_xlpm.rep="",_xlpm.sent=0,_xlpm.base=0),"",WORKDAY(_xlpm.base,7)))}
A12: Leaks | B12: RPT_04_CMS Leak Productivity | C12: RELEASED IN PROD | D12: {=IF(AND(C12="Ready for Release in Prod",LEFT($AJ12,3)<>"Yes"),IF(AG12<>"","Delivered","On track"),IF($B12="","",IF(LEFT($AJ12,3)="Yes","Blocked - "&MID($AJ12,7,100)&IF(SUMPRODUCT(('Rework Log'!$A$2:$A$497=$B12)*('Rework Log'!$G$2:$G$497<>"Yes")*('Rework Log'!$G$2:$G$497<>"Did not pass re-test"))=0,"",IF(SUMPRODUCT(MAX((('Rework Log'!$A$2:$A$497=$B12)*('Rework Log'!$G$2:$G$497<>"Yes")*('Rework Log'!$G$2:$G$497<>"Did not pass re-test"))*'Rework Log'!$I$2:$I$497))=0," - unclaimed"," - promised "&TEXT(SUMPRODUCT(MAX((('Rework Log'!$A$2:$A$497=$B12)*('Rework Log'!$G$2:$G$497<>"Yes")*('Rework Log'!$G$2:$G$497<>"Did not pass re-test"))*'Rework Log'!$I$2:$I$497)),"m/d"))),IF(C12="NOT STARTED",IF(H12="","No plan date set",IF(H12<TODAY(),"Review - planned start passed","On track")),IF(C12="DB Dev",_xlfn.LET(_xlpm.sent,_xlfn.MAXIFS('Rework Log'!$B$2:$B$497,'Rework Log'!$A$2:$A$497,$B12,'Rework Log'!$D$2:$D$497,"DB Dev"),_xlpm.expfix,_xlfn.MAXIFS('Rework Log'!$I$2:$I$497,'Rework Log'!$A$2:$A$497,$B12,'Rework Log'!$D$2:$D$497,"DB Dev",'Rework Log'!$B$2:$B$497,_xlpm.sent),_xlpm.tgt,IF(_xlpm.expfix>0,_xlpm.expfix,IF(L12<>"",L12,K12)),_xlpm.act,IF(AND(M12<>"",M12>=_xlpm.sent),M12,""),IF(_xlpm.tgt="","No target set",IF(AND(_xlpm.tgt<TODAY(),_xlpm.act=""),"Overdue","On track"))),IF(C12="PBI Dev",_xlfn.LET(_xlpm.sent,_xlfn.MAXIFS('Rework Log'!$B$2:$B$497,'Rework Log'!$A$2:$A$497,$B12,'Rework Log'!$D$2:$D$497,"PBI Dev"),_xlpm.expfix,_xlfn.MAXIFS('Rework Log'!$I$2:$I$497,'Rework Log'!$A$2:$A$497,$B12,'Rework Log'!$D$2:$D$497,"PBI Dev",'Rework Log'!$B$2:$B$497,_xlpm.sent),_xlpm.tgt,IF(_xlpm.expfix>0,_xlpm.expfix,IF(R12<>"",R12,Q12)),_xlpm.act,IF(AND(S12<>"",S12>=_xlpm.sent),S12,""),IF(_xlpm.tgt="","No target set",IF(AND(_xlpm.tgt<TODAY(),_xlpm.act=""),"Overdue","On track"))),IF(C12="QA",_xlfn.LET(_xlpm.tgt,IF(AM12<>"",AM12,IF(W12<>"",W12,V12)),_xlpm.sent,_xlfn.MAXIFS('Rework Log'!$B$2:$B$497,'Rework Log'!$A$2:$A$497,$B12,'Rework Log'!$C$2:$C$497,"QA"),_xlpm.act,IF(AND(Y12<>"",Y12>=_xlpm.sent),Y12,""),IF(_xlpm.tgt="","No target set",IF(AND(_xlpm.tgt<TODAY(),_xlpm.act=""),"Overdue","On track"))),IF(C12="DPO Approval",_xlfn.LET(_xlpm.tgt,IF(AN12<>"",AN12,IF(AB12<>"",AB12,AA12)),_xlpm.sent,_xlfn.MAXIFS('Rework Log'!$B$2:$B$497,'Rework Log'!$A$2:$A$497,$B12,'Rework Log'!$C$2:$C$497,"DPO*"),_xlpm.act,IF(AND(AC12<>"",AC12>=_xlpm.sent),AC12,""),IF(_xlpm.tgt="","No target set",IF(AND(_xlpm.tgt<TODAY(),_xlpm.act=""),"Overdue","On track"))),IF(C12="RELEASED IN PROD","Delivered","")))))))))} -> Delivered | E12: 11 | H12: 46173 | I12: May | J12: Siddu | K12: 46150 | M12: 46157 | N12: Curated | P12: Navya | Q12: 46157 | S12: 46147 | U12: Preety | V12: 46164 | Y12: 46147 | AA12: 46169 | AD12: Kelvin Hu | AE12: compliance | AF12: Yes | AG12: 46147 | AH12: https://app.powerbi.com/groups/me/apps/eedba83d-be9a-45f9-9504-7bfa41e6051a/reports/3440832e-c72e-45f2-b154-f6b1d66314fc/51a6cefeab19522827a6?experience=power-bi | AI12: https://app.powerbi.com/groups/me/apps/2c7180b1-0d3d-45be-979e-f7dc86b3557d/reports/18e31a06-f1af-4965-ad46-5a507f24ed56/51a6cefeab19522827a6?experience=power-bi | AJ12: No | AK12: =IF($B12="","",IF(AND(LEFT($AJ12,3)="Yes",SUMPRODUCT(('Rework Log'!$A$2:$A$497=$B12)*('Rework Log'!$G$2:$G$497<>"Yes")*('Rework Log'!$G$2:$G$497<>"Did not pass re-test"))=0),"Blocked - log it on Rework Log",IF(AND(LEFT($AJ12,3)<>"Yes",SUMPRODUCT(('Rework Log'!$A$2:$A$497=$B12)*('Rework Log'!$G$2:$G$497<>"Yes")*('Rework Log'!$G$2:$G$497<>"Did not pass re-test"))>0),"Open rework row - mark Blocked? or close it",IF(AND($AJ12="Yes – needs DB Dev to fix",M12<>"",SUMPRODUCT(MAX((('Rework Log'!$A$2:$A$497=$B12)*('Rework Log'!$G$2:$G$497<>"Yes")*('Rework Log'!$G$2:$G$497<>"Did not pass re-test"))*'Rework Log'!$I$2:$I$497))>0),"Move old DB Dev completion date to Rework Log (col H)",IF(AND($AJ12="Yes – needs PBI Dev to fix",S12<>"",SUMPRODUCT(MAX((('Rework Log'!$A$2:$A$497=$B12)*('Rework Log'!$G$2:$G$497<>"Yes")*('Rework Log'!$G$2:$G$497<>"Did not pass re-test"))*'Rework Log'!$I$2:$I$497))>0),"Move old PBI Dev completion date to Rework Log (col H)",IF(AND($AJ12="Yes – needs QA to fix",Y12<>"",SUMPRODUCT(MAX((('Rework Log'!$A$2:$A$497=$B12)*('Rework Log'!$G$2:$G$497<>"Yes")*('Rework Log'!$G$2:$G$497<>"Did not pass re-test"))*'Rework Log'!$I$2:$I$497))>0),"Move old QA completion date to Rework Log (col H)",IF(COUNTIF($B$2:$B$528,$B12)>1,"Duplicate name - check row",IF(COUNTIF('Rework Log'!$A$2:$A$497,$B12)>0,"",IF(AND(V12<>"",K12<>"",V12<K12),"QA target is before DB Dev target",IF(AND(V12<>"",Q12<>"",V12<Q12),"QA target is before PBI Dev target",IF(AND(AA12<>"",V12<>"",AA12<V12),"DPO Approval target is before QA target",IF(AND(AG12<>"",AA12<>"",AG12<AA12),"Confirmed Deployed date is before DPO Approval target","")))))))))))) -> Confirmed Deployed date is before DPO Approval target | AM12: {=_xlfn.LET(_xlpm.rep,$B12,_xlpm.sent,_xlfn.MAXIFS('Rework Log'!$B$2:$B$497,'Rework Log'!$A$2:$A$497,_xlpm.rep,'Rework Log'!$C$2:$C$497,"QA"),_xlpm.fixdate,_xlfn.MAXIFS('Rework Log'!$J$2:$J$497,'Rework Log'!$A$2:$A$497,_xlpm.rep,'Rework Log'!$C$2:$C$497,"QA",'Rework Log'!$B$2:$B$497,_xlpm.sent),_xlpm.expfix,_xlfn.MAXIFS('Rework Log'!$I$2:$I$497,'Rework Log'!$A$2:$A$497,_xlpm.rep,'Rework Log'!$C$2:$C$497,"QA",'Rework Log'!$B$2:$B$497,_xlpm.sent),_xlpm.base,IF(_xlpm.fixdate>0,_xlpm.fixdate,_xlpm.expfix),IF(OR(_xlpm.rep="",_xlpm.sent=0,_xlpm.base=0),"",WORKDAY(_xlpm.base,3)))} | AN12: {=_xlfn.LET(_xlpm.rep,$B12,_xlpm.sent,_xlfn.MAXIFS('Rework Log'!$B$2:$B$497,'Rework Log'!$A$2:$A$497,_xlpm.rep,'Rework Log'!$C$2:$C$497,"DPO*"),_xlpm.fixdate,_xlfn.MAXIFS('Rework Log'!$J$2:$J$497,'Rework Log'!$A$2:$A$497,_xlpm.rep,'Rework Log'!$C$2:$C$497,"DPO*",'Rework Log'!$B$2:$B$497,_xlpm.sent),_xlpm.expfix,_xlfn.MAXIFS('Rework Log'!$I$2:$I$497,'Rework Log'!$A$2:$A$497,_xlpm.rep,'Rework Log'!$C$2:$C$497,"DPO*",'Rework Log'!$B$2:$B$497,_xlpm.sent),_xlpm.base,IF(_xlpm.fixdate>0,_xlpm.fixdate,_xlpm.expfix),IF(OR(_xlpm.rep="",_xlpm.sent=0,_xlpm.base=0),"",WORKDAY(_xlpm.base,7)))}
A13: Leaks | B13: RPT_04_Main Break Corrosion and Leak Cluster | C13: RELEASED IN PROD | D13: {=IF(AND(C13="Ready for Release in Prod",LEFT($AJ13,3)<>"Yes"),IF(AG13<>"","Delivered","On track"),IF($B13="","",IF(LEFT($AJ13,3)="Yes","Blocked - "&MID($AJ13,7,100)&IF(SUMPRODUCT(('Rework Log'!$A$2:$A$497=$B13)*('Rework Log'!$G$2:$G$497<>"Yes")*('Rework Log'!$G$2:$G$497<>"Did not pass re-test"))=0,"",IF(SUMPRODUCT(MAX((('Rework Log'!$A$2:$A$497=$B13)*('Rework Log'!$G$2:$G$497<>"Yes")*('Rework Log'!$G$2:$G$497<>"Did not pass re-test"))*'Rework Log'!$I$2:$I$497))=0," - unclaimed"," - promised "&TEXT(SUMPRODUCT(MAX((('Rework Log'!$A$2:$A$497=$B13)*('Rework Log'!$G$2:$G$497<>"Yes")*('Rework Log'!$G$2:$G$497<>"Did not pass re-test"))*'Rework Log'!$I$2:$I$497)),"m/d"))),IF(C13="NOT STARTED",IF(H13="","No plan date set",IF(H13<TODAY(),"Review - planned start passed","On track")),IF(C13="DB Dev",_xlfn.LET(_xlpm.sent,_xlfn.MAXIFS('Rework Log'!$B$2:$B$497,'Rework Log'!$A$2:$A$497,$B13,'Rework Log'!$D$2:$D$497,"DB Dev"),_xlpm.expfix,_xlfn.MAXIFS('Rework Log'!$I$2:$I$497,'Rework Log'!$A$2:$A$497,$B13,'Rework Log'!$D$2:$D$497,"DB Dev",'Rework Log'!$B$2:$B$497,_xlpm.sent),_xlpm.tgt,IF(_xlpm.expfix>0,_xlpm.expfix,IF(L13<>"",L13,K13)),_xlpm.act,IF(AND(M13<>"",M13>=_xlpm.sent),M13,""),IF(_xlpm.tgt="","No target set",IF(AND(_xlpm.tgt<TODAY(),_xlpm.act=""),"Overdue","On track"))),IF(C13="PBI Dev",_xlfn.LET(_xlpm.sent,_xlfn.MAXIFS('Rework Log'!$B$2:$B$497,'Rework Log'!$A$2:$A$497,$B13,'Rework Log'!$D$2:$D$497,"PBI Dev"),_xlpm.expfix,_xlfn.MAXIFS('Rework Log'!$I$2:$I$497,'Rework Log'!$A$2:$A$497,$B13,'Rework Log'!$D$2:$D$497,"PBI Dev",'Rework Log'!$B$2:$B$497,_xlpm.sent),_xlpm.tgt,IF(_xlpm.expfix>0,_xlpm.expfix,IF(R13<>"",R13,Q13)),_xlpm.act,IF(AND(S13<>"",S13>=_xlpm.sent),S13,""),IF(_xlpm.tgt="","No target set",IF(AND(_xlpm.tgt<TODAY(),_xlpm.act=""),"Overdue","On track"))),IF(C13="QA",_xlfn.LET(_xlpm.tgt,IF(AM13<>"",AM13,IF(W13<>"",W13,V13)),_xlpm.sent,_xlfn.MAXIFS('Rework Log'!$B$2:$B$497,'Rework Log'!$A$2:$A$497,$B13,'Rework Log'!$C$2:$C$497,"QA"),_xlpm.act,IF(AND(Y13<>"",Y13>=_xlpm.sent),Y13,""),IF(_xlpm.tgt="","No target set",IF(AND(_xlpm.tgt<TODAY(),_xlpm.act=""),"Overdue","On track"))),IF(C13="DPO Approval",_xlfn.LET(_xlpm.tgt,IF(AN13<>"",AN13,IF(AB13<>"",AB13,AA13)),_xlpm.sent,_xlfn.MAXIFS('Rework Log'!$B$2:$B$497,'Rework Log'!$A$2:$A$497,$B13,'Rework Log'!$C$2:$C$497,"DPO*"),_xlpm.act,IF(AND(AC13<>"",AC13>=_xlpm.sent),AC13,""),IF(_xlpm.tgt="","No target set",IF(AND(_xlpm.tgt<TODAY(),_xlpm.act=""),"Overdue","On track"))),IF(C13="RELEASED IN PROD","Delivered","")))))))))} -> Delivered | E13: 12 | H13: 46173 | I13: May | J13: Siddu | K13: 46150 | M13: 46157 | N13: Curated | P13: Sarath | Q13: 46157 | S13: 46175 | U13: Kelvin | V13: 46164 | Y13: 46179 | AA13: 46169 | AD13: Kelvin Hu | AE13: compliance | AF13: Yes | AG13: 46179 | AH13: https://app.powerbi.com/groups/me/apps/eedba83d-be9a-45f9-9504-7bfa41e6051a/reports/efc0a204-1a7b-4be6-8334-c7582c9093b8/ReportSection81bc1123208781ca563a?experience=power-bi | AJ13: No | AK13: =IF($B13="","",IF(AND(LEFT($AJ13,3)="Yes",SUMPRODUCT(('Rework Log'!$A$2:$A$497=$B13)*('Rework Log'!$G$2:$G$497<>"Yes")*('Rework Log'!$G$2:$G$497<>"Did not pass re-test"))=0),"Blocked - log it on Rework Log",IF(AND(LEFT($AJ13,3)<>"Yes",SUMPRODUCT(('Rework Log'!$A$2:$A$497=$B13)*('Rework Log'!$G$2:$G$497<>"Yes")*('Rework Log'!$G$2:$G$497<>"Did not pass re-test"))>0),"Open rework row - mark Blocked? or close it",IF(AND($AJ13="Yes – needs DB Dev to fix",M13<>"",SUMPRODUCT(MAX((('Rework Log'!$A$2:$A$497=$B13)*('Rework Log'!$G$2:$G$497<>"Yes")*('Rework Log'!$G$2:$G$497<>"Did not pass re-test"))*'Rework Log'!$I$2:$I$497))>0),"Move old DB Dev completion date to Rework Log (col H)",IF(AND($AJ13="Yes – needs PBI Dev to fix",S13<>"",SUMPRODUCT(MAX((('Rework Log'!$A$2:$A$497=$B13)*('Rework Log'!$G$2:$G$497<>"Yes")*('Rework Log'!$G$2:$G$497<>"Did not pass re-test"))*'Rework Log'!$I$2:$I$497))>0),"Move old PBI Dev completion date to Rework Log (col H)",IF(AND($AJ13="Yes – needs QA to fix",Y13<>"",SUMPRODUCT(MAX((('Rework Log'!$A$2:$A$497=$B13)*('Rework Log'!$G$2:$G$497<>"Yes")*('Rework Log'!$G$2:$G$497<>"Did not pass re-test"))*'Rework Log'!$I$2:$I$497))>0),"Move old QA completion date to Rework Log (col H)",IF(COUNTIF($B$2:$B$528,$B13)>1,"Duplicate name - check row",IF(COUNTIF('Rework Log'!$A$2:$A$497,$B13)>0,"",IF(AND(V13<>"",K13<>"",V13<K13),"QA target is before DB Dev target",IF(AND(V13<>"",Q13<>"",V13<Q13),"QA target is before PBI Dev target",IF(AND(AA13<>"",V13<>"",AA13<V13),"DPO Approval target is before QA target",IF(AND(AG13<>"",AA13<>"",AG13<AA13),"Confirmed Deployed date is before DPO Approval target","")))))))))))) | AM13: {=_xlfn.LET(_xlpm.rep,$B13,_xlpm.sent,_xlfn.MAXIFS('Rework Log'!$B$2:$B$497,'Rework Log'!$A$2:$A$497,_xlpm.rep,'Rework Log'!$C$2:$C$497,"QA"),_xlpm.fixdate,_xlfn.MAXIFS('Rework Log'!$J$2:$J$497,'Rework Log'!$A$2:$A$497,_xlpm.rep,'Rework Log'!$C$2:$C$497,"QA",'Rework Log'!$B$2:$B$497,_xlpm.sent),_xlpm.expfix,_xlfn.MAXIFS('Rework Log'!$I$2:$I$497,'Rework Log'!$A$2:$A$497,_xlpm.rep,'Rework Log'!$C$2:$C$497,"QA",'Rework Log'!$B$2:$B$497,_xlpm.sent),_xlpm.base,IF(_xlpm.fixdate>0,_xlpm.fixdate,_xlpm.expfix),IF(OR(_xlpm.rep="",_xlpm.sent=0,_xlpm.base=0),"",WORKDAY(_xlpm.base,3)))} | AN13: {=_xlfn.LET(_xlpm.rep,$B13,_xlpm.sent,_xlfn.MAXIFS('Rework Log'!$B$2:$B$497,'Rework Log'!$A$2:$A$497,_xlpm.rep,'Rework Log'!$C$2:$C$497,"DPO*"),_xlpm.fixdate,_xlfn.MAXIFS('Rework Log'!$J$2:$J$497,'Rework Log'!$A$2:$A$497,_xlpm.rep,'Rework Log'!$C$2:$C$497,"DPO*",'Rework Log'!$B$2:$B$497,_xlpm.sent),_xlpm.expfix,_xlfn.MAXIFS('Rework Log'!$I$2:$I$497,'Rework Log'!$A$2:$A$497,_xlpm.rep,'Rework Log'!$C$2:$C$497,"DPO*",'Rework Log'!$B$2:$B$497,_xlpm.sent),_xlpm.base,IF(_xlpm.fixdate>0,_xlpm.fixdate,_xlpm.expfix),IF(OR(_xlpm.rep="",_xlpm.sent=0,_xlpm.base=0),"",WORKDAY(_xlpm.base,7)))}
A14: Leaks | B14: RPT_04_Leak Summary Status | C14: RELEASED IN PROD | D14: {=IF(AND(C14="Ready for Release in Prod",LEFT($AJ14,3)<>"Yes"),IF(AG14<>"","Delivered","On track"),IF($B14="","",IF(LEFT($AJ14,3)="Yes","Blocked - "&MID($AJ14,7,100)&IF(SUMPRODUCT(('Rework Log'!$A$2:$A$497=$B14)*('Rework Log'!$G$2:$G$497<>"Yes")*('Rework Log'!$G$2:$G$497<>"Did not pass re-test"))=0,"",IF(SUMPRODUCT(MAX((('Rework Log'!$A$2:$A$497=$B14)*('Rework Log'!$G$2:$G$497<>"Yes")*('Rework Log'!$G$2:$G$497<>"Did not pass re-test"))*'Rework Log'!$I$2:$I$497))=0," - unclaimed"," - promised "&TEXT(SUMPRODUCT(MAX((('Rework Log'!$A$2:$A$497=$B14)*('Rework Log'!$G$2:$G$497<>"Yes")*('Rework Log'!$G$2:$G$497<>"Did not pass re-test"))*'Rework Log'!$I$2:$I$497)),"m/d"))),IF(C14="NOT STARTED",IF(H14="","No plan date set",IF(H14<TODAY(),"Review - planned start passed","On track")),IF(C14="DB Dev",_xlfn.LET(_xlpm.sent,_xlfn.MAXIFS('Rework Log'!$B$2:$B$497,'Rework Log'!$A$2:$A$497,$B14,'Rework Log'!$D$2:$D$497,"DB Dev"),_xlpm.expfix,_xlfn.MAXIFS('Rework Log'!$I$2:$I$497,'Rework Log'!$A$2:$A$497,$B14,'Rework Log'!$D$2:$D$497,"DB Dev",'Rework Log'!$B$2:$B$497,_xlpm.sent),_xlpm.tgt,IF(_xlpm.expfix>0,_xlpm.expfix,IF(L14<>"",L14,K14)),_xlpm.act,IF(AND(M14<>"",M14>=_xlpm.sent),M14,""),IF(_xlpm.tgt="","No target set",IF(AND(_xlpm.tgt<TODAY(),_xlpm.act=""),"Overdue","On track"))),IF(C14="PBI Dev",_xlfn.LET(_xlpm.sent,_xlfn.MAXIFS('Rework Log'!$B$2:$B$497,'Rework Log'!$A$2:$A$497,$B14,'Rework Log'!$D$2:$D$497,"PBI Dev"),_xlpm.expfix,_xlfn.MAXIFS('Rework Log'!$I$2:$I$497,'Rework Log'!$A$2:$A$497,$B14,'Rework Log'!$D$2:$D$497,"PBI Dev",'Rework Log'!$B$2:$B$497,_xlpm.sent),_xlpm.tgt,IF(_xlpm.expfix>0,_xlpm.expfix,IF(R14<>"",R14,Q14)),_xlpm.act,IF(AND(S14<>"",S14>=_xlpm.sent),S14,""),IF(_xlpm.tgt="","No target set",IF(AND(_xlpm.tgt<TODAY(),_xlpm.act=""),"Overdue","On track"))),IF(C14="QA",_xlfn.LET(_xlpm.tgt,IF(AM14<>"",AM14,IF(W14<>"",W14,V14)),_xlpm.sent,_xlfn.MAXIFS('Rework Log'!$B$2:$B$497,'Rework Log'!$A$2:$A$497,$B14,'Rework Log'!$C$2:$C$497,"QA"),_xlpm.act,IF(AND(Y14<>"",Y14>=_xlpm.sent),Y14,""),IF(_xlpm.tgt="","No target set",IF(AND(_xlpm.tgt<TODAY(),_xlpm.act=""),"Overdue","On track"))),IF(C14="DPO Approval",_xlfn.LET(_xlpm.tgt,IF(AN14<>"",AN14,IF(AB14<>"",AB14,AA14)),_xlpm.sent,_xlfn.MAXIFS('Rework Log'!$B$2:$B$497,'Rework Log'!$A$2:$A$497,$B14,'Rework Log'!$C$2:$C$497,"DPO*"),_xlpm.act,IF(AND(AC14<>"",AC14>=_xlpm.sent),AC14,""),IF(_xlpm.tgt="","No target set",IF(AND(_xlpm.tgt<TODAY(),_xlpm.act=""),"Overdue","On track"))),IF(C14="RELEASED IN PROD","Delivered","")))))))))} -> Delivered | E14: 13 | H14: 46173 | I14: May | J14: Fetwi | K14: 46150 | M14: 46157 | N14: Curated | P14: Navya | Q14: 46157 | S14: 46143 | U14: Kelvin | V14: 46164 | Y14: 46175 | AA14: 46169 | AD14: Kelvin Hu | AE14: Ops | AF14: Yes | AG14: 46184 | AH14: https://app.powerbi.com/groups/me/apps/7767030c-f4c8-4488-b3cb-36a860cb6ff2/reports/184a9cdc-83f5-40b0-940d-d901ad9fb404/ReportSection6d915001f68ea4805272?ctid=f98a6a53-25f3-4212-901c-c7787fcd3495&experience=power-bi | AI14: https://app.powerbi.com/groups/me/apps/5b29b0dd-a398-4801-84ce-f3a7d8435827/reports/f7af2903-2d63-497e-b262-100f5a3b500b/ReportSection6d915001f68ea4805272?ctid=f98a6a53-25f3-4212-901c-c7787fcd3495&experience=power-bi | AJ14: No | AK14: =IF($B14="","",IF(AND(LEFT($AJ14,3)="Yes",SUMPRODUCT(('Rework Log'!$A$2:$A$497=$B14)*('Rework Log'!$G$2:$G$497<>"Yes")*('Rework Log'!$G$2:$G$497<>"Did not pass re-test"))=0),"Blocked - log it on Rework Log",IF(AND(LEFT($AJ14,3)<>"Yes",SUMPRODUCT(('Rework Log'!$A$2:$A$497=$B14)*('Rework Log'!$G$2:$G$497<>"Yes")*('Rework Log'!$G$2:$G$497<>"Did not pass re-test"))>0),"Open rework row - mark Blocked? or close it",IF(AND($AJ14="Yes – needs DB Dev to fix",M14<>"",SUMPRODUCT(MAX((('Rework Log'!$A$2:$A$497=$B14)*('Rework Log'!$G$2:$G$497<>"Yes")*('Rework Log'!$G$2:$G$497<>"Did not pass re-test"))*'Rework Log'!$I$2:$I$497))>0),"Move old DB Dev completion date to Rework Log (col H)",IF(AND($AJ14="Yes – needs PBI Dev to fix",S14<>"",SUMPRODUCT(MAX((('Rework Log'!$A$2:$A$497=$B14)*('Rework Log'!$G$2:$G$497<>"Yes")*('Rework Log'!$G$2:$G$497<>"Did not pass re-test"))*'Rework Log'!$I$2:$I$497))>0),"Move old PBI Dev completion date to Rework Log (col H)",IF(AND($AJ14="Yes – needs QA to fix",Y14<>"",SUMPRODUCT(MAX((('Rework Log'!$A$2:$A$497=$B14)*('Rework Log'!$G$2:$G$497<>"Yes")*('Rework Log'!$G$2:$G$497<>"Did not pass re-test"))*'Rework Log'!$I$2:$I$497))>0),"Move old QA completion date to Rework Log (col H)",IF(COUNTIF($B$2:$B$528,$B14)>1,"Duplicate name - check row",IF(COUNTIF('Rework Log'!$A$2:$A$497,$B14)>0,"",IF(AND(V14<>"",K14<>"",V14<K14),"QA target is before DB Dev target",IF(AND(V14<>"",Q14<>"",V14<Q14),"QA target is before PBI Dev target",IF(AND(AA14<>"",V14<>"",AA14<V14),"DPO Approval target is before QA target",IF(AND(AG14<>"",AA14<>"",AG14<AA14),"Confirmed Deployed date is before DPO Approval target","")))))))))))) | AM14: {=_xlfn.LET(_xlpm.rep,$B14,_xlpm.sent,_xlfn.MAXIFS('Rework Log'!$B$2:$B$497,'Rework Log'!$A$2:$A$497,_xlpm.rep,'Rework Log'!$C$2:$C$497,"QA"),_xlpm.fixdate,_xlfn.MAXIFS('Rework Log'!$J$2:$J$497,'Rework Log'!$A$2:$A$497,_xlpm.rep,'Rework Log'!$C$2:$C$497,"QA",'Rework Log'!$B$2:$B$497,_xlpm.sent),_xlpm.expfix,_xlfn.MAXIFS('Rework Log'!$I$2:$I$497,'Rework Log'!$A$2:$A$497,_xlpm.rep,'Rework Log'!$C$2:$C$497,"QA",'Rework Log'!$B$2:$B$497,_xlpm.sent),_xlpm.base,IF(_xlpm.fixdate>0,_xlpm.fixdate,_xlpm.expfix),IF(OR(_xlpm.rep="",_xlpm.sent=0,_xlpm.base=0),"",WORKDAY(_xlpm.base,3)))} | AN14: {=_xlfn.LET(_xlpm.rep,$B14,_xlpm.sent,_xlfn.MAXIFS('Rework Log'!$B$2:$B$497,'Rework Log'!$A$2:$A$497,_xlpm.rep,'Rework Log'!$C$2:$C$497,"DPO*"),_xlpm.fixdate,_xlfn.MAXIFS('Rework Log'!$J$2:$J$497,'Rework Log'!$A$2:$A$497,_xlpm.rep,'Rework Log'!$C$2:$C$497,"DPO*",'Rework Log'!$B$2:$B$497,_xlpm.sent),_xlpm.expfix,_xlfn.MAXIFS('Rework Log'!$I$2:$I$497,'Rework Log'!$A$2:$A$497,_xlpm.rep,'Rework Log'!$C$2:$C$497,"DPO*",'Rework Log'!$B$2:$B$497,_xlpm.sent),_xlpm.base,IF(_xlpm.fixdate>0,_xlpm.fixdate,_xlpm.expfix),IF(OR(_xlpm.rep="",_xlpm.sent=0,_xlpm.base=0),"",WORKDAY(_xlpm.base,7)))}
A15: Leaks | B15: RPT_04_PSC Leak Printout | C15: RELEASED IN PROD | D15: {=IF(AND(C15="Ready for Release in Prod",LEFT($AJ15,3)<>"Yes"),IF(AG15<>"","Delivered","On track"),IF($B15="","",IF(LEFT($AJ15,3)="Yes","Blocked - "&MID($AJ15,7,100)&IF(SUMPRODUCT(('Rework Log'!$A$2:$A$497=$B15)*('Rework Log'!$G$2:$G$497<>"Yes")*('Rework Log'!$G$2:$G$497<>"Did not pass re-test"))=0,"",IF(SUMPRODUCT(MAX((('Rework Log'!$A$2:$A$497=$B15)*('Rework Log'!$G$2:$G$497<>"Yes")*('Rework Log'!$G$2:$G$497<>"Did not pass re-test"))*'Rework Log'!$I$2:$I$497))=0," - unclaimed"," - promised "&TEXT(SUMPRODUCT(MAX((('Rework Log'!$A$2:$A$497=$B15)*('Rework Log'!$G$2:$G$497<>"Yes")*('Rework Log'!$G$2:$G$497<>"Did not pass re-test"))*'Rework Log'!$I$2:$I$497)),"m/d"))),IF(C15="NOT STARTED",IF(H15="","No plan date set",IF(H15<TODAY(),"Review - planned start passed","On track")),IF(C15="DB Dev",_xlfn.LET(_xlpm.sent,_xlfn.MAXIFS('Rework Log'!$B$2:$B$497,'Rework Log'!$A$2:$A$497,$B15,'Rework Log'!$D$2:$D$497,"DB Dev"),_xlpm.expfix,_xlfn.MAXIFS('Rework Log'!$I$2:$I$497,'Rework Log'!$A$2:$A$497,$B15,'Rework Log'!$D$2:$D$497,"DB Dev",'Rework Log'!$B$2:$B$497,_xlpm.sent),_xlpm.tgt,IF(_xlpm.expfix>0,_xlpm.expfix,IF(L15<>"",L15,K15)),_xlpm.act,IF(AND(M15<>"",M15>=_xlpm.sent),M15,""),IF(_xlpm.tgt="","No target set",IF(AND(_xlpm.tgt<TODAY(),_xlpm.act=""),"Overdue","On track"))),IF(C15="PBI Dev",_xlfn.LET(_xlpm.sent,_xlfn.MAXIFS('Rework Log'!$B$2:$B$497,'Rework Log'!$A$2:$A$497,$B15,'Rework Log'!$D$2:$D$497,"PBI Dev"),_xlpm.expfix,_xlfn.MAXIFS('Rework Log'!$I$2:$I$497,'Rework Log'!$A$2:$A$497,$B15,'Rework Log'!$D$2:$D$497,"PBI Dev",'Rework Log'!$B$2:$B$497,_xlpm.sent),_xlpm.tgt,IF(_xlpm.expfix>0,_xlpm.expfix,IF(R15<>"",R15,Q15)),_xlpm.act,IF(AND(S15<>"",S15>=_xlpm.sent),S15,""),IF(_xlpm.tgt="","No target set",IF(AND(_xlpm.tgt<TODAY(),_xlpm.act=""),"Overdue","On track"))),IF(C15="QA",_xlfn.LET(_xlpm.tgt,IF(AM15<>"",AM15,IF(W15<>"",W15,V15)),_xlpm.sent,_xlfn.MAXIFS('Rework Log'!$B$2:$B$497,'Rework Log'!$A$2:$A$497,$B15,'Rework Log'!$C$2:$C$497,"QA"),_xlpm.act,IF(AND(Y15<>"",Y15>=_xlpm.sent),Y15,""),IF(_xlpm.tgt="","No target set",IF(AND(_xlpm.tgt<TODAY(),_xlpm.act=""),"Overdue","On track"))),IF(C15="DPO Approval",_xlfn.LET(_xlpm.tgt,IF(AN15<>"",AN15,IF(AB15<>"",AB15,AA15)),_xlpm.sent,_xlfn.MAXIFS('Rework Log'!$B$2:$B$497,'Rework Log'!$A$2:$A$497,$B15,'Rework Log'!$C$2:$C$497,"DPO*"),_xlpm.act,IF(AND(AC15<>"",AC15>=_xlpm.sent),AC15,""),IF(_xlpm.tgt="","No target set",IF(AND(_xlpm.tgt<TODAY(),_xlpm.act=""),"Overdue","On track"))),IF(C15="RELEASED IN PROD","Delivered","")))))))))} -> Delivered | E15: 14 | H15: 46173 | I15: May | J15: Fetwi | K15: 46150 | M15: 46157 | N15: Curated | P15: Shraddha | Q15: 46157 | S15: 46178 | U15: Preety | V15: 46164 | Y15: 46175 | AA15: 46169 | AD15: Kelvin Hu | AE15: Regulatory | AF15: Yes | AG15: 46192 | AH15: https://app.powerbi.com/groups/me/apps/61b18507-2848-49b9-aacc-32c49ffe1e0b/rdlreports/84ee7713-075e-496c-8610-43022c6a55ab?ctid=f98a6a53-25f3-4212-901c-c7787fcd3495&experience=power-bi | AJ15: No | AK15: {=IF($B15="","",_xlfn.LET(_xlpm.nm,$B15,_xlpm.st,$C15,_xlpm.ou,SUMPRODUCT(('Rework Log'!$A$2:$A$497=_xlpm.nm)*('Rework Log'!$G$2:$G$497<>"Yes")*('Rework Log'!$G$2:$G$497<>"Did not pass re-test")*('Rework Log'!$J$2:$J$497="")),_xlpm.ob,SUMPRODUCT(('Rework Log'!$A$2:$A$497=_xlpm.nm)*('Rework Log'!$G$2:$G$497<>"Yes")*('Rework Log'!$G$2:$G$497<>"Did not pass re-test")),_xlpm.oto,IF(SUMPRODUCT(('Rework Log'!$A$2:$A$497=_xlpm.nm)*('Rework Log'!$G$2:$G$497<>"Yes")*('Rework Log'!$G$2:$G$497<>"Did not pass re-test")*('Rework Log'!$J$2:$J$497=""))=0,"",INDEX('Rework Log'!$D$2:$D$497,MATCH(1,('Rework Log'!$A$2:$A$497=_xlpm.nm)*('Rework Log'!$G$2:$G$497<>"Yes")*('Rework Log'!$G$2:$G$497<>"Did not pass re-test")*('Rework Log'!$J$2:$J$497=""),0))),_xlpm.sent,_xlfn.MAXIFS('Rework Log'!$B$2:$B$497,'Rework Log'!$A$2:$A$497,_xlpm.nm),_xlpm.act,_xlfn.IFS(_xlpm.st="NOT STARTED",$M15,_xlpm.st="DB Dev",$M15,_xlpm.st="PBI Dev",$S15,_xlpm.st="QA",$Y15,_xlpm.st="DPO Approval",$AC15,_xlpm.st="Ready for Release in Prod",$AG15,TRUE,""),_xlpm.nxt,_xlfn.IFS(_xlpm.st="NOT STARTED","PBI Dev",_xlpm.st="DB Dev","PBI Dev",_xlpm.st="PBI Dev","QA",_xlpm.st="QA","DPO Approval",_xlpm.st="DPO Approval","Ready for Release in Prod",_xlpm.st="Ready for Release in Prod","RELEASED IN PROD",TRUE,""),IF(AND(_xlpm.ou>0,_xlpm.st<>_xlpm.oto),"Move status back to "&_xlpm.oto,IF(AND(_xlpm.ob=0,LEFT($AJ15,3)="Yes"),"Blocked - log it on Rework Log",IF(AND(_xlpm.ob>0,LEFT($AJ15,3)<>"Yes"),"Open rework row - mark Blocked or close it",IF(AND(_xlpm.ob=0,_xlpm.act<>"",_xlpm.act>=_xlpm.sent,_xlpm.nxt<>""),"Move status to "&_xlpm.nxt,IF(COUNTIF($B$2:$B$528,$B15)>1,"Duplicate name - check row",IF(COUNTIF('Rework Log'!$A$2:$A$497,$B15)>0,"",IF(AND($V15<>"",$K15<>"",$V15<$K15),"QA target is before DB Dev target",IF(AND($V15<>"",$Q15<>"",$V15<$Q15),"QA target is before PBI Dev target",IF(AND($AA15<>"",$V15<>"",$AA15<$V15),"DPO Approval target is before QA target",IF(AND($AG15<>"",$AA15<>"",$AG15<$AA15),"Confirmed Deployed date is before DPO Approval target",""))))))))))))} | AL15: [Historical, May/June 2026]: Fetwi was investigating a slowness issue in this report. | AM15: {=_xlfn.LET(_xlpm.rep,$B15,_xlpm.sent,_xlfn.MAXIFS('Rework Log'!$B$2:$B$497,'Rework Log'!$A$2:$A$497,_xlpm.rep,'Rework Log'!$C$2:$C$497,"QA"),_xlpm.fixdate,_xlfn.MAXIFS('Rework Log'!$J$2:$J$497,'Rework Log'!$A$2:$A$497,_xlpm.rep,'Rework Log'!$C$2:$C$497,"QA",'Rework Log'!$B$2:$B$497,_xlpm.sent),_xlpm.expfix,_xlfn.MAXIFS('Rework Log'!$I$2:$I$497,'Rework Log'!$A$2:$A$497,_xlpm.rep,'Rework Log'!$C$2:$C$497,"QA",'Rework Log'!$B$2:$B$497,_xlpm.sent),_xlpm.base,IF(_xlpm.fixdate>0,_xlpm.fixdate,_xlpm.expfix),IF(OR(_xlpm.rep="",_xlpm.sent=0,_xlpm.base=0),"",WORKDAY(_xlpm.base,3)))} | AN15: {=_xlfn.LET(_xlpm.rep,$B15,_xlpm.sent,_xlfn.MAXIFS('Rework Log'!$B$2:$B$497,'Rework Log'!$A$2:$A$497,_xlpm.rep,'Rework Log'!$C$2:$C$497,"DPO*"),_xlpm.fixdate,_xlfn.MAXIFS('Rework Log'!$J$2:$J$497,'Rework Log'!$A$2:$A$497,_xlpm.rep,'Rework Log'!$C$2:$C$497,"DPO*",'Rework Log'!$B$2:$B$497,_xlpm.sent),_xlpm.expfix,_xlfn.MAXIFS('Rework Log'!$I$2:$I$497,'Rework Log'!$A$2:$A$497,_xlpm.rep,'Rework Log'!$C$2:$C$497,"DPO*",'Rework Log'!$B$2:$B$497,_xlpm.sent),_xlpm.base,IF(_xlpm.fixdate>0,_xlpm.fixdate,_xlpm.expfix),IF(OR(_xlpm.rep="",_xlpm.sent=0,_xlpm.base=0),"",WORKDAY(_xlpm.base,7)))}
A16: Leaks | B16: RPT_04_Surveillances With Zero Readings | C16: RELEASED IN PROD | D16: {=IF(AND(C16="Ready for Release in Prod",LEFT($AJ16,3)<>"Yes"),IF(AG16<>"","Delivered","On track"),IF($B16="","",IF(LEFT($AJ16,3)="Yes","Blocked - "&MID($AJ16,7,100)&IF(SUMPRODUCT(('Rework Log'!$A$2:$A$497=$B16)*('Rework Log'!$G$2:$G$497<>"Yes")*('Rework Log'!$G$2:$G$497<>"Did not pass re-test"))=0,"",IF(SUMPRODUCT(MAX((('Rework Log'!$A$2:$A$497=$B16)*('Rework Log'!$G$2:$G$497<>"Yes")*('Rework Log'!$G$2:$G$497<>"Did not pass re-test"))*'Rework Log'!$I$2:$I$497))=0," - unclaimed"," - promised "&TEXT(SUMPRODUCT(MAX((('Rework Log'!$A$2:$A$497=$B16)*('Rework Log'!$G$2:$G$497<>"Yes")*('Rework Log'!$G$2:$G$497<>"Did not pass re-test"))*'Rework Log'!$I$2:$I$497)),"m/d"))),IF(C16="NOT STARTED",IF(H16="","No plan date set",IF(H16<TODAY(),"Review - planned start passed","On track")),IF(C16="DB Dev",_xlfn.LET(_xlpm.sent,_xlfn.MAXIFS('Rework Log'!$B$2:$B$497,'Rework Log'!$A$2:$A$497,$B16,'Rework Log'!$D$2:$D$497,"DB Dev"),_xlpm.expfix,_xlfn.MAXIFS('Rework Log'!$I$2:$I$497,'Rework Log'!$A$2:$A$497,$B16,'Rework Log'!$D$2:$D$497,"DB Dev",'Rework Log'!$B$2:$B$497,_xlpm.sent),_xlpm.tgt,IF(_xlpm.expfix>0,_xlpm.expfix,IF(L16<>"",L16,K16)),_xlpm.act,IF(AND(M16<>"",M16>=_xlpm.sent),M16,""),IF(_xlpm.tgt="","No target set",IF(AND(_xlpm.tgt<TODAY(),_xlpm.act=""),"Overdue","On track"))),IF(C16="PBI Dev",_xlfn.LET(_xlpm.sent,_xlfn.MAXIFS('Rework Log'!$B$2:$B$497,'Rework Log'!$A$2:$A$497,$B16,'Rework Log'!$D$2:$D$497,"PBI Dev"),_xlpm.expfix,_xlfn.MAXIFS('Rework Log'!$I$2:$I$497,'Rework Log'!$A$2:$A$497,$B16,'Rework Log'!$D$2:$D$497,"PBI Dev",'Rework Log'!$B$2:$B$497,_xlpm.sent),_xlpm.tgt,IF(_xlpm.expfix>0,_xlpm.expfix,IF(R16<>"",R16,Q16)),_xlpm.act,IF(AND(S16<>"",S16>=_xlpm.sent),S16,""),IF(_xlpm.tgt="","No target set",IF(AND(_xlpm.tgt<TODAY(),_xlpm.act=""),"Overdue","On track"))),IF(C16="QA",_xlfn.LET(_xlpm.tgt,IF(AM16<>"",AM16,IF(W16<>"",W16,V16)),_xlpm.sent,_xlfn.MAXIFS('Rework Log'!$B$2:$B$497,'Rework Log'!$A$2:$A$497,$B16,'Rework Log'!$C$2:$C$497,"QA"),_xlpm.act,IF(AND(Y16<>"",Y16>=_xlpm.sent),Y16,""),IF(_xlpm.tgt="","No target set",IF(AND(_xlpm.tgt<TODAY(),_xlpm.act=""),"Overdue","On track"))),IF(C16="DPO Approval",_xlfn.LET(_xlpm.tgt,IF(AN16<>"",AN16,IF(AB16<>"",AB16,AA16)),_xlpm.sent,_xlfn.MAXIFS('Rework Log'!$B$2:$B$497,'Rework Log'!$A$2:$A$497,$B16,'Rework Log'!$C$2:$C$497,"DPO*"),_xlpm.act,IF(AND(AC16<>"",AC16>=_xlpm.sent),AC16,""),IF(_xlpm.tgt="","No target set",IF(AND(_xlpm.tgt<TODAY(),_xlpm.act=""),"Overdue","On track"))),IF(C16="RELEASED IN PROD","Delivered","")))))))))} -> Delivered | E16: 15 | H16: 46173 | I16: May | N16: Curated | AD16: Kelvin Hu | AE16: compliance | AF16: Yes | AG16: 46203 | AM16: {=_xlfn.LET(_xlpm.rep,$B16,_xlpm.sent,_xlfn.MAXIFS('Rework Log'!$B$2:$B$497,'Rework Log'!$A$2:$A$497,_xlpm.rep,'Rework Log'!$C$2:$C$497,"QA"),_xlpm.fixdate,_xlfn.MAXIFS('Rework Log'!$J$2:$J$497,'Rework Log'!$A$2:$A$497,_xlpm.rep,'Rework Log'!$C$2:$C$497,"QA",'Rework Log'!$B$2:$B$497,_xlpm.sent),_xlpm.expfix,_xlfn.MAXIFS('Rework Log'!$I$2:$I$497,'Rework Log'!$A$2:$A$497,_xlpm.rep,'Rework Log'!$C$2:$C$497,"QA",'Rework Log'!$B$2:$B$497,_xlpm.sent),_xlpm.base,IF(_xlpm.fixdate>0,_xlpm.fixdate,_xlpm.expfix),IF(OR(_xlpm.rep="",_xlpm.sent=0,_xlpm.base=0),"",WORKDAY(_xlpm.base,3)))} | AN16: {=_xlfn.LET(_xlpm.rep,$B16,_xlpm.sent,_xlfn.MAXIFS('Rework Log'!$B$2:$B$497,'Rework Log'!$A$2:$A$497,_xlpm.rep,'Rework Log'!$C$2:$C$497,"DPO*"),_xlpm.fixdate,_xlfn.MAXIFS('Rework Log'!$J$2:$J$497,'Rework Log'!$A$2:$A$497,_xlpm.rep,'Rework Log'!$C$2:$C$497,"DPO*",'Rework Log'!$B$2:$B$497,_xlpm.sent),_xlpm.expfix,_xlfn.MAXIFS('Rework Log'!$I$2:$I$497,'Rework Log'!$A$2:$A$497,_xlpm.rep,'Rework Log'!$C$2:$C$497,"DPO*",'Rework Log'!$B$2:$B$497,_xlpm.sent),_xlpm.base,IF(_xlpm.fixdate>0,_xlpm.fixdate,_xlpm.expfix),IF(OR(_xlpm.rep="",_xlpm.sent=0,_xlpm.base=0),"",WORKDAY(_xlpm.base,7)))}
A17: Leaks | B17: RPT_04 High Emitter leaks | C17: RELEASED IN PROD | D17: {=IF(AND(C17="Ready for Release in Prod",LEFT($AJ17,3)<>"Yes"),IF(AG17<>"","Delivered","On track"),IF($B17="","",IF(LEFT($AJ17,3)="Yes","Blocked - "&MID($AJ17,7,100)&IF(SUMPRODUCT(('Rework Log'!$A$2:$A$497=$B17)*('Rework Log'!$G$2:$G$497<>"Yes")*('Rework Log'!$G$2:$G$497<>"Did not pass re-test"))=0,"",IF(SUMPRODUCT(MAX((('Rework Log'!$A$2:$A$497=$B17)*('Rework Log'!$G$2:$G$497<>"Yes")*('Rework Log'!$G$2:$G$497<>"Did not pass re-test"))*'Rework Log'!$I$2:$I$497))=0," - unclaimed"," - promised "&TEXT(SUMPRODUCT(MAX((('Rework Log'!$A$2:$A$497=$B17)*('Rework Log'!$G$2:$G$497<>"Yes")*('Rework Log'!$G$2:$G$497<>"Did not pass re-test"))*'Rework Log'!$I$2:$I$497)),"m/d"))),IF(C17="NOT STARTED",IF(H17="","No plan date set",IF(H17<TODAY(),"Review - planned start passed","On track")),IF(C17="DB Dev",_xlfn.LET(_xlpm.sent,_xlfn.MAXIFS('Rework Log'!$B$2:$B$497,'Rework Log'!$A$2:$A$497,$B17,'Rework Log'!$D$2:$D$497,"DB Dev"),_xlpm.expfix,_xlfn.MAXIFS('Rework Log'!$I$2:$I$497,'Rework Log'!$A$2:$A$497,$B17,'Rework Log'!$D$2:$D$497,"DB Dev",'Rework Log'!$B$2:$B$497,_xlpm.sent),_xlpm.tgt,IF(_xlpm.expfix>0,_xlpm.expfix,IF(L17<>"",L17,K17)),_xlpm.act,IF(AND(M17<>"",M17>=_xlpm.sent),M17,""),IF(_xlpm.tgt="","No target set",IF(AND(_xlpm.tgt<TODAY(),_xlpm.act=""),"Overdue","On track"))),IF(C17="PBI Dev",_xlfn.LET(_xlpm.sent,_xlfn.MAXIFS('Rework Log'!$B$2:$B$497,'Rework Log'!$A$2:$A$497,$B17,'Rework Log'!$D$2:$D$497,"PBI Dev"),_xlpm.expfix,_xlfn.MAXIFS('Rework Log'!$I$2:$I$497,'Rework Log'!$A$2:$A$497,$B17,'Rework Log'!$D$2:$D$497,"PBI Dev",'Rework Log'!$B$2:$B$497,_xlpm.sent),_xlpm.tgt,IF(_xlpm.expfix>0,_xlpm.expfix,IF(R17<>"",R17,Q17)),_xlpm.act,IF(AND(S17<>"",S17>=_xlpm.sent),S17,""),IF(_xlpm.tgt="","No target set",IF(AND(_xlpm.tgt<TODAY(),_xlpm.act=""),"Overdue","On track"))),IF(C17="QA",_xlfn.LET(_xlpm.tgt,IF(AM17<>"",AM17,IF(W17<>"",W17,V17)),_xlpm.sent,_xlfn.MAXIFS('Rework Log'!$B$2:$B$497,'Rework Log'!$A$2:$A$497,$B17,'Rework Log'!$C$2:$C$497,"QA"),_xlpm.act,IF(AND(Y17<>"",Y17>=_xlpm.sent),Y17,""),IF(_xlpm.tgt="","No target set",IF(AND(_xlpm.tgt<TODAY(),_xlpm.act=""),"Overdue","On track"))),IF(C17="DPO Approval",_xlfn.LET(_xlpm.tgt,IF(AN17<>"",AN17,IF(AB17<>"",AB17,AA17)),_xlpm.sent,_xlfn.MAXIFS('Rework Log'!$B$2:$B$497,'Rework Log'!$A$2:$A$497,$B17,'Rework Log'!$C$2:$C$497,"DPO*"),_xlpm.act,IF(AND(AC17<>"",AC17>=_xlpm.sent),AC17,""),IF(_xlpm.tgt="","No target set",IF(AND(_xlpm.tgt<TODAY(),_xlpm.act=""),"Overdue","On track"))),IF(C17="RELEASED IN PROD","Delivered","")))))))))} -> Delivered | E17: 16 | H17: 46173 | I17: May | N17: Curated | AD17: Kelvin Hu | AE17: Regulatory | AF17: Yes | AG17: 46203 | AM17: {=_xlfn.LET(_xlpm.rep,$B17,_xlpm.sent,_xlfn.MAXIFS('Rework Log'!$B$2:$B$497,'Rework Log'!$A$2:$A$497,_xlpm.rep,'Rework Log'!$C$2:$C$497,"QA"),_xlpm.fixdate,_xlfn.MAXIFS('Rework Log'!$J$2:$J$497,'Rework Log'!$A$2:$A$497,_xlpm.rep,'Rework Log'!$C$2:$C$497,"QA",'Rework Log'!$B$2:$B$497,_xlpm.sent),_xlpm.expfix,_xlfn.MAXIFS('Rework Log'!$I$2:$I$497,'Rework Log'!$A$2:$A$497,_xlpm.rep,'Rework Log'!$C$2:$C$497,"QA",'Rework Log'!$B$2:$B$497,_xlpm.sent),_xlpm.base,IF(_xlpm.fixdate>0,_xlpm.fixdate,_xlpm.expfix),IF(OR(_xlpm.rep="",_xlpm.sent=0,_xlpm.base=0),"",WORKDAY(_xlpm.base,3)))} | AN17: {=_xlfn.LET(_xlpm.rep,$B17,_xlpm.sent,_xlfn.MAXIFS('Rework Log'!$B$2:$B$497,'Rework Log'!$A$2:$A$497,_xlpm.rep,'Rework Log'!$C$2:$C$497,"DPO*"),_xlpm.fixdate,_xlfn.MAXIFS('Rework Log'!$J$2:$J$497,'Rework Log'!$A$2:$A$497,_xlpm.rep,'Rework Log'!$C$2:$C$497,"DPO*",'Rework Log'!$B$2:$B$497,_xlpm.sent),_xlpm.expfix,_xlfn.MAXIFS('Rework Log'!$I$2:$I$497,'Rework Log'!$A$2:$A$497,_xlpm.rep,'Rework Log'!$C$2:$C$497,"DPO*",'Rework Log'!$B$2:$B$497,_xlpm.sent),_xlpm.base,IF(_xlpm.fixdate>0,_xlpm.fixdate,_xlpm.expfix),IF(OR(_xlpm.rep="",_xlpm.sent=0,_xlpm.base=0),"",WORKDAY(_xlpm.base,7)))}
A18: Leaks | B18: RPT_04_School Zone Leaks Without Repair | C18: RELEASED IN PROD | D18: {=IF(AND(C18="Ready for Release in Prod",LEFT($AJ18,3)<>"Yes"),IF(AG18<>"","Delivered","On track"),IF($B18="","",IF(LEFT($AJ18,3)="Yes","Blocked - "&MID($AJ18,7,100)&IF(SUMPRODUCT(('Rework Log'!$A$2:$A$497=$B18)*('Rework Log'!$G$2:$G$497<>"Yes")*('Rework Log'!$G$2:$G$497<>"Did not pass re-test"))=0,"",IF(SUMPRODUCT(MAX((('Rework Log'!$A$2:$A$497=$B18)*('Rework Log'!$G$2:$G$497<>"Yes")*('Rework Log'!$G$2:$G$497<>"Did not pass re-test"))*'Rework Log'!$I$2:$I$497))=0," - unclaimed"," - promised "&TEXT(SUMPRODUCT(MAX((('Rework Log'!$A$2:$A$497=$B18)*('Rework Log'!$G$2:$G$497<>"Yes")*('Rework Log'!$G$2:$G$497<>"Did not pass re-test"))*'Rework Log'!$I$2:$I$497)),"m/d"))),IF(C18="NOT STARTED",IF(H18="","No plan date set",IF(H18<TODAY(),"Review - planned start passed","On track")),IF(C18="DB Dev",_xlfn.LET(_xlpm.sent,_xlfn.MAXIFS('Rework Log'!$B$2:$B$497,'Rework Log'!$A$2:$A$497,$B18,'Rework Log'!$D$2:$D$497,"DB Dev"),_xlpm.expfix,_xlfn.MAXIFS('Rework Log'!$I$2:$I$497,'Rework Log'!$A$2:$A$497,$B18,'Rework Log'!$D$2:$D$497,"DB Dev",'Rework Log'!$B$2:$B$497,_xlpm.sent),_xlpm.tgt,IF(_xlpm.expfix>0,_xlpm.expfix,IF(L18<>"",L18,K18)),_xlpm.act,IF(AND(M18<>"",M18>=_xlpm.sent),M18,""),IF(_xlpm.tgt="","No target set",IF(AND(_xlpm.tgt<TODAY(),_xlpm.act=""),"Overdue","On track"))),IF(C18="PBI Dev",_xlfn.LET(_xlpm.sent,_xlfn.MAXIFS('Rework Log'!$B$2:$B$497,'Rework Log'!$A$2:$A$497,$B18,'Rework Log'!$D$2:$D$497,"PBI Dev"),_xlpm.expfix,_xlfn.MAXIFS('Rework Log'!$I$2:$I$497,'Rework Log'!$A$2:$A$497,$B18,'Rework Log'!$D$2:$D$497,"PBI Dev",'Rework Log'!$B$2:$B$497,_xlpm.sent),_xlpm.tgt,IF(_xlpm.expfix>0,_xlpm.expfix,IF(R18<>"",R18,Q18)),_xlpm.act,IF(AND(S18<>"",S18>=_xlpm.sent),S18,""),IF(_xlpm.tgt="","No target set",IF(AND(_xlpm.tgt<TODAY(),_xlpm.act=""),"Overdue","On track"))),IF(C18="QA",_xlfn.LET(_xlpm.tgt,IF(AM18<>"",AM18,IF(W18<>"",W18,V18)),_xlpm.sent,_xlfn.MAXIFS('Rework Log'!$B$2:$B$497,'Rework Log'!$A$2:$A$497,$B18,'Rework Log'!$C$2:$C$497,"QA"),_xlpm.act,IF(AND(Y18<>"",Y18>=_xlpm.sent),Y18,""),IF(_xlpm.tgt="","No target set",IF(AND(_xlpm.tgt<TODAY(),_xlpm.act=""),"Overdue","On track"))),IF(C18="DPO Approval",_xlfn.LET(_xlpm.tgt,IF(AN18<>"",AN18,IF(AB18<>"",AB18,AA18)),_xlpm.sent,_xlfn.MAXIFS('Rework Log'!$B$2:$B$497,'Rework Log'!$A$2:$A$497,$B18,'Rework Log'!$C$2:$C$497,"DPO*"),_xlpm.act,IF(AND(AC18<>"",AC18>=_xlpm.sent),AC18,""),IF(_xlpm.tgt="","No target set",IF(AND(_xlpm.tgt<TODAY(),_xlpm.act=""),"Overdue","On track"))),IF(C18="RELEASED IN PROD","Delivered","")))))))))} -> Delivered | E18: 17 | H18: 46173 | I18: May | N18: Curated | AD18: Kelvin Hu | AE18: compliance | AF18: Yes | AG18: 46203 | AM18: {=_xlfn.LET(_xlpm.rep,$B18,_xlpm.sent,_xlfn.MAXIFS('Rework Log'!$B$2:$B$497,'Rework Log'!$A$2:$A$497,_xlpm.rep,'Rework Log'!$C$2:$C$497,"QA"),_xlpm.fixdate,_xlfn.MAXIFS('Rework Log'!$J$2:$J$497,'Rework Log'!$A$2:$A$497,_xlpm.rep,'Rework Log'!$C$2:$C$497,"QA",'Rework Log'!$B$2:$B$497,_xlpm.sent),_xlpm.expfix,_xlfn.MAXIFS('Rework Log'!$I$2:$I$497,'Rework Log'!$A$2:$A$497,_xlpm.rep,'Rework Log'!$C$2:$C$497,"QA",'Rework Log'!$B$2:$B$497,_xlpm.sent),_xlpm.base,IF(_xlpm.fixdate>0,_xlpm.fixdate,_xlpm.expfix),IF(OR(_xlpm.rep="",_xlpm.sent=0,_xlpm.base=0),"",WORKDAY(_xlpm.base,3)))} | AN18: {=_xlfn.LET(_xlpm.rep,$B18,_xlpm.sent,_xlfn.MAXIFS('Rework Log'!$B$2:$B$497,'Rework Log'!$A$2:$A$497,_xlpm.rep,'Rework Log'!$C$2:$C$497,"DPO*"),_xlpm.fixdate,_xlfn.MAXIFS('Rework Log'!$J$2:$J$497,'Rework Log'!$A$2:$A$497,_xlpm.rep,'Rework Log'!$C$2:$C$497,"DPO*",'Rework Log'!$B$2:$B$497,_xlpm.sent),_xlpm.expfix,_xlfn.MAXIFS('Rework Log'!$I$2:$I$497,'Rework Log'!$A$2:$A$497,_xlpm.rep,'Rework Log'!$C$2:$C$497,"DPO*",'Rework Log'!$B$2:$B$497,_xlpm.sent),_xlpm.base,IF(_xlpm.fixdate>0,_xlpm.fixdate,_xlpm.expfix),IF(OR(_xlpm.rep="",_xlpm.sent=0,_xlpm.base=0),"",WORKDAY(_xlpm.base,7)))}
A19: Leaks | B19: RPT_04_PSC Quarterly Leak | C19: RELEASED IN PROD | D19: {=IF(AND(C19="Ready for Release in Prod",LEFT($AJ19,3)<>"Yes"),IF(AG19<>"","Delivered","On track"),IF($B19="","",IF(LEFT($AJ19,3)="Yes","Blocked - "&MID($AJ19,7,100)&IF(SUMPRODUCT(('Rework Log'!$A$2:$A$497=$B19)*('Rework Log'!$G$2:$G$497<>"Yes")*('Rework Log'!$G$2:$G$497<>"Did not pass re-test"))=0,"",IF(SUMPRODUCT(MAX((('Rework Log'!$A$2:$A$497=$B19)*('Rework Log'!$G$2:$G$497<>"Yes")*('Rework Log'!$G$2:$G$497<>"Did not pass re-test"))*'Rework Log'!$I$2:$I$497))=0," - unclaimed"," - promised "&TEXT(SUMPRODUCT(MAX((('Rework Log'!$A$2:$A$497=$B19)*('Rework Log'!$G$2:$G$497<>"Yes")*('Rework Log'!$G$2:$G$497<>"Did not pass re-test"))*'Rework Log'!$I$2:$I$497)),"m/d"))),IF(C19="NOT STARTED",IF(H19="","No plan date set",IF(H19<TODAY(),"Review - planned start passed","On track")),IF(C19="DB Dev",_xlfn.LET(_xlpm.sent,_xlfn.MAXIFS('Rework Log'!$B$2:$B$497,'Rework Log'!$A$2:$A$497,$B19,'Rework Log'!$D$2:$D$497,"DB Dev"),_xlpm.expfix,_xlfn.MAXIFS('Rework Log'!$I$2:$I$497,'Rework Log'!$A$2:$A$497,$B19,'Rework Log'!$D$2:$D$497,"DB Dev",'Rework Log'!$B$2:$B$497,_xlpm.sent),_xlpm.tgt,IF(_xlpm.expfix>0,_xlpm.expfix,IF(L19<>"",L19,K19)),_xlpm.act,IF(AND(M19<>"",M19>=_xlpm.sent),M19,""),IF(_xlpm.tgt="","No target set",IF(AND(_xlpm.tgt<TODAY(),_xlpm.act=""),"Overdue","On track"))),IF(C19="PBI Dev",_xlfn.LET(_xlpm.sent,_xlfn.MAXIFS('Rework Log'!$B$2:$B$497,'Rework Log'!$A$2:$A$497,$B19,'Rework Log'!$D$2:$D$497,"PBI Dev"),_xlpm.expfix,_xlfn.MAXIFS('Rework Log'!$I$2:$I$497,'Rework Log'!$A$2:$A$497,$B19,'Rework Log'!$D$2:$D$497,"PBI Dev",'Rework Log'!$B$2:$B$497,_xlpm.sent),_xlpm.tgt,IF(_xlpm.expfix>0,_xlpm.expfix,IF(R19<>"",R19,Q19)),_xlpm.act,IF(AND(S19<>"",S19>=_xlpm.sent),S19,""),IF(_xlpm.tgt="","No target set",IF(AND(_xlpm.tgt<TODAY(),_xlpm.act=""),"Overdue","On track"))),IF(C19="QA",_xlfn.LET(_xlpm.tgt,IF(AM19<>"",AM19,IF(W19<>"",W19,V19)),_xlpm.sent,_xlfn.MAXIFS('Rework Log'!$B$2:$B$497,'Rework Log'!$A$2:$A$497,$B19,'Rework Log'!$C$2:$C$497,"QA"),_xlpm.act,IF(AND(Y19<>"",Y19>=_xlpm.sent),Y19,""),IF(_xlpm.tgt="","No target set",IF(AND(_xlpm.tgt<TODAY(),_xlpm.act=""),"Overdue","On track"))),IF(C19="DPO Approval",_xlfn.LET(_xlpm.tgt,IF(AN19<>"",AN19,IF(AB19<>"",AB19,AA19)),_xlpm.sent,_xlfn.MAXIFS('Rework Log'!$B$2:$B$497,'Rework Log'!$A$2:$A$497,$B19,'Rework Log'!$C$2:$C$497,"DPO*"),_xlpm.act,IF(AND(AC19<>"",AC19>=_xlpm.sent),AC19,""),IF(_xlpm.tgt="","No target set",IF(AND(_xlpm.tgt<TODAY(),_xlpm.act=""),"Overdue","On track"))),IF(C19="RELEASED IN PROD","Delivered","")))))))))} -> Delivered | E19: 18 | H19: 46173 | I19: May | N19: Curated | AD19: Kelvin Hu | AE19: Regulatory | AF19: Yes | AG19: 46203 | AM19: {=_xlfn.LET(_xlpm.rep,$B19,_xlpm.sent,_xlfn.MAXIFS('Rework Log'!$B$2:$B$497,'Rework Log'!$A$2:$A$497,_xlpm.rep,'Rework Log'!$C$2:$C$497,"QA"),_xlpm.fixdate,_xlfn.MAXIFS('Rework Log'!$J$2:$J$497,'Rework Log'!$A$2:$A$497,_xlpm.rep,'Rework Log'!$C$2:$C$497,"QA",'Rework Log'!$B$2:$B$497,_xlpm.sent),_xlpm.expfix,_xlfn.MAXIFS('Rework Log'!$I$2:$I$497,'Rework Log'!$A$2:$A$497,_xlpm.rep,'Rework Log'!$C$2:$C$497,"QA",'Rework Log'!$B$2:$B$497,_xlpm.sent),_xlpm.base,IF(_xlpm.fixdate>0,_xlpm.fixdate,_xlpm.expfix),IF(OR(_xlpm.rep="",_xlpm.sent=0,_xlpm.base=0),"",WORKDAY(_xlpm.base,3)))} | AN19: {=_xlfn.LET(_xlpm.rep,$B19,_xlpm.sent,_xlfn.MAXIFS('Rework Log'!$B$2:$B$497,'Rework Log'!$A$2:$A$497,_xlpm.rep,'Rework Log'!$C$2:$C$497,"DPO*"),_xlpm.fixdate,_xlfn.MAXIFS('Rework Log'!$J$2:$J$497,'Rework Log'!$A$2:$A$497,_xlpm.rep,'Rework Log'!$C$2:$C$497,"DPO*",'Rework Log'!$B$2:$B$497,_xlpm.sent),_xlpm.expfix,_xlfn.MAXIFS('Rework Log'!$I$2:$I$497,'Rework Log'!$A$2:$A$497,_xlpm.rep,'Rework Log'!$C$2:$C$497,"DPO*",'Rework Log'!$B$2:$B$497,_xlpm.sent),_xlpm.base,IF(_xlpm.fixdate>0,_xlpm.fixdate,_xlpm.expfix),IF(OR(_xlpm.rep="",_xlpm.sent=0,_xlpm.base=0),"",WORKDAY(_xlpm.base,7)))}
A20: Leaks | B20: RPT_04_Leak Control Report | C20: RELEASED IN PROD | D20: {=IF(AND(C20="Ready for Release in Prod",LEFT($AJ20,3)<>"Yes"),IF(AG20<>"","Delivered","On track"),IF($B20="","",IF(LEFT($AJ20,3)="Yes","Blocked - "&MID($AJ20,7,100)&IF(SUMPRODUCT(('Rework Log'!$A$2:$A$497=$B20)*('Rework Log'!$G$2:$G$497<>"Yes")*('Rework Log'!$G$2:$G$497<>"Did not pass re-test"))=0,"",IF(SUMPRODUCT(MAX((('Rework Log'!$A$2:$A$497=$B20)*('Rework Log'!$G$2:$G$497<>"Yes")*('Rework Log'!$G$2:$G$497<>"Did not pass re-test"))*'Rework Log'!$I$2:$I$497))=0," - unclaimed"," - promised "&TEXT(SUMPRODUCT(MAX((('Rework Log'!$A$2:$A$497=$B20)*('Rework Log'!$G$2:$G$497<>"Yes")*('Rework Log'!$G$2:$G$497<>"Did not pass re-test"))*'Rework Log'!$I$2:$I$497)),"m/d"))),IF(C20="NOT STARTED",IF(H20="","No plan date set",IF(H20<TODAY(),"Review - planned start passed","On track")),IF(C20="DB Dev",_xlfn.LET(_xlpm.sent,_xlfn.MAXIFS('Rework Log'!$B$2:$B$497,'Rework Log'!$A$2:$A$497,$B20,'Rework Log'!$D$2:$D$497,"DB Dev"),_xlpm.expfix,_xlfn.MAXIFS('Rework Log'!$I$2:$I$497,'Rework Log'!$A$2:$A$497,$B20,'Rework Log'!$D$2:$D$497,"DB Dev",'Rework Log'!$B$2:$B$497,_xlpm.sent),_xlpm.tgt,IF(_xlpm.expfix>0,_xlpm.expfix,IF(L20<>"",L20,K20)),_xlpm.act,IF(AND(M20<>"",M20>=_xlpm.sent),M20,""),IF(_xlpm.tgt="","No target set",IF(AND(_xlpm.tgt<TODAY(),_xlpm.act=""),"Overdue","On track"))),IF(C20="PBI Dev",_xlfn.LET(_xlpm.sent,_xlfn.MAXIFS('Rework Log'!$B$2:$B$497,'Rework Log'!$A$2:$A$497,$B20,'Rework Log'!$D$2:$D$497,"PBI Dev"),_xlpm.expfix,_xlfn.MAXIFS('Rework Log'!$I$2:$I$497,'Rework Log'!$A$2:$A$497,$B20,'Rework Log'!$D$2:$D$497,"PBI Dev",'Rework Log'!$B$2:$B$497,_xlpm.sent),_xlpm.tgt,IF(_xlpm.expfix>0,_xlpm.expfix,IF(R20<>"",R20,Q20)),_xlpm.act,IF(AND(S20<>"",S20>=_xlpm.sent),S20,""),IF(_xlpm.tgt="","No target set",IF(AND(_xlpm.tgt<TODAY(),_xlpm.act=""),"Overdue","On track"))),IF(C20="QA",_xlfn.LET(_xlpm.tgt,IF(AM20<>"",AM20,IF(W20<>"",W20,V20)),_xlpm.sent,_xlfn.MAXIFS('Rework Log'!$B$2:$B$497,'Rework Log'!$A$2:$A$497,$B20,'Rework Log'!$C$2:$C$497,"QA"),_xlpm.act,IF(AND(Y20<>"",Y20>=_xlpm.sent),Y20,""),IF(_xlpm.tgt="","No target set",IF(AND(_xlpm.tgt<TODAY(),_xlpm.act=""),"Overdue","On track"))),IF(C20="DPO Approval",_xlfn.LET(_xlpm.tgt,IF(AN20<>"",AN20,IF(AB20<>"",AB20,AA20)),_xlpm.sent,_xlfn.MAXIFS('Rework Log'!$B$2:$B$497,'Rework Log'!$A$2:$A$497,$B20,'Rework Log'!$C$2:$C$497,"DPO*"),_xlpm.act,IF(AND(AC20<>"",AC20>=_xlpm.sent),AC20,""),IF(_xlpm.tgt="","No target set",IF(AND(_xlpm.tgt<TODAY(),_xlpm.act=""),"Overdue","On track"))),IF(C20="RELEASED IN PROD","Delivered","")))))))))} -> Delivered | E20: 19 | H20: 46203 | I20: June | J20: Geetha | K20: 46185 | M20: 46148 | N20: Curated | P20: Navya | Q20: 46192 | S20: 46183 | U20: Preety | V20: 46199 | Y20: 46195 | AA20: 46202 | AD20: Thuan Nguyen | AE20: Ops | AF20: Yes | AG20: 46195 | AJ20: No | AK20: =IF($B20="","",IF(AND(LEFT($AJ20,3)="Yes",SUMPRODUCT(('Rework Log'!$A$2:$A$497=$B20)*('Rework Log'!$G$2:$G$497<>"Yes")*('Rework Log'!$G$2:$G$497<>"Did not pass re-test"))=0),"Blocked - log it on Rework Log",IF(AND(LEFT($AJ20,3)<>"Yes",SUMPRODUCT(('Rework Log'!$A$2:$A$497=$B20)*('Rework Log'!$G$2:$G$497<>"Yes")*('Rework Log'!$G$2:$G$497<>"Did not pass re-test"))>0),"Open rework row - mark Blocked? or close it",IF(AND($AJ20="Yes – needs DB Dev to fix",M20<>"",SUMPRODUCT(MAX((('Rework Log'!$A$2:$A$497=$B20)*('Rework Log'!$G$2:$G$497<>"Yes")*('Rework Log'!$G$2:$G$497<>"Did not pass re-test"))*'Rework Log'!$I$2:$I$497))>0),"Move old DB Dev completion date to Rework Log (col H)",IF(AND($AJ20="Yes – needs PBI Dev to fix",S20<>"",SUMPRODUCT(MAX((('Rework Log'!$A$2:$A$497=$B20)*('Rework Log'!$G$2:$G$497<>"Yes")*('Rework Log'!$G$2:$G$497<>"Did not pass re-test"))*'Rework Log'!$I$2:$I$497))>0),"Move old PBI Dev completion date to Rework Log (col H)",IF(AND($AJ20="Yes – needs QA to fix",Y20<>"",SUMPRODUCT(MAX((('Rework Log'!$A$2:$A$497=$B20)*('Rework Log'!$G$2:$G$497<>"Yes")*('Rework Log'!$G$2:$G$497<>"Did not pass re-test"))*'Rework Log'!$I$2:$I$497))>0),"Move old QA completion date to Rework Log (col H)",IF(COUNTIF($B$2:$B$528,$B20)>1,"Duplicate name - check row",IF(COUNTIF('Rework Log'!$A$2:$A$497,$B20)>0,"",IF(AND(V20<>"",K20<>"",V20<K20),"QA target is before DB Dev target",IF(AND(V20<>"",Q20<>"",V20<Q20),"QA target is before PBI Dev target",IF(AND(AA20<>"",V20<>"",AA20<V20),"DPO Approval target is before QA target",IF(AND(AG20<>"",AA20<>"",AG20<AA20),"Confirmed Deployed date is before DPO Approval target","")))))))))))) -> Confirmed Deployed date is before DPO Approval target | AM20: {=_xlfn.LET(_xlpm.rep,$B20,_xlpm.sent,_xlfn.MAXIFS('Rework Log'!$B$2:$B$497,'Rework Log'!$A$2:$A$497,_xlpm.rep,'Rework Log'!$C$2:$C$497,"QA"),_xlpm.fixdate,_xlfn.MAXIFS('Rework Log'!$J$2:$J$497,'Rework Log'!$A$2:$A$497,_xlpm.rep,'Rework Log'!$C$2:$C$497,"QA",'Rework Log'!$B$2:$B$497,_xlpm.sent),_xlpm.expfix,_xlfn.MAXIFS('Rework Log'!$I$2:$I$497,'Rework Log'!$A$2:$A$497,_xlpm.rep,'Rework Log'!$C$2:$C$497,"QA",'Rework Log'!$B$2:$B$497,_xlpm.sent),_xlpm.base,IF(_xlpm.fixdate>0,_xlpm.fixdate,_xlpm.expfix),IF(OR(_xlpm.rep="",_xlpm.sent=0,_xlpm.base=0),"",WORKDAY(_xlpm.base,3)))} | AN20: {=_xlfn.LET(_xlpm.rep,$B20,_xlpm.sent,_xlfn.MAXIFS('Rework Log'!$B$2:$B$497,'Rework Log'!$A$2:$A$497,_xlpm.rep,'Rework Log'!$C$2:$C$497,"DPO*"),_xlpm.fixdate,_xlfn.MAXIFS('Rework Log'!$J$2:$J$497,'Rework Log'!$A$2:$A$497,_xlpm.rep,'Rework Log'!$C$2:$C$497,"DPO*",'Rework Log'!$B$2:$B$497,_xlpm.sent),_xlpm.expfix,_xlfn.MAXIFS('Rework Log'!$I$2:$I$497,'Rework Log'!$A$2:$A$497,_xlpm.rep,'Rework Log'!$C$2:$C$497,"DPO*",'Rework Log'!$B$2:$B$497,_xlpm.sent),_xlpm.base,IF(_xlpm.fixdate>0,_xlpm.fixdate,_xlpm.expfix),IF(OR(_xlpm.rep="",_xlpm.sent=0,_xlpm.base=0),"",WORKDAY(_xlpm.base,7)))}
A21: Leaks | B21: RPT_04_Leak Life Cycle | C21: RELEASED IN PROD | D21: {=IF(AND(C21="Ready for Release in Prod",LEFT($AJ21,3)<>"Yes"),IF(AG21<>"","Delivered","On track"),IF($B21="","",IF(LEFT($AJ21,3)="Yes","Blocked - "&MID($AJ21,7,100)&IF(SUMPRODUCT(('Rework Log'!$A$2:$A$497=$B21)*('Rework Log'!$G$2:$G$497<>"Yes")*('Rework Log'!$G$2:$G$497<>"Did not pass re-test"))=0,"",IF(SUMPRODUCT(MAX((('Rework Log'!$A$2:$A$497=$B21)*('Rework Log'!$G$2:$G$497<>"Yes")*('Rework Log'!$G$2:$G$497<>"Did not pass re-test"))*'Rework Log'!$I$2:$I$497))=0," - unclaimed"," - promised "&TEXT(SUMPRODUCT(MAX((('Rework Log'!$A$2:$A$497=$B21)*('Rework Log'!$G$2:$G$497<>"Yes")*('Rework Log'!$G$2:$G$497<>"Did not pass re-test"))*'Rework Log'!$I$2:$I$497)),"m/d"))),IF(C21="NOT STARTED",IF(H21="","No plan date set",IF(H21<TODAY(),"Review - planned start passed","On track")),IF(C21="DB Dev",_xlfn.LET(_xlpm.sent,_xlfn.MAXIFS('Rework Log'!$B$2:$B$497,'Rework Log'!$A$2:$A$497,$B21,'Rework Log'!$D$2:$D$497,"DB Dev"),_xlpm.expfix,_xlfn.MAXIFS('Rework Log'!$I$2:$I$497,'Rework Log'!$A$2:$A$497,$B21,'Rework Log'!$D$2:$D$497,"DB Dev",'Rework Log'!$B$2:$B$497,_xlpm.sent),_xlpm.tgt,IF(_xlpm.expfix>0,_xlpm.expfix,IF(L21<>"",L21,K21)),_xlpm.act,IF(AND(M21<>"",M21>=_xlpm.sent),M21,""),IF(_xlpm.tgt="","No target set",IF(AND(_xlpm.tgt<TODAY(),_xlpm.act=""),"Overdue","On track"))),IF(C21="PBI Dev",_xlfn.LET(_xlpm.sent,_xlfn.MAXIFS('Rework Log'!$B$2:$B$497,'Rework Log'!$A$2:$A$497,$B21,'Rework Log'!$D$2:$D$497,"PBI Dev"),_xlpm.expfix,_xlfn.MAXIFS('Rework Log'!$I$2:$I$497,'Rework Log'!$A$2:$A$497,$B21,'Rework Log'!$D$2:$D$497,"PBI Dev",'Rework Log'!$B$2:$B$497,_xlpm.sent),_xlpm.tgt,IF(_xlpm.expfix>0,_xlpm.expfix,IF(R21<>"",R21,Q21)),_xlpm.act,IF(AND(S21<>"",S21>=_xlpm.sent),S21,""),IF(_xlpm.tgt="","No target set",IF(AND(_xlpm.tgt<TODAY(),_xlpm.act=""),"Overdue","On track"))),IF(C21="QA",_xlfn.LET(_xlpm.tgt,IF(AM21<>"",AM21,IF(W21<>"",W21,V21)),_xlpm.sent,_xlfn.MAXIFS('Rework Log'!$B$2:$B$497,'Rework Log'!$A$2:$A$497,$B21,'Rework Log'!$C$2:$C$497,"QA"),_xlpm.act,IF(AND(Y21<>"",Y21>=_xlpm.sent),Y21,""),IF(_xlpm.tgt="","No target set",IF(AND(_xlpm.tgt<TODAY(),_xlpm.act=""),"Overdue","On track"))),IF(C21="DPO Approval",_xlfn.LET(_xlpm.tgt,IF(AN21<>"",AN21,IF(AB21<>"",AB21,AA21)),_xlpm.sent,_xlfn.MAXIFS('Rework Log'!$B$2:$B$497,'Rework Log'!$A$2:$A$497,$B21,'Rework Log'!$C$2:$C$497,"DPO*"),_xlpm.act,IF(AND(AC21<>"",AC21>=_xlpm.sent),AC21,""),IF(_xlpm.tgt="","No target set",IF(AND(_xlpm.tgt<TODAY(),_xlpm.act=""),"Overdue","On track"))),IF(C21="RELEASED IN PROD","Delivered","")))))))))} -> Delivered | E21: 20 | H21: 46203 | I21: June | J21: Geetha | K21: 46185 | M21: 46162 | N21: Curated | P21: Shraddha | Q21: 46192 | S21: 46182 | U21: Preety | V21: 46199 | Y21: 46198 | AA21: 46202 | AD21: Nicole Gordon, Jason Dezotell | AE21: Ops | AF21: Yes | AG21: 46198 | AJ21: No | AK21: {=IF($B21="","",_xlfn.LET(_xlpm.nm,$B21,_xlpm.st,$C21,_xlpm.ou,SUMPRODUCT(('Rework Log'!$A$2:$A$497=_xlpm.nm)*('Rework Log'!$G$2:$G$497<>"Yes")*('Rework Log'!$G$2:$G$497<>"Did not pass re-test")*('Rework Log'!$J$2:$J$497="")),_xlpm.ob,SUMPRODUCT(('Rework Log'!$A$2:$A$497=_xlpm.nm)*('Rework Log'!$G$2:$G$497<>"Yes")*('Rework Log'!$G$2:$G$497<>"Did not pass re-test")),_xlpm.oto,IF(SUMPRODUCT(('Rework Log'!$A$2:$A$497=_xlpm.nm)*('Rework Log'!$G$2:$G$497<>"Yes")*('Rework Log'!$G$2:$G$497<>"Did not pass re-test")*('Rework Log'!$J$2:$J$497=""))=0,"",INDEX('Rework Log'!$D$2:$D$497,MATCH(1,('Rework Log'!$A$2:$A$497=_xlpm.nm)*('Rework Log'!$G$2:$G$497<>"Yes")*('Rework Log'!$G$2:$G$497<>"Did not pass re-test")*('Rework Log'!$J$2:$J$497=""),0))),_xlpm.sent,_xlfn.MAXIFS('Rework Log'!$B$2:$B$497,'Rework Log'!$A$2:$A$497,_xlpm.nm),_xlpm.act,_xlfn.IFS(_xlpm.st="NOT STARTED",$M21,_xlpm.st="DB Dev",$M21,_xlpm.st="PBI Dev",$S21,_xlpm.st="QA",$Y21,_xlpm.st="DPO Approval",$AC21,_xlpm.st="Ready for Release in Prod",$AG21,TRUE,""),_xlpm.nxt,_xlfn.IFS(_xlpm.st="NOT STARTED","PBI Dev",_xlpm.st="DB Dev","PBI Dev",_xlpm.st="PBI Dev","QA",_xlpm.st="QA","DPO Approval",_xlpm.st="DPO Approval","Ready for Release in Prod",_xlpm.st="Ready for Release in Prod","RELEASED IN PROD",TRUE,""),IF(AND(_xlpm.ou>0,_xlpm.st<>_xlpm.oto),"Move status back to "&_xlpm.oto,IF(AND(_xlpm.ob=0,LEFT($AJ21,3)="Yes"),"Blocked - log it on Rework Log",IF(AND(_xlpm.ob>0,LEFT($AJ21,3)<>"Yes"),"Open rework row - mark Blocked or close it",IF(AND(_xlpm.ob=0,_xlpm.act<>"",_xlpm.act>=_xlpm.sent,_xlpm.nxt<>""),"Move status to "&_xlpm.nxt,IF(COUNTIF($B$2:$B$528,$B21)>1,"Duplicate name - check row",IF(COUNTIF('Rework Log'!$A$2:$A$497,$B21)>0,"",IF(AND($V21<>"",$K21<>"",$V21<$K21),"QA target is before DB Dev target",IF(AND($V21<>"",$Q21<>"",$V21<$Q21),"QA target is before PBI Dev target",IF(AND($AA21<>"",$V21<>"",$AA21<$V21),"DPO Approval target is before QA target",IF(AND($AG21<>"",$AA21<>"",$AG21<$AA21),"Confirmed Deployed date is before DPO Approval target",""))))))))))))} -> Confirmed Deployed date is before DPO Approval target | AL21: [Historical, June 2026]: Waiting on Kelvin's approval to deploy to UAT. | AM21: {=_xlfn.LET(_xlpm.rep,$B21,_xlpm.sent,_xlfn.MAXIFS('Rework Log'!$B$2:$B$497,'Rework Log'!$A$2:$A$497,_xlpm.rep,'Rework Log'!$C$2:$C$497,"QA"),_xlpm.fixdate,_xlfn.MAXIFS('Rework Log'!$J$2:$J$497,'Rework Log'!$A$2:$A$497,_xlpm.rep,'Rework Log'!$C$2:$C$497,"QA",'Rework Log'!$B$2:$B$497,_xlpm.sent),_xlpm.expfix,_xlfn.MAXIFS('Rework Log'!$I$2:$I$497,'Rework Log'!$A$2:$A$497,_xlpm.rep,'Rework Log'!$C$2:$C$497,"QA",'Rework Log'!$B$2:$B$497,_xlpm.sent),_xlpm.base,IF(_xlpm.fixdate>0,_xlpm.fixdate,_xlpm.expfix),IF(OR(_xlpm.rep="",_xlpm.sent=0,_xlpm.base=0),"",WORKDAY(_xlpm.base,3)))} | AN21: {=_xlfn.LET(_xlpm.rep,$B21,_xlpm.sent,_xlfn.MAXIFS('Rework Log'!$B$2:$B$497,'Rework Log'!$A$2:$A$497,_xlpm.rep,'Rework Log'!$C$2:$C$497,"DPO*"),_xlpm.fixdate,_xlfn.MAXIFS('Rework Log'!$J$2:$J$497,'Rework Log'!$A$2:$A$497,_xlpm.rep,'Rework Log'!$C$2:$C$497,"DPO*",'Rework Log'!$B$2:$B$497,_xlpm.sent),_xlpm.expfix,_xlfn.MAXIFS('Rework Log'!$I$2:$I$497,'Rework Log'!$A$2:$A$497,_xlpm.rep,'Rework Log'!$C$2:$C$497,"DPO*",'Rework Log'!$B$2:$B$497,_xlpm.sent),_xlpm.base,IF(_xlpm.fixdate>0,_xlpm.fixdate,_xlpm.expfix),IF(OR(_xlpm.rep="",_xlpm.sent=0,_xlpm.base=0),"",WORKDAY(_xlpm.base,7)))}
A22: Leaks | B22: RPT_04_Leak Life Cycle Legacy LMS LI | C22: RELEASED IN PROD | D22: {=IF(AND(C22="Ready for Release in Prod",LEFT($AJ22,3)<>"Yes"),IF(AG22<>"","Delivered","On track"),IF($B22="","",IF(LEFT($AJ22,3)="Yes","Blocked - "&MID($AJ22,7,100)&IF(SUMPRODUCT(('Rework Log'!$A$2:$A$497=$B22)*('Rework Log'!$G$2:$G$497<>"Yes")*('Rework Log'!$G$2:$G$497<>"Did not pass re-test"))=0,"",IF(SUMPRODUCT(MAX((('Rework Log'!$A$2:$A$497=$B22)*('Rework Log'!$G$2:$G$497<>"Yes")*('Rework Log'!$G$2:$G$497<>"Did not pass re-test"))*'Rework Log'!$I$2:$I$497))=0," - unclaimed"," - promised "&TEXT(SUMPRODUCT(MAX((('Rework Log'!$A$2:$A$497=$B22)*('Rework Log'!$G$2:$G$497<>"Yes")*('Rework Log'!$G$2:$G$497<>"Did not pass re-test"))*'Rework Log'!$I$2:$I$497)),"m/d"))),IF(C22="NOT STARTED",IF(H22="","No plan date set",IF(H22<TODAY(),"Review - planned start passed","On track")),IF(C22="DB Dev",_xlfn.LET(_xlpm.sent,_xlfn.MAXIFS('Rework Log'!$B$2:$B$497,'Rework Log'!$A$2:$A$497,$B22,'Rework Log'!$D$2:$D$497,"DB Dev"),_xlpm.expfix,_xlfn.MAXIFS('Rework Log'!$I$2:$I$497,'Rework Log'!$A$2:$A$497,$B22,'Rework Log'!$D$2:$D$497,"DB Dev",'Rework Log'!$B$2:$B$497,_xlpm.sent),_xlpm.tgt,IF(_xlpm.expfix>0,_xlpm.expfix,IF(L22<>"",L22,K22)),_xlpm.act,IF(AND(M22<>"",M22>=_xlpm.sent),M22,""),IF(_xlpm.tgt="","No target set",IF(AND(_xlpm.tgt<TODAY(),_xlpm.act=""),"Overdue","On track"))),IF(C22="PBI Dev",_xlfn.LET(_xlpm.sent,_xlfn.MAXIFS('Rework Log'!$B$2:$B$497,'Rework Log'!$A$2:$A$497,$B22,'Rework Log'!$D$2:$D$497,"PBI Dev"),_xlpm.expfix,_xlfn.MAXIFS('Rework Log'!$I$2:$I$497,'Rework Log'!$A$2:$A$497,$B22,'Rework Log'!$D$2:$D$497,"PBI Dev",'Rework Log'!$B$2:$B$497,_xlpm.sent),_xlpm.tgt,IF(_xlpm.expfix>0,_xlpm.expfix,IF(R22<>"",R22,Q22)),_xlpm.act,IF(AND(S22<>"",S22>=_xlpm.sent),S22,""),IF(_xlpm.tgt="","No target set",IF(AND(_xlpm.tgt<TODAY(),_xlpm.act=""),"Overdue","On track"))),IF(C22="QA",_xlfn.LET(_xlpm.tgt,IF(AM22<>"",AM22,IF(W22<>"",W22,V22)),_xlpm.sent,_xlfn.MAXIFS('Rework Log'!$B$2:$B$497,'Rework Log'!$A$2:$A$497,$B22,'Rework Log'!$C$2:$C$497,"QA"),_xlpm.act,IF(AND(Y22<>"",Y22>=_xlpm.sent),Y22,""),IF(_xlpm.tgt="","No target set",IF(AND(_xlpm.tgt<TODAY(),_xlpm.act=""),"Overdue","On track"))),IF(C22="DPO Approval",_xlfn.LET(_xlpm.tgt,IF(AN22<>"",AN22,IF(AB22<>"",AB22,AA22)),_xlpm.sent,_xlfn.MAXIFS('Rework Log'!$B$2:$B$497,'Rework Log'!$A$2:$A$497,$B22,'Rework Log'!$C$2:$C$497,"DPO*"),_xlpm.act,IF(AND(AC22<>"",AC22>=_xlpm.sent),AC22,""),IF(_xlpm.tgt="","No target set",IF(AND(_xlpm.tgt<TODAY(),_xlpm.act=""),"Overdue","On track"))),IF(C22="RELEASED IN PROD","Delivered","")))))))))} -> Delivered | E22: 21 | H22: 46203 | I22: June | J22: Fetwi | K22: 46185 | M22: 46168 | N22: Curated | P22: Navya | Q22: 46192 | S22: 46183 | U22: Preety | V22: 46199 | Y22: 46198 | AA22: 46202 | AE22: Ops | AF22: Yes | AG22: 46198 | AJ22: No | AK22: =IF($B22="","",IF(AND(LEFT($AJ22,3)="Yes",SUMPRODUCT(('Rework Log'!$A$2:$A$497=$B22)*('Rework Log'!$G$2:$G$497<>"Yes")*('Rework Log'!$G$2:$G$497<>"Did not pass re-test"))=0),"Blocked - log it on Rework Log",IF(AND(LEFT($AJ22,3)<>"Yes",SUMPRODUCT(('Rework Log'!$A$2:$A$497=$B22)*('Rework Log'!$G$2:$G$497<>"Yes")*('Rework Log'!$G$2:$G$497<>"Did not pass re-test"))>0),"Open rework row - mark Blocked? or close it",IF(AND($AJ22="Yes – needs DB Dev to fix",M22<>"",SUMPRODUCT(MAX((('Rework Log'!$A$2:$A$497=$B22)*('Rework Log'!$G$2:$G$497<>"Yes")*('Rework Log'!$G$2:$G$497<>"Did not pass re-test"))*'Rework Log'!$I$2:$I$497))>0),"Move old DB Dev completion date to Rework Log (col H)",IF(AND($AJ22="Yes – needs PBI Dev to fix",S22<>"",SUMPRODUCT(MAX((('Rework Log'!$A$2:$A$497=$B22)*('Rework Log'!$G$2:$G$497<>"Yes")*('Rework Log'!$G$2:$G$497<>"Did not pass re-test"))*'Rework Log'!$I$2:$I$497))>0),"Move old PBI Dev completion date to Rework Log (col H)",IF(AND($AJ22="Yes – needs QA to fix",Y22<>"",SUMPRODUCT(MAX((('Rework Log'!$A$2:$A$497=$B22)*('Rework Log'!$G$2:$G$497<>"Yes")*('Rework Log'!$G$2:$G$497<>"Did not pass re-test"))*'Rework Log'!$I$2:$I$497))>0),"Move old QA completion date to Rework Log (col H)",IF(COUNTIF($B$2:$B$528,$B22)>1,"Duplicate name - check row",IF(COUNTIF('Rework Log'!$A$2:$A$497,$B22)>0,"",IF(AND(V22<>"",K22<>"",V22<K22),"QA target is before DB Dev target",IF(AND(V22<>"",Q22<>"",V22<Q22),"QA target is before PBI Dev target",IF(AND(AA22<>"",V22<>"",AA22<V22),"DPO Approval target is before QA target",IF(AND(AG22<>"",AA22<>"",AG22<AA22),"Confirmed Deployed date is before DPO Approval target","")))))))))))) -> Confirmed Deployed date is before DPO Approval target | AM22: {=_xlfn.LET(_xlpm.rep,$B22,_xlpm.sent,_xlfn.MAXIFS('Rework Log'!$B$2:$B$497,'Rework Log'!$A$2:$A$497,_xlpm.rep,'Rework Log'!$C$2:$C$497,"QA"),_xlpm.fixdate,_xlfn.MAXIFS('Rework Log'!$J$2:$J$497,'Rework Log'!$A$2:$A$497,_xlpm.rep,'Rework Log'!$C$2:$C$497,"QA",'Rework Log'!$B$2:$B$497,_xlpm.sent),_xlpm.expfix,_xlfn.MAXIFS('Rework Log'!$I$2:$I$497,'Rework Log'!$A$2:$A$497,_xlpm.rep,'Rework Log'!$C$2:$C$497,"QA",'Rework Log'!$B$2:$B$497,_xlpm.sent),_xlpm.base,IF(_xlpm.fixdate>0,_xlpm.fixdate,_xlpm.expfix),IF(OR(_xlpm.rep="",_xlpm.sent=0,_xlpm.base=0),"",WORKDAY(_xlpm.base,3)))} | AN22: {=_xlfn.LET(_xlpm.rep,$B22,_xlpm.sent,_xlfn.MAXIFS('Rework Log'!$B$2:$B$497,'Rework Log'!$A$2:$A$497,_xlpm.rep,'Rework Log'!$C$2:$C$497,"DPO*"),_xlpm.fixdate,_xlfn.MAXIFS('Rework Log'!$J$2:$J$497,'Rework Log'!$A$2:$A$497,_xlpm.rep,'Rework Log'!$C$2:$C$497,"DPO*",'Rework Log'!$B$2:$B$497,_xlpm.sent),_xlpm.expfix,_xlfn.MAXIFS('Rework Log'!$I$2:$I$497,'Rework Log'!$A$2:$A$497,_xlpm.rep,'Rework Log'!$C$2:$C$497,"DPO*",'Rework Log'!$B$2:$B$497,_xlpm.sent),_xlpm.base,IF(_xlpm.fixdate>0,_xlpm.fixdate,_xlpm.expfix),IF(OR(_xlpm.rep="",_xlpm.sent=0,_xlpm.base=0),"",WORKDAY(_xlpm.base,7)))}
A23: Leaks | B23: RPT_04_Leak Increase Reads | C23: RELEASED IN PROD | D23: {=IF(AND(C23="Ready for Release in Prod",LEFT($AJ23,3)<>"Yes"),IF(AG23<>"","Delivered","On track"),IF($B23="","",IF(LEFT($AJ23,3)="Yes","Blocked - "&MID($AJ23,7,100)&IF(SUMPRODUCT(('Rework Log'!$A$2:$A$497=$B23)*('Rework Log'!$G$2:$G$497<>"Yes")*('Rework Log'!$G$2:$G$497<>"Did not pass re-test"))=0,"",IF(SUMPRODUCT(MAX((('Rework Log'!$A$2:$A$497=$B23)*('Rework Log'!$G$2:$G$497<>"Yes")*('Rework Log'!$G$2:$G$497<>"Did not pass re-test"))*'Rework Log'!$I$2:$I$497))=0," - unclaimed"," - promised "&TEXT(SUMPRODUCT(MAX((('Rework Log'!$A$2:$A$497=$B23)*('Rework Log'!$G$2:$G$497<>"Yes")*('Rework Log'!$G$2:$G$497<>"Did not pass re-test"))*'Rework Log'!$I$2:$I$497)),"m/d"))),IF(C23="NOT STARTED",IF(H23="","No plan date set",IF(H23<TODAY(),"Review - planned start passed","On track")),IF(C23="DB Dev",_xlfn.LET(_xlpm.sent,_xlfn.MAXIFS('Rework Log'!$B$2:$B$497,'Rework Log'!$A$2:$A$497,$B23,'Rework Log'!$D$2:$D$497,"DB Dev"),_xlpm.expfix,_xlfn.MAXIFS('Rework Log'!$I$2:$I$497,'Rework Log'!$A$2:$A$497,$B23,'Rework Log'!$D$2:$D$497,"DB Dev",'Rework Log'!$B$2:$B$497,_xlpm.sent),_xlpm.tgt,IF(_xlpm.expfix>0,_xlpm.expfix,IF(L23<>"",L23,K23)),_xlpm.act,IF(AND(M23<>"",M23>=_xlpm.sent),M23,""),IF(_xlpm.tgt="","No target set",IF(AND(_xlpm.tgt<TODAY(),_xlpm.act=""),"Overdue","On track"))),IF(C23="PBI Dev",_xlfn.LET(_xlpm.sent,_xlfn.MAXIFS('Rework Log'!$B$2:$B$497,'Rework Log'!$A$2:$A$497,$B23,'Rework Log'!$D$2:$D$497,"PBI Dev"),_xlpm.expfix,_xlfn.MAXIFS('Rework Log'!$I$2:$I$497,'Rework Log'!$A$2:$A$497,$B23,'Rework Log'!$D$2:$D$497,"PBI Dev",'Rework Log'!$B$2:$B$497,_xlpm.sent),_xlpm.tgt,IF(_xlpm.expfix>0,_xlpm.expfix,IF(R23<>"",R23,Q23)),_xlpm.act,IF(AND(S23<>"",S23>=_xlpm.sent),S23,""),IF(_xlpm.tgt="","No target set",IF(AND(_xlpm.tgt<TODAY(),_xlpm.act=""),"Overdue","On track"))),IF(C23="QA",_xlfn.LET(_xlpm.tgt,IF(AM23<>"",AM23,IF(W23<>"",W23,V23)),_xlpm.sent,_xlfn.MAXIFS('Rework Log'!$B$2:$B$497,'Rework Log'!$A$2:$A$497,$B23,'Rework Log'!$C$2:$C$497,"QA"),_xlpm.act,IF(AND(Y23<>"",Y23>=_xlpm.sent),Y23,""),IF(_xlpm.tgt="","No target set",IF(AND(_xlpm.tgt<TODAY(),_xlpm.act=""),"Overdue","On track"))),IF(C23="DPO Approval",_xlfn.LET(_xlpm.tgt,IF(AN23<>"",AN23,IF(AB23<>"",AB23,AA23)),_xlpm.sent,_xlfn.MAXIFS('Rework Log'!$B$2:$B$497,'Rework Log'!$A$2:$A$497,$B23,'Rework Log'!$C$2:$C$497,"DPO*"),_xlpm.act,IF(AND(AC23<>"",AC23>=_xlpm.sent),AC23,""),IF(_xlpm.tgt="","No target set",IF(AND(_xlpm.tgt<TODAY(),_xlpm.act=""),"Overdue","On track"))),IF(C23="RELEASED IN PROD","Delivered","")))))))))} -> Delivered | E23: 22 | H23: 46203 | I23: June | J23: Fetwi | K23: 46185 | M23: 46165 | N23: Curated | P23: Navya | Q23: 46192 | S23: 46153 | U23: Preety | V23: 46199 | Y23: 46154 | AA23: 46202 | AD23: Jay Poter | AE23: compliance | AF23: Yes | AG23: 46184 | AH23: https://app.powerbi.com/groups/me/apps/eedba83d-be9a-45f9-9504-7bfa41e6051a/reports/a410b442-fd2f-43d1-a053-40f2e4966d4d/ea184ec020032ecbdd43?ctid=f98a6a53-25f3-4212-901c-c7787fcd3495&experience=power-bi | AI23: https://app.powerbi.com/groups/me/apps/2c7180b1-0d3d-45be-979e-f7dc86b3557d/reports/1cec238a-ce10-4ed5-8e56-50efa21bb327/ea184ec020032ecbdd43?ctid=f98a6a53-25f3-4212-901c-c7787fcd3495&experience=power-bi | AJ23: No | AK23: =IF($B23="","",IF(AND(LEFT($AJ23,3)="Yes",SUMPRODUCT(('Rework Log'!$A$2:$A$497=$B23)*('Rework Log'!$G$2:$G$497<>"Yes")*('Rework Log'!$G$2:$G$497<>"Did not pass re-test"))=0),"Blocked - log it on Rework Log",IF(AND(LEFT($AJ23,3)<>"Yes",SUMPRODUCT(('Rework Log'!$A$2:$A$497=$B23)*('Rework Log'!$G$2:$G$497<>"Yes")*('Rework Log'!$G$2:$G$497<>"Did not pass re-test"))>0),"Open rework row - mark Blocked? or close it",IF(AND($AJ23="Yes – needs DB Dev to fix",M23<>"",SUMPRODUCT(MAX((('Rework Log'!$A$2:$A$497=$B23)*('Rework Log'!$G$2:$G$497<>"Yes")*('Rework Log'!$G$2:$G$497<>"Did not pass re-test"))*'Rework Log'!$I$2:$I$497))>0),"Move old DB Dev completion date to Rework Log (col H)",IF(AND($AJ23="Yes – needs PBI Dev to fix",S23<>"",SUMPRODUCT(MAX((('Rework Log'!$A$2:$A$497=$B23)*('Rework Log'!$G$2:$G$497<>"Yes")*('Rework Log'!$G$2:$G$497<>"Did not pass re-test"))*'Rework Log'!$I$2:$I$497))>0),"Move old PBI Dev completion date to Rework Log (col H)",IF(AND($AJ23="Yes – needs QA to fix",Y23<>"",SUMPRODUCT(MAX((('Rework Log'!$A$2:$A$497=$B23)*('Rework Log'!$G$2:$G$497<>"Yes")*('Rework Log'!$G$2:$G$497<>"Did not pass re-test"))*'Rework Log'!$I$2:$I$497))>0),"Move old QA completion date to Rework Log (col H)",IF(COUNTIF($B$2:$B$528,$B23)>1,"Duplicate name - check row",IF(COUNTIF('Rework Log'!$A$2:$A$497,$B23)>0,"",IF(AND(V23<>"",K23<>"",V23<K23),"QA target is before DB Dev target",IF(AND(V23<>"",Q23<>"",V23<Q23),"QA target is before PBI Dev target",IF(AND(AA23<>"",V23<>"",AA23<V23),"DPO Approval target is before QA target",IF(AND(AG23<>"",AA23<>"",AG23<AA23),"Confirmed Deployed date is before DPO Approval target","")))))))))))) -> Confirmed Deployed date is before DPO Approval target | AM23: {=_xlfn.LET(_xlpm.rep,$B23,_xlpm.sent,_xlfn.MAXIFS('Rework Log'!$B$2:$B$497,'Rework Log'!$A$2:$A$497,_xlpm.rep,'Rework Log'!$C$2:$C$497,"QA"),_xlpm.fixdate,_xlfn.MAXIFS('Rework Log'!$J$2:$J$497,'Rework Log'!$A$2:$A$497,_xlpm.rep,'Rework Log'!$C$2:$C$497,"QA",'Rework Log'!$B$2:$B$497,_xlpm.sent),_xlpm.expfix,_xlfn.MAXIFS('Rework Log'!$I$2:$I$497,'Rework Log'!$A$2:$A$497,_xlpm.rep,'Rework Log'!$C$2:$C$497,"QA",'Rework Log'!$B$2:$B$497,_xlpm.sent),_xlpm.base,IF(_xlpm.fixdate>0,_xlpm.fixdate,_xlpm.expfix),IF(OR(_xlpm.rep="",_xlpm.sent=0,_xlpm.base=0),"",WORKDAY(_xlpm.base,3)))} | AN23: {=_xlfn.LET(_xlpm.rep,$B23,_xlpm.sent,_xlfn.MAXIFS('Rework Log'!$B$2:$B$497,'Rework Log'!$A$2:$A$497,_xlpm.rep,'Rework Log'!$C$2:$C$497,"DPO*"),_xlpm.fixdate,_xlfn.MAXIFS('Rework Log'!$J$2:$J$497,'Rework Log'!$A$2:$A$497,_xlpm.rep,'Rework Log'!$C$2:$C$497,"DPO*",'Rework Log'!$B$2:$B$497,_xlpm.sent),_xlpm.expfix,_xlfn.MAXIFS('Rework Log'!$I$2:$I$497,'Rework Log'!$A$2:$A$497,_xlpm.rep,'Rework Log'!$C$2:$C$497,"DPO*",'Rework Log'!$B$2:$B$497,_xlpm.sent),_xlpm.base,IF(_xlpm.fixdate>0,_xlpm.fixdate,_xlpm.expfix),IF(OR(_xlpm.rep="",_xlpm.sent=0,_xlpm.base=0),"",WORKDAY(_xlpm.base,7)))}
A24: Leaks | B24: Leak 360 Dashboard | C24: RELEASED IN PROD | D24: {=IF(AND(C24="Ready for Release in Prod",LEFT($AJ24,3)<>"Yes"),IF(AG24<>"","Delivered","On track"),IF($B24="","",IF(LEFT($AJ24,3)="Yes","Blocked - "&MID($AJ24,7,100)&IF(SUMPRODUCT(('Rework Log'!$A$2:$A$497=$B24)*('Rework Log'!$G$2:$G$497<>"Yes")*('Rework Log'!$G$2:$G$497<>"Did not pass re-test"))=0,"",IF(SUMPRODUCT(MAX((('Rework Log'!$A$2:$A$497=$B24)*('Rework Log'!$G$2:$G$497<>"Yes")*('Rework Log'!$G$2:$G$497<>"Did not pass re-test"))*'Rework Log'!$I$2:$I$497))=0," - unclaimed"," - promised "&TEXT(SUMPRODUCT(MAX((('Rework Log'!$A$2:$A$497=$B24)*('Rework Log'!$G$2:$G$497<>"Yes")*('Rework Log'!$G$2:$G$497<>"Did not pass re-test"))*'Rework Log'!$I$2:$I$497)),"m/d"))),IF(C24="NOT STARTED",IF(H24="","No plan date set",IF(H24<TODAY(),"Review - planned start passed","On track")),IF(C24="DB Dev",_xlfn.LET(_xlpm.sent,_xlfn.MAXIFS('Rework Log'!$B$2:$B$497,'Rework Log'!$A$2:$A$497,$B24,'Rework Log'!$D$2:$D$497,"DB Dev"),_xlpm.expfix,_xlfn.MAXIFS('Rework Log'!$I$2:$I$497,'Rework Log'!$A$2:$A$497,$B24,'Rework Log'!$D$2:$D$497,"DB Dev",'Rework Log'!$B$2:$B$497,_xlpm.sent),_xlpm.tgt,IF(_xlpm.expfix>0,_xlpm.expfix,IF(L24<>"",L24,K24)),_xlpm.act,IF(AND(M24<>"",M24>=_xlpm.sent),M24,""),IF(_xlpm.tgt="","No target set",IF(AND(_xlpm.tgt<TODAY(),_xlpm.act=""),"Overdue","On track"))),IF(C24="PBI Dev",_xlfn.LET(_xlpm.sent,_xlfn.MAXIFS('Rework Log'!$B$2:$B$497,'Rework Log'!$A$2:$A$497,$B24,'Rework Log'!$D$2:$D$497,"PBI Dev"),_xlpm.expfix,_xlfn.MAXIFS('Rework Log'!$I$2:$I$497,'Rework Log'!$A$2:$A$497,$B24,'Rework Log'!$D$2:$D$497,"PBI Dev",'Rework Log'!$B$2:$B$497,_xlpm.sent),_xlpm.tgt,IF(_xlpm.expfix>0,_xlpm.expfix,IF(R24<>"",R24,Q24)),_xlpm.act,IF(AND(S24<>"",S24>=_xlpm.sent),S24,""),IF(_xlpm.tgt="","No target set",IF(AND(_xlpm.tgt<TODAY(),_xlpm.act=""),"Overdue","On track"))),IF(C24="QA",_xlfn.LET(_xlpm.tgt,IF(AM24<>"",AM24,IF(W24<>"",W24,V24)),_xlpm.sent,_xlfn.MAXIFS('Rework Log'!$B$2:$B$497,'Rework Log'!$A$2:$A$497,$B24,'Rework Log'!$C$2:$C$497,"QA"),_xlpm.act,IF(AND(Y24<>"",Y24>=_xlpm.sent),Y24,""),IF(_xlpm.tgt="","No target set",IF(AND(_xlpm.tgt<TODAY(),_xlpm.act=""),"Overdue","On track"))),IF(C24="DPO Approval",_xlfn.LET(_xlpm.tgt,IF(AN24<>"",AN24,IF(AB24<>"",AB24,AA24)),_xlpm.sent,_xlfn.MAXIFS('Rework Log'!$B$2:$B$497,'Rework Log'!$A$2:$A$497,$B24,'Rework Log'!$C$2:$C$497,"DPO*"),_xlpm.act,IF(AND(AC24<>"",AC24>=_xlpm.sent),AC24,""),IF(_xlpm.tgt="","No target set",IF(AND(_xlpm.tgt<TODAY(),_xlpm.act=""),"Overdue","On track"))),IF(C24="RELEASED IN PROD","Delivered","")))))))))} -> Delivered | E24: 23 | H24: 46203 | I24: June | J24: Siva | K24: 46185 | M24: 46162 | N24: Curated | P24: Sarath | Q24: 46192 | S24: 46186 | U24: Kelvin | V24: 46199 | AA24: 46202 | AD24: Nicole Gordon, Allie Cama | AE24: Ops | AF24: Yes | AG24: 46227 | AJ24: No | AK24: =IF($B24="","",IF(AND(LEFT($AJ24,3)="Yes",SUMPRODUCT(('Rework Log'!$A$2:$A$497=$B24)*('Rework Log'!$G$2:$G$497<>"Yes")*('Rework Log'!$G$2:$G$497<>"Did not pass re-test"))=0),"Blocked - log it on Rework Log",IF(AND(LEFT($AJ24,3)<>"Yes",SUMPRODUCT(('Rework Log'!$A$2:$A$497=$B24)*('Rework Log'!$G$2:$G$497<>"Yes")*('Rework Log'!$G$2:$G$497<>"Did not pass re-test"))>0),"Open rework row - mark Blocked? or close it",IF(AND($AJ24="Yes – needs DB Dev to fix",M24<>"",SUMPRODUCT(MAX((('Rework Log'!$A$2:$A$497=$B24)*('Rework Log'!$G$2:$G$497<>"Yes")*('Rework Log'!$G$2:$G$497<>"Did not pass re-test"))*'Rework Log'!$I$2:$I$497))>0),"Move old DB Dev completion date to Rework Log (col H)",IF(AND($AJ24="Yes – needs PBI Dev to fix",S24<>"",SUMPRODUCT(MAX((('Rework Log'!$A$2:$A$497=$B24)*('Rework Log'!$G$2:$G$497<>"Yes")*('Rework Log'!$G$2:$G$497<>"Did not pass re-test"))*'Rework Log'!$I$2:$I$497))>0),"Move old PBI Dev completion date to Rework Log (col H)",IF(AND($AJ24="Yes – needs QA to fix",Y24<>"",SUMPRODUCT(MAX((('Rework Log'!$A$2:$A$497=$B24)*('Rework Log'!$G$2:$G$497<>"Yes")*('Rework Log'!$G$2:$G$497<>"Did not pass re-test"))*'Rework Log'!$I$2:$I$497))>0),"Move old QA completion date to Rework Log (col H)",IF(COUNTIF($B$2:$B$528,$B24)>1,"Duplicate name - check row",IF(COUNTIF('Rework Log'!$A$2:$A$497,$B24)>0,"",IF(AND(V24<>"",K24<>"",V24<K24),"QA target is before DB Dev target",IF(AND(V24<>"",Q24<>"",V24<Q24),"QA target is before PBI Dev target",IF(AND(AA24<>"",V24<>"",AA24<V24),"DPO Approval target is before QA target",IF(AND(AG24<>"",AA24<>"",AG24<AA24),"Confirmed Deployed date is before DPO Approval target","")))))))))))) | AL24: [Source confirms QA complete but gives no exact date - using QA Expected date as the closest evidence-backed proxy] | AM24: {=_xlfn.LET(_xlpm.rep,$B24,_xlpm.sent,_xlfn.MAXIFS('Rework Log'!$B$2:$B$497,'Rework Log'!$A$2:$A$497,_xlpm.rep,'Rework Log'!$C$2:$C$497,"QA"),_xlpm.fixdate,_xlfn.MAXIFS('Rework Log'!$J$2:$J$497,'Rework Log'!$A$2:$A$497,_xlpm.rep,'Rework Log'!$C$2:$C$497,"QA",'Rework Log'!$B$2:$B$497,_xlpm.sent),_xlpm.expfix,_xlfn.MAXIFS('Rework Log'!$I$2:$I$497,'Rework Log'!$A$2:$A$497,_xlpm.rep,'Rework Log'!$C$2:$C$497,"QA",'Rework Log'!$B$2:$B$497,_xlpm.sent),_xlpm.base,IF(_xlpm.fixdate>0,_xlpm.fixdate,_xlpm.expfix),IF(OR(_xlpm.rep="",_xlpm.sent=0,_xlpm.base=0),"",WORKDAY(_xlpm.base,3)))} | AN24: {=_xlfn.LET(_xlpm.rep,$B24,_xlpm.sent,_xlfn.MAXIFS('Rework Log'!$B$2:$B$497,'Rework Log'!$A$2:$A$497,_xlpm.rep,'Rework Log'!$C$2:$C$497,"DPO*"),_xlpm.fixdate,_xlfn.MAXIFS('Rework Log'!$J$2:$J$497,'Rework Log'!$A$2:$A$497,_xlpm.rep,'Rework Log'!$C$2:$C$497,"DPO*",'Rework Log'!$B$2:$B$497,_xlpm.sent),_xlpm.expfix,_xlfn.MAXIFS('Rework Log'!$I$2:$I$497,'Rework Log'!$A$2:$A$497,_xlpm.rep,'Rework Log'!$C$2:$C$497,"DPO*",'Rework Log'!$B$2:$B$497,_xlpm.sent),_xlpm.base,IF(_xlpm.fixdate>0,_xlpm.fixdate,_xlpm.expfix),IF(OR(_xlpm.rep="",_xlpm.sent=0,_xlpm.base=0),"",WORKDAY(_xlpm.base,7)))}
A25: Leaks | B25: RPT_04_Leak Recheck Control | C25: RELEASED IN PROD | D25: {=IF(AND(C25="Ready for Release in Prod",LEFT($AJ25,3)<>"Yes"),IF(AG25<>"","Delivered","On track"),IF($B25="","",IF(LEFT($AJ25,3)="Yes","Blocked - "&MID($AJ25,7,100)&IF(SUMPRODUCT(('Rework Log'!$A$2:$A$497=$B25)*('Rework Log'!$G$2:$G$497<>"Yes")*('Rework Log'!$G$2:$G$497<>"Did not pass re-test"))=0,"",IF(SUMPRODUCT(MAX((('Rework Log'!$A$2:$A$497=$B25)*('Rework Log'!$G$2:$G$497<>"Yes")*('Rework Log'!$G$2:$G$497<>"Did not pass re-test"))*'Rework Log'!$I$2:$I$497))=0," - unclaimed"," - promised "&TEXT(SUMPRODUCT(MAX((('Rework Log'!$A$2:$A$497=$B25)*('Rework Log'!$G$2:$G$497<>"Yes")*('Rework Log'!$G$2:$G$497<>"Did not pass re-test"))*'Rework Log'!$I$2:$I$497)),"m/d"))),IF(C25="NOT STARTED",IF(H25="","No plan date set",IF(H25<TODAY(),"Review - planned start passed","On track")),IF(C25="DB Dev",_xlfn.LET(_xlpm.sent,_xlfn.MAXIFS('Rework Log'!$B$2:$B$497,'Rework Log'!$A$2:$A$497,$B25,'Rework Log'!$D$2:$D$497,"DB Dev"),_xlpm.expfix,_xlfn.MAXIFS('Rework Log'!$I$2:$I$497,'Rework Log'!$A$2:$A$497,$B25,'Rework Log'!$D$2:$D$497,"DB Dev",'Rework Log'!$B$2:$B$497,_xlpm.sent),_xlpm.tgt,IF(_xlpm.expfix>0,_xlpm.expfix,IF(L25<>"",L25,K25)),_xlpm.act,IF(AND(M25<>"",M25>=_xlpm.sent),M25,""),IF(_xlpm.tgt="","No target set",IF(AND(_xlpm.tgt<TODAY(),_xlpm.act=""),"Overdue","On track"))),IF(C25="PBI Dev",_xlfn.LET(_xlpm.sent,_xlfn.MAXIFS('Rework Log'!$B$2:$B$497,'Rework Log'!$A$2:$A$497,$B25,'Rework Log'!$D$2:$D$497,"PBI Dev"),_xlpm.expfix,_xlfn.MAXIFS('Rework Log'!$I$2:$I$497,'Rework Log'!$A$2:$A$497,$B25,'Rework Log'!$D$2:$D$497,"PBI Dev",'Rework Log'!$B$2:$B$497,_xlpm.sent),_xlpm.tgt,IF(_xlpm.expfix>0,_xlpm.expfix,IF(R25<>"",R25,Q25)),_xlpm.act,IF(AND(S25<>"",S25>=_xlpm.sent),S25,""),IF(_xlpm.tgt="","No target set",IF(AND(_xlpm.tgt<TODAY(),_xlpm.act=""),"Overdue","On track"))),IF(C25="QA",_xlfn.LET(_xlpm.tgt,IF(AM25<>"",AM25,IF(W25<>"",W25,V25)),_xlpm.sent,_xlfn.MAXIFS('Rework Log'!$B$2:$B$497,'Rework Log'!$A$2:$A$497,$B25,'Rework Log'!$C$2:$C$497,"QA"),_xlpm.act,IF(AND(Y25<>"",Y25>=_xlpm.sent),Y25,""),IF(_xlpm.tgt="","No target set",IF(AND(_xlpm.tgt<TODAY(),_xlpm.act=""),"Overdue","On track"))),IF(C25="DPO Approval",_xlfn.LET(_xlpm.tgt,IF(AN25<>"",AN25,IF(AB25<>"",AB25,AA25)),_xlpm.sent,_xlfn.MAXIFS('Rework Log'!$B$2:$B$497,'Rework Log'!$A$2:$A$497,$B25,'Rework Log'!$C$2:$C$497,"DPO*"),_xlpm.act,IF(AND(AC25<>"",AC25>=_xlpm.sent),AC25,""),IF(_xlpm.tgt="","No target set",IF(AND(_xlpm.tgt<TODAY(),_xlpm.act=""),"Overdue","On track"))),IF(C25="RELEASED IN PROD","Delivered","")))))))))} -> Delivered | E25: 24 | H25: 46203 | I25: June | J25: Siva | K25: 46185 | M25: 46162 | N25: Curated | P25: Shraddha | Q25: 46192 | S25: 46164 | U25: Preety | V25: 46199 | Y25: 46204 | AA25: 46202 | AD25: Jay Poter | AE25: compliance | AF25: Yes | AG25: 46204 | AJ25: No | AK25: {=IF($B25="","",_xlfn.LET(_xlpm.nm,$B25,_xlpm.st,$C25,_xlpm.ou,SUMPRODUCT(('Rework Log'!$A$2:$A$497=_xlpm.nm)*('Rework Log'!$G$2:$G$497<>"Yes")*('Rework Log'!$G$2:$G$497<>"Did not pass re-test")*('Rework Log'!$J$2:$J$497="")),_xlpm.ob,SUMPRODUCT(('Rework Log'!$A$2:$A$497=_xlpm.nm)*('Rework Log'!$G$2:$G$497<>"Yes")*('Rework Log'!$G$2:$G$497<>"Did not pass re-test")),_xlpm.oto,IF(SUMPRODUCT(('Rework Log'!$A$2:$A$497=_xlpm.nm)*('Rework Log'!$G$2:$G$497<>"Yes")*('Rework Log'!$G$2:$G$497<>"Did not pass re-test")*('Rework Log'!$J$2:$J$497=""))=0,"",INDEX('Rework Log'!$D$2:$D$497,MATCH(1,('Rework Log'!$A$2:$A$497=_xlpm.nm)*('Rework Log'!$G$2:$G$497<>"Yes")*('Rework Log'!$G$2:$G$497<>"Did not pass re-test")*('Rework Log'!$J$2:$J$497=""),0))),_xlpm.sent,_xlfn.MAXIFS('Rework Log'!$B$2:$B$497,'Rework Log'!$A$2:$A$497,_xlpm.nm),_xlpm.act,_xlfn.IFS(_xlpm.st="NOT STARTED",$M25,_xlpm.st="DB Dev",$M25,_xlpm.st="PBI Dev",$S25,_xlpm.st="QA",$Y25,_xlpm.st="DPO Approval",$AC25,_xlpm.st="Ready for Release in Prod",$AG25,TRUE,""),_xlpm.nxt,_xlfn.IFS(_xlpm.st="NOT STARTED","PBI Dev",_xlpm.st="DB Dev","PBI Dev",_xlpm.st="PBI Dev","QA",_xlpm.st="QA","DPO Approval",_xlpm.st="DPO Approval","Ready for Release in Prod",_xlpm.st="Ready for Release in Prod","RELEASED IN PROD",TRUE,""),IF(AND(_xlpm.ou>0,_xlpm.st<>_xlpm.oto),"Move status back to "&_xlpm.oto,IF(AND(_xlpm.ob=0,LEFT($AJ25,3)="Yes"),"Blocked - log it on Rework Log",IF(AND(_xlpm.ob>0,LEFT($AJ25,3)<>"Yes"),"Open rework row - mark Blocked or close it",IF(AND(_xlpm.ob=0,_xlpm.act<>"",_xlpm.act>=_xlpm.sent,_xlpm.nxt<>""),"Move status to "&_xlpm.nxt,IF(COUNTIF($B$2:$B$528,$B25)>1,"Duplicate name - check row",IF(COUNTIF('Rework Log'!$A$2:$A$497,$B25)>0,"",IF(AND($V25<>"",$K25<>"",$V25<$K25),"QA target is before DB Dev target",IF(AND($V25<>"",$Q25<>"",$V25<$Q25),"QA target is before PBI Dev target",IF(AND($AA25<>"",$V25<>"",$AA25<$V25),"DPO Approval target is before QA target",IF(AND($AG25<>"",$AA25<>"",$AG25<$AA25),"Confirmed Deployed date is before DPO Approval target",""))))))))))))} | AL25: [Source confirms QA complete but gives no exact date - using QA Expected date as the closest evidence-backed proxy] | AM25: {=_xlfn.LET(_xlpm.rep,$B25,_xlpm.sent,_xlfn.MAXIFS('Rework Log'!$B$2:$B$497,'Rework Log'!$A$2:$A$497,_xlpm.rep,'Rework Log'!$C$2:$C$497,"QA"),_xlpm.fixdate,_xlfn.MAXIFS('Rework Log'!$J$2:$J$497,'Rework Log'!$A$2:$A$497,_xlpm.rep,'Rework Log'!$C$2:$C$497,"QA",'Rework Log'!$B$2:$B$497,_xlpm.sent),_xlpm.expfix,_xlfn.MAXIFS('Rework Log'!$I$2:$I$497,'Rework Log'!$A$2:$A$497,_xlpm.rep,'Rework Log'!$C$2:$C$497,"QA",'Rework Log'!$B$2:$B$497,_xlpm.sent),_xlpm.base,IF(_xlpm.fixdate>0,_xlpm.fixdate,_xlpm.expfix),IF(OR(_xlpm.rep="",_xlpm.sent=0,_xlpm.base=0),"",WORKDAY(_xlpm.base,3)))} | AN25: {=_xlfn.LET(_xlpm.rep,$B25,_xlpm.sent,_xlfn.MAXIFS('Rework Log'!$B$2:$B$497,'Rework Log'!$A$2:$A$497,_xlpm.rep,'Rework Log'!$C$2:$C$497,"DPO*"),_xlpm.fixdate,_xlfn.MAXIFS('Rework Log'!$J$2:$J$497,'Rework Log'!$A$2:$A$497,_xlpm.rep,'Rework Log'!$C$2:$C$497,"DPO*",'Rework Log'!$B$2:$B$497,_xlpm.sent),_xlpm.expfix,_xlfn.MAXIFS('Rework Log'!$I$2:$I$497,'Rework Log'!$A$2:$A$497,_xlpm.rep,'Rework Log'!$C$2:$C$497,"DPO*",'Rework Log'!$B$2:$B$497,_xlpm.sent),_xlpm.base,IF(_xlpm.fixdate>0,_xlpm.fixdate,_xlpm.expfix),IF(OR(_xlpm.rep="",_xlpm.sent=0,_xlpm.base=0),"",WORKDAY(_xlpm.base,7)))}
A26: Leaks | B26: RPT_04_Main_Replacement Report | C26: RELEASED IN PROD | D26: {=IF(AND(C26="Ready for Release in Prod",LEFT($AJ26,3)<>"Yes"),IF(AG26<>"","Delivered","On track"),IF($B26="","",IF(LEFT($AJ26,3)="Yes","Blocked - "&MID($AJ26,7,100)&IF(SUMPRODUCT(('Rework Log'!$A$2:$A$497=$B26)*('Rework Log'!$G$2:$G$497<>"Yes")*('Rework Log'!$G$2:$G$497<>"Did not pass re-test"))=0,"",IF(SUMPRODUCT(MAX((('Rework Log'!$A$2:$A$497=$B26)*('Rework Log'!$G$2:$G$497<>"Yes")*('Rework Log'!$G$2:$G$497<>"Did not pass re-test"))*'Rework Log'!$I$2:$I$497))=0," - unclaimed"," - promised "&TEXT(SUMPRODUCT(MAX((('Rework Log'!$A$2:$A$497=$B26)*('Rework Log'!$G$2:$G$497<>"Yes")*('Rework Log'!$G$2:$G$497<>"Did not pass re-test"))*'Rework Log'!$I$2:$I$497)),"m/d"))),IF(C26="NOT STARTED",IF(H26="","No plan date set",IF(H26<TODAY(),"Review - planned start passed","On track")),IF(C26="DB Dev",_xlfn.LET(_xlpm.sent,_xlfn.MAXIFS('Rework Log'!$B$2:$B$497,'Rework Log'!$A$2:$A$497,$B26,'Rework Log'!$D$2:$D$497,"DB Dev"),_xlpm.expfix,_xlfn.MAXIFS('Rework Log'!$I$2:$I$497,'Rework Log'!$A$2:$A$497,$B26,'Rework Log'!$D$2:$D$497,"DB Dev",'Rework Log'!$B$2:$B$497,_xlpm.sent),_xlpm.tgt,IF(_xlpm.expfix>0,_xlpm.expfix,IF(L26<>"",L26,K26)),_xlpm.act,IF(AND(M26<>"",M26>=_xlpm.sent),M26,""),IF(_xlpm.tgt="","No target set",IF(AND(_xlpm.tgt<TODAY(),_xlpm.act=""),"Overdue","On track"))),IF(C26="PBI Dev",_xlfn.LET(_xlpm.sent,_xlfn.MAXIFS('Rework Log'!$B$2:$B$497,'Rework Log'!$A$2:$A$497,$B26,'Rework Log'!$D$2:$D$497,"PBI Dev"),_xlpm.expfix,_xlfn.MAXIFS('Rework Log'!$I$2:$I$497,'Rework Log'!$A$2:$A$497,$B26,'Rework Log'!$D$2:$D$497,"PBI Dev",'Rework Log'!$B$2:$B$497,_xlpm.sent),_xlpm.tgt,IF(_xlpm.expfix>0,_xlpm.expfix,IF(R26<>"",R26,Q26)),_xlpm.act,IF(AND(S26<>"",S26>=_xlpm.sent),S26,""),IF(_xlpm.tgt="","No target set",IF(AND(_xlpm.tgt<TODAY(),_xlpm.act=""),"Overdue","On track"))),IF(C26="QA",_xlfn.LET(_xlpm.tgt,IF(AM26<>"",AM26,IF(W26<>"",W26,V26)),_xlpm.sent,_xlfn.MAXIFS('Rework Log'!$B$2:$B$497,'Rework Log'!$A$2:$A$497,$B26,'Rework Log'!$C$2:$C$497,"QA"),_xlpm.act,IF(AND(Y26<>"",Y26>=_xlpm.sent),Y26,""),IF(_xlpm.tgt="","No target set",IF(AND(_xlpm.tgt<TODAY(),_xlpm.act=""),"Overdue","On track"))),IF(C26="DPO Approval",_xlfn.LET(_xlpm.tgt,IF(AN26<>"",AN26,IF(AB26<>"",AB26,AA26)),_xlpm.sent,_xlfn.MAXIFS('Rework Log'!$B$2:$B$497,'Rework Log'!$A$2:$A$497,$B26,'Rework Log'!$C$2:$C$497,"DPO*"),_xlpm.act,IF(AND(AC26<>"",AC26>=_xlpm.sent),AC26,""),IF(_xlpm.tgt="","No target set",IF(AND(_xlpm.tgt<TODAY(),_xlpm.act=""),"Overdue","On track"))),IF(C26="RELEASED IN PROD","Delivered","")))))))))} -> Delivered | E26: 25 | H26: 46203 | I26: June | J26: Sree | K26: 46185 | M26: 46169 | N26: Curated | P26: Navya | Q26: 46192 | S26: 46191 | U26: Kelvin | V26: 46199 | Y26: 46196 | AA26: 46202 | AD26: Corey Manson | AE26: compliance | AF26: Yes | AG26: 46196 | AH26: https://app.powerbi.com/Redirect?action=OpenApp&appId=eedba83d-be9a-45f9-9504-7bfa41e6051a&ctid=f98a6a53-25f3-4212-901c-c7787fcd3495&experience=power-bi | AI26: https://app.powerbi.com/groups/me/apps/2c7180b1-0d3d-45be-979e-f7dc86b3557d/reports/3a63d51e-dbb3-4d03-8e38-924376751299/3122b8024291693794eb?ctid=f98a6a53-25f3-4212-901c-c7787fcd3495&experience=power-bi | AJ26: No | AK26: =IF($B26="","",IF(AND(LEFT($AJ26,3)="Yes",SUMPRODUCT(('Rework Log'!$A$2:$A$497=$B26)*('Rework Log'!$G$2:$G$497<>"Yes")*('Rework Log'!$G$2:$G$497<>"Did not pass re-test"))=0),"Blocked - log it on Rework Log",IF(AND(LEFT($AJ26,3)<>"Yes",SUMPRODUCT(('Rework Log'!$A$2:$A$497=$B26)*('Rework Log'!$G$2:$G$497<>"Yes")*('Rework Log'!$G$2:$G$497<>"Did not pass re-test"))>0),"Open rework row - mark Blocked? or close it",IF(AND($AJ26="Yes – needs DB Dev to fix",M26<>"",SUMPRODUCT(MAX((('Rework Log'!$A$2:$A$497=$B26)*('Rework Log'!$G$2:$G$497<>"Yes")*('Rework Log'!$G$2:$G$497<>"Did not pass re-test"))*'Rework Log'!$I$2:$I$497))>0),"Move old DB Dev completion date to Rework Log (col H)",IF(AND($AJ26="Yes – needs PBI Dev to fix",S26<>"",SUMPRODUCT(MAX((('Rework Log'!$A$2:$A$497=$B26)*('Rework Log'!$G$2:$G$497<>"Yes")*('Rework Log'!$G$2:$G$497<>"Did not pass re-test"))*'Rework Log'!$I$2:$I$497))>0),"Move old PBI Dev completion date to Rework Log (col H)",IF(AND($AJ26="Yes – needs QA to fix",Y26<>"",SUMPRODUCT(MAX((('Rework Log'!$A$2:$A$497=$B26)*('Rework Log'!$G$2:$G$497<>"Yes")*('Rework Log'!$G$2:$G$497<>"Did not pass re-test"))*'Rework Log'!$I$2:$I$497))>0),"Move old QA completion date to Rework Log (col H)",IF(COUNTIF($B$2:$B$528,$B26)>1,"Duplicate name - check row",IF(COUNTIF('Rework Log'!$A$2:$A$497,$B26)>0,"",IF(AND(V26<>"",K26<>"",V26<K26),"QA target is before DB Dev target",IF(AND(V26<>"",Q26<>"",V26<Q26),"QA target is before PBI Dev target",IF(AND(AA26<>"",V26<>"",AA26<V26),"DPO Approval target is before QA target",IF(AND(AG26<>"",AA26<>"",AG26<AA26),"Confirmed Deployed date is before DPO Approval target","")))))))))))) -> Confirmed Deployed date is before DPO Approval target | AM26: {=_xlfn.LET(_xlpm.rep,$B26,_xlpm.sent,_xlfn.MAXIFS('Rework Log'!$B$2:$B$497,'Rework Log'!$A$2:$A$497,_xlpm.rep,'Rework Log'!$C$2:$C$497,"QA"),_xlpm.fixdate,_xlfn.MAXIFS('Rework Log'!$J$2:$J$497,'Rework Log'!$A$2:$A$497,_xlpm.rep,'Rework Log'!$C$2:$C$497,"QA",'Rework Log'!$B$2:$B$497,_xlpm.sent),_xlpm.expfix,_xlfn.MAXIFS('Rework Log'!$I$2:$I$497,'Rework Log'!$A$2:$A$497,_xlpm.rep,'Rework Log'!$C$2:$C$497,"QA",'Rework Log'!$B$2:$B$497,_xlpm.sent),_xlpm.base,IF(_xlpm.fixdate>0,_xlpm.fixdate,_xlpm.expfix),IF(OR(_xlpm.rep="",_xlpm.sent=0,_xlpm.base=0),"",WORKDAY(_xlpm.base,3)))} | AN26: {=_xlfn.LET(_xlpm.rep,$B26,_xlpm.sent,_xlfn.MAXIFS('Rework Log'!$B$2:$B$497,'Rework Log'!$A$2:$A$497,_xlpm.rep,'Rework Log'!$C$2:$C$497,"DPO*"),_xlpm.fixdate,_xlfn.MAXIFS('Rework Log'!$J$2:$J$497,'Rework Log'!$A$2:$A$497,_xlpm.rep,'Rework Log'!$C$2:$C$497,"DPO*",'Rework Log'!$B$2:$B$497,_xlpm.sent),_xlpm.expfix,_xlfn.MAXIFS('Rework Log'!$I$2:$I$497,'Rework Log'!$A$2:$A$497,_xlpm.rep,'Rework Log'!$C$2:$C$497,"DPO*",'Rework Log'!$B$2:$B$497,_xlpm.sent),_xlpm.base,IF(_xlpm.fixdate>0,_xlpm.fixdate,_xlpm.expfix),IF(OR(_xlpm.rep="",_xlpm.sent=0,_xlpm.base=0),"",WORKDAY(_xlpm.base,7)))}
A27: Leaks | B27: New Report: Leak Repair Exception | C27: RELEASED IN PROD | D27: {=IF(AND(C27="Ready for Release in Prod",LEFT($AJ27,3)<>"Yes"),IF(AG27<>"","Delivered","On track"),IF($B27="","",IF(LEFT($AJ27,3)="Yes","Blocked - "&MID($AJ27,7,100)&IF(SUMPRODUCT(('Rework Log'!$A$2:$A$497=$B27)*('Rework Log'!$G$2:$G$497<>"Yes")*('Rework Log'!$G$2:$G$497<>"Did not pass re-test"))=0,"",IF(SUMPRODUCT(MAX((('Rework Log'!$A$2:$A$497=$B27)*('Rework Log'!$G$2:$G$497<>"Yes")*('Rework Log'!$G$2:$G$497<>"Did not pass re-test"))*'Rework Log'!$I$2:$I$497))=0," - unclaimed"," - promised "&TEXT(SUMPRODUCT(MAX((('Rework Log'!$A$2:$A$497=$B27)*('Rework Log'!$G$2:$G$497<>"Yes")*('Rework Log'!$G$2:$G$497<>"Did not pass re-test"))*'Rework Log'!$I$2:$I$497)),"m/d"))),IF(C27="NOT STARTED",IF(H27="","No plan date set",IF(H27<TODAY(),"Review - planned start passed","On track")),IF(C27="DB Dev",_xlfn.LET(_xlpm.sent,_xlfn.MAXIFS('Rework Log'!$B$2:$B$497,'Rework Log'!$A$2:$A$497,$B27,'Rework Log'!$D$2:$D$497,"DB Dev"),_xlpm.expfix,_xlfn.MAXIFS('Rework Log'!$I$2:$I$497,'Rework Log'!$A$2:$A$497,$B27,'Rework Log'!$D$2:$D$497,"DB Dev",'Rework Log'!$B$2:$B$497,_xlpm.sent),_xlpm.tgt,IF(_xlpm.expfix>0,_xlpm.expfix,IF(L27<>"",L27,K27)),_xlpm.act,IF(AND(M27<>"",M27>=_xlpm.sent),M27,""),IF(_xlpm.tgt="","No target set",IF(AND(_xlpm.tgt<TODAY(),_xlpm.act=""),"Overdue","On track"))),IF(C27="PBI Dev",_xlfn.LET(_xlpm.sent,_xlfn.MAXIFS('Rework Log'!$B$2:$B$497,'Rework Log'!$A$2:$A$497,$B27,'Rework Log'!$D$2:$D$497,"PBI Dev"),_xlpm.expfix,_xlfn.MAXIFS('Rework Log'!$I$2:$I$497,'Rework Log'!$A$2:$A$497,$B27,'Rework Log'!$D$2:$D$497,"PBI Dev",'Rework Log'!$B$2:$B$497,_xlpm.sent),_xlpm.tgt,IF(_xlpm.expfix>0,_xlpm.expfix,IF(R27<>"",R27,Q27)),_xlpm.act,IF(AND(S27<>"",S27>=_xlpm.sent),S27,""),IF(_xlpm.tgt="","No target set",IF(AND(_xlpm.tgt<TODAY(),_xlpm.act=""),"Overdue","On track"))),IF(C27="QA",_xlfn.LET(_xlpm.tgt,IF(AM27<>"",AM27,IF(W27<>"",W27,V27)),_xlpm.sent,_xlfn.MAXIFS('Rework Log'!$B$2:$B$497,'Rework Log'!$A$2:$A$497,$B27,'Rework Log'!$C$2:$C$497,"QA"),_xlpm.act,IF(AND(Y27<>"",Y27>=_xlpm.sent),Y27,""),IF(_xlpm.tgt="","No target set",IF(AND(_xlpm.tgt<TODAY(),_xlpm.act=""),"Overdue","On track"))),IF(C27="DPO Approval",_xlfn.LET(_xlpm.tgt,IF(AN27<>"",AN27,IF(AB27<>"",AB27,AA27)),_xlpm.sent,_xlfn.MAXIFS('Rework Log'!$B$2:$B$497,'Rework Log'!$A$2:$A$497,$B27,'Rework Log'!$C$2:$C$497,"DPO*"),_xlpm.act,IF(AND(AC27<>"",AC27>=_xlpm.sent),AC27,""),IF(_xlpm.tgt="","No target set",IF(AND(_xlpm.tgt<TODAY(),_xlpm.act=""),"Overdue","On track"))),IF(C27="RELEASED IN PROD","Delivered","")))))))))} -> Delivered | E27: 26 | H27: 46203 | I27: June | J27: Geetha | K27: 46185 | M27: 46168 | N27: Curated | P27: Shraddha | Q27: 46192 | S27: 46189 | U27: Kelvin | V27: 46199 | Y27: 46189 | AA27: 46202 | AE27: Ops | AF27: Yes | AG27: 46192 | AH27: https://app.powerbi.com/groups/me/apps/eedba83d-be9a-45f9-9504-7bfa41e6051a/reports/f32957e8-b826-44b0-8c00-67ff417ed57e/e94cbcb8509576e1c578?ctid=f98a6a53-25f3-4212-901c-c7787fcd3495&experience=power-bi | AJ27: No | AK27: {=IF($B27="","",_xlfn.LET(_xlpm.nm,$B27,_xlpm.st,$C27,_xlpm.ou,SUMPRODUCT(('Rework Log'!$A$2:$A$497=_xlpm.nm)*('Rework Log'!$G$2:$G$497<>"Yes")*('Rework Log'!$G$2:$G$497<>"Did not pass re-test")*('Rework Log'!$J$2:$J$497="")),_xlpm.ob,SUMPRODUCT(('Rework Log'!$A$2:$A$497=_xlpm.nm)*('Rework Log'!$G$2:$G$497<>"Yes")*('Rework Log'!$G$2:$G$497<>"Did not pass re-test")),_xlpm.oto,IF(SUMPRODUCT(('Rework Log'!$A$2:$A$497=_xlpm.nm)*('Rework Log'!$G$2:$G$497<>"Yes")*('Rework Log'!$G$2:$G$497<>"Did not pass re-test")*('Rework Log'!$J$2:$J$497=""))=0,"",INDEX('Rework Log'!$D$2:$D$497,MATCH(1,('Rework Log'!$A$2:$A$497=_xlpm.nm)*('Rework Log'!$G$2:$G$497<>"Yes")*('Rework Log'!$G$2:$G$497<>"Did not pass re-test")*('Rework Log'!$J$2:$J$497=""),0))),_xlpm.sent,_xlfn.MAXIFS('Rework Log'!$B$2:$B$497,'Rework Log'!$A$2:$A$497,_xlpm.nm),_xlpm.act,_xlfn.IFS(_xlpm.st="NOT STARTED",$M27,_xlpm.st="DB Dev",$M27,_xlpm.st="PBI Dev",$S27,_xlpm.st="QA",$Y27,_xlpm.st="DPO Approval",$AC27,_xlpm.st="Ready for Release in Prod",$AG27,TRUE,""),_xlpm.nxt,_xlfn.IFS(_xlpm.st="NOT STARTED","PBI Dev",_xlpm.st="DB Dev","PBI Dev",_xlpm.st="PBI Dev","QA",_xlpm.st="QA","DPO Approval",_xlpm.st="DPO Approval","Ready for Release in Prod",_xlpm.st="Ready for Release in Prod","RELEASED IN PROD",TRUE,""),IF(AND(_xlpm.ou>0,_xlpm.st<>_xlpm.oto),"Move status back to "&_xlpm.oto,IF(AND(_xlpm.ob=0,LEFT($AJ27,3)="Yes"),"Blocked - log it on Rework Log",IF(AND(_xlpm.ob>0,LEFT($AJ27,3)<>"Yes"),"Open rework row - mark Blocked or close it",IF(AND(_xlpm.ob=0,_xlpm.act<>"",_xlpm.act>=_xlpm.sent,_xlpm.nxt<>""),"Move status to "&_xlpm.nxt,IF(COUNTIF($B$2:$B$528,$B27)>1,"Duplicate name - check row",IF(COUNTIF('Rework Log'!$A$2:$A$497,$B27)>0,"",IF(AND($V27<>"",$K27<>"",$V27<$K27),"QA target is before DB Dev target",IF(AND($V27<>"",$Q27<>"",$V27<$Q27),"QA target is before PBI Dev target",IF(AND($AA27<>"",$V27<>"",$AA27<$V27),"DPO Approval target is before QA target",IF(AND($AG27<>"",$AA27<>"",$AG27<$AA27),"Confirmed Deployed date is before DPO Approval target",""))))))))))))} -> Confirmed Deployed date is before DPO Approval target | AM27: {=_xlfn.LET(_xlpm.rep,$B27,_xlpm.sent,_xlfn.MAXIFS('Rework Log'!$B$2:$B$497,'Rework Log'!$A$2:$A$497,_xlpm.rep,'Rework Log'!$C$2:$C$497,"QA"),_xlpm.fixdate,_xlfn.MAXIFS('Rework Log'!$J$2:$J$497,'Rework Log'!$A$2:$A$497,_xlpm.rep,'Rework Log'!$C$2:$C$497,"QA",'Rework Log'!$B$2:$B$497,_xlpm.sent),_xlpm.expfix,_xlfn.MAXIFS('Rework Log'!$I$2:$I$497,'Rework Log'!$A$2:$A$497,_xlpm.rep,'Rework Log'!$C$2:$C$497,"QA",'Rework Log'!$B$2:$B$497,_xlpm.sent),_xlpm.base,IF(_xlpm.fixdate>0,_xlpm.fixdate,_xlpm.expfix),IF(OR(_xlpm.rep="",_xlpm.sent=0,_xlpm.base=0),"",WORKDAY(_xlpm.base,3)))} | AN27: {=_xlfn.LET(_xlpm.rep,$B27,_xlpm.sent,_xlfn.MAXIFS('Rework Log'!$B$2:$B$497,'Rework Log'!$A$2:$A$497,_xlpm.rep,'Rework Log'!$C$2:$C$497,"DPO*"),_xlpm.fixdate,_xlfn.MAXIFS('Rework Log'!$J$2:$J$497,'Rework Log'!$A$2:$A$497,_xlpm.rep,'Rework Log'!$C$2:$C$497,"DPO*",'Rework Log'!$B$2:$B$497,_xlpm.sent),_xlpm.expfix,_xlfn.MAXIFS('Rework Log'!$I$2:$I$497,'Rework Log'!$A$2:$A$497,_xlpm.rep,'Rework Log'!$C$2:$C$497,"DPO*",'Rework Log'!$B$2:$B$497,_xlpm.sent),_xlpm.base,IF(_xlpm.fixdate>0,_xlpm.fixdate,_xlpm.expfix),IF(OR(_xlpm.rep="",_xlpm.sent=0,_xlpm.base=0),"",WORKDAY(_xlpm.base,7)))}
A28: Leaks | B28: New Report: (Leak reading sample point mismatch ) Creating a new report that... | C28: RELEASED IN PROD | D28: {=IF(AND(C28="Ready for Release in Prod",LEFT($AJ28,3)<>"Yes"),IF(AG28<>"","Delivered","On track"),IF($B28="","",IF(LEFT($AJ28,3)="Yes","Blocked - "&MID($AJ28,7,100)&IF(SUMPRODUCT(('Rework Log'!$A$2:$A$497=$B28)*('Rework Log'!$G$2:$G$497<>"Yes")*('Rework Log'!$G$2:$G$497<>"Did not pass re-test"))=0,"",IF(SUMPRODUCT(MAX((('Rework Log'!$A$2:$A$497=$B28)*('Rework Log'!$G$2:$G$497<>"Yes")*('Rework Log'!$G$2:$G$497<>"Did not pass re-test"))*'Rework Log'!$I$2:$I$497))=0," - unclaimed"," - promised "&TEXT(SUMPRODUCT(MAX((('Rework Log'!$A$2:$A$497=$B28)*('Rework Log'!$G$2:$G$497<>"Yes")*('Rework Log'!$G$2:$G$497<>"Did not pass re-test"))*'Rework Log'!$I$2:$I$497)),"m/d"))),IF(C28="NOT STARTED",IF(H28="","No plan date set",IF(H28<TODAY(),"Review - planned start passed","On track")),IF(C28="DB Dev",_xlfn.LET(_xlpm.sent,_xlfn.MAXIFS('Rework Log'!$B$2:$B$497,'Rework Log'!$A$2:$A$497,$B28,'Rework Log'!$D$2:$D$497,"DB Dev"),_xlpm.expfix,_xlfn.MAXIFS('Rework Log'!$I$2:$I$497,'Rework Log'!$A$2:$A$497,$B28,'Rework Log'!$D$2:$D$497,"DB Dev",'Rework Log'!$B$2:$B$497,_xlpm.sent),_xlpm.tgt,IF(_xlpm.expfix>0,_xlpm.expfix,IF(L28<>"",L28,K28)),_xlpm.act,IF(AND(M28<>"",M28>=_xlpm.sent),M28,""),IF(_xlpm.tgt="","No target set",IF(AND(_xlpm.tgt<TODAY(),_xlpm.act=""),"Overdue","On track"))),IF(C28="PBI Dev",_xlfn.LET(_xlpm.sent,_xlfn.MAXIFS('Rework Log'!$B$2:$B$497,'Rework Log'!$A$2:$A$497,$B28,'Rework Log'!$D$2:$D$497,"PBI Dev"),_xlpm.expfix,_xlfn.MAXIFS('Rework Log'!$I$2:$I$497,'Rework Log'!$A$2:$A$497,$B28,'Rework Log'!$D$2:$D$497,"PBI Dev",'Rework Log'!$B$2:$B$497,_xlpm.sent),_xlpm.tgt,IF(_xlpm.expfix>0,_xlpm.expfix,IF(R28<>"",R28,Q28)),_xlpm.act,IF(AND(S28<>"",S28>=_xlpm.sent),S28,""),IF(_xlpm.tgt="","No target set",IF(AND(_xlpm.tgt<TODAY(),_xlpm.act=""),"Overdue","On track"))),IF(C28="QA",_xlfn.LET(_xlpm.tgt,IF(AM28<>"",AM28,IF(W28<>"",W28,V28)),_xlpm.sent,_xlfn.MAXIFS('Rework Log'!$B$2:$B$497,'Rework Log'!$A$2:$A$497,$B28,'Rework Log'!$C$2:$C$497,"QA"),_xlpm.act,IF(AND(Y28<>"",Y28>=_xlpm.sent),Y28,""),IF(_xlpm.tgt="","No target set",IF(AND(_xlpm.tgt<TODAY(),_xlpm.act=""),"Overdue","On track"))),IF(C28="DPO Approval",_xlfn.LET(_xlpm.tgt,IF(AN28<>"",AN28,IF(AB28<>"",AB28,AA28)),_xlpm.sent,_xlfn.MAXIFS('Rework Log'!$B$2:$B$497,'Rework Log'!$A$2:$A$497,$B28,'Rework Log'!$C$2:$C$497,"DPO*"),_xlpm.act,IF(AND(AC28<>"",AC28>=_xlpm.sent),AC28,""),IF(_xlpm.tgt="","No target set",IF(AND(_xlpm.tgt<TODAY(),_xlpm.act=""),"Overdue","On track"))),IF(C28="RELEASED IN PROD","Delivered","")))))))))} -> Delivered | E28: 27 | H28: 46203 | I28: June | J28: Siddu | K28: 46185 | M28: 46169 | N28: Curated | P28: Shraddha | Q28: 46192 | S28: 46195 | V28: 46199 | Y28: 46197 | AA28: 46202 | AD28: Oneil Lashley | AE28: Ops | AF28: Yes | AG28: 46197 | AJ28: No | AK28: {=IF($B28="","",_xlfn.LET(_xlpm.nm,$B28,_xlpm.st,$C28,_xlpm.ou,SUMPRODUCT(('Rework Log'!$A$2:$A$497=_xlpm.nm)*('Rework Log'!$G$2:$G$497<>"Yes")*('Rework Log'!$G$2:$G$497<>"Did not pass re-test")*('Rework Log'!$J$2:$J$497="")),_xlpm.ob,SUMPRODUCT(('Rework Log'!$A$2:$A$497=_xlpm.nm)*('Rework Log'!$G$2:$G$497<>"Yes")*('Rework Log'!$G$2:$G$497<>"Did not pass re-test")),_xlpm.oto,IF(SUMPRODUCT(('Rework Log'!$A$2:$A$497=_xlpm.nm)*('Rework Log'!$G$2:$G$497<>"Yes")*('Rework Log'!$G$2:$G$497<>"Did not pass re-test")*('Rework Log'!$J$2:$J$497=""))=0,"",INDEX('Rework Log'!$D$2:$D$497,MATCH(1,('Rework Log'!$A$2:$A$497=_xlpm.nm)*('Rework Log'!$G$2:$G$497<>"Yes")*('Rework Log'!$G$2:$G$497<>"Did not pass re-test")*('Rework Log'!$J$2:$J$497=""),0))),_xlpm.sent,_xlfn.MAXIFS('Rework Log'!$B$2:$B$497,'Rework Log'!$A$2:$A$497,_xlpm.nm),_xlpm.act,_xlfn.IFS(_xlpm.st="NOT STARTED",$M28,_xlpm.st="DB Dev",$M28,_xlpm.st="PBI Dev",$S28,_xlpm.st="QA",$Y28,_xlpm.st="DPO Approval",$AC28,_xlpm.st="Ready for Release in Prod",$AG28,TRUE,""),_xlpm.nxt,_xlfn.IFS(_xlpm.st="NOT STARTED","PBI Dev",_xlpm.st="DB Dev","PBI Dev",_xlpm.st="PBI Dev","QA",_xlpm.st="QA","DPO Approval",_xlpm.st="DPO Approval","Ready for Release in Prod",_xlpm.st="Ready for Release in Prod","RELEASED IN PROD",TRUE,""),IF(AND(_xlpm.ou>0,_xlpm.st<>_xlpm.oto),"Move status back to "&_xlpm.oto,IF(AND(_xlpm.ob=0,LEFT($AJ28,3)="Yes"),"Blocked - log it on Rework Log",IF(AND(_xlpm.ob>0,LEFT($AJ28,3)<>"Yes"),"Open rework row - mark Blocked or close it",IF(AND(_xlpm.ob=0,_xlpm.act<>"",_xlpm.act>=_xlpm.sent,_xlpm.nxt<>""),"Move status to "&_xlpm.nxt,IF(COUNTIF($B$2:$B$528,$B28)>1,"Duplicate name - check row",IF(COUNTIF('Rework Log'!$A$2:$A$497,$B28)>0,"",IF(AND($V28<>"",$K28<>"",$V28<$K28),"QA target is before DB Dev target",IF(AND($V28<>"",$Q28<>"",$V28<$Q28),"QA target is before PBI Dev target",IF(AND($AA28<>"",$V28<>"",$AA28<$V28),"DPO Approval target is before QA target",IF(AND($AG28<>"",$AA28<>"",$AG28<$AA28),"Confirmed Deployed date is before DPO Approval target",""))))))))))))} -> Confirmed Deployed date is before DPO Approval target | AL28: [QA Actual date recovered from source text: "6/24/2026; QA Completed. Waiting for the view to be deployed to UAT"] | AM28: {=_xlfn.LET(_xlpm.rep,$B28,_xlpm.sent,_xlfn.MAXIFS('Rework Log'!$B$2:$B$497,'Rework Log'!$A$2:$A$497,_xlpm.rep,'Rework Log'!$C$2:$C$497,"QA"),_xlpm.fixdate,_xlfn.MAXIFS('Rework Log'!$J$2:$J$497,'Rework Log'!$A$2:$A$497,_xlpm.rep,'Rework Log'!$C$2:$C$497,"QA",'Rework Log'!$B$2:$B$497,_xlpm.sent),_xlpm.expfix,_xlfn.MAXIFS('Rework Log'!$I$2:$I$497,'Rework Log'!$A$2:$A$497,_xlpm.rep,'Rework Log'!$C$2:$C$497,"QA",'Rework Log'!$B$2:$B$497,_xlpm.sent),_xlpm.base,IF(_xlpm.fixdate>0,_xlpm.fixdate,_xlpm.expfix),IF(OR(_xlpm.rep="",_xlpm.sent=0,_xlpm.base=0),"",WORKDAY(_xlpm.base,3)))} | AN28: {=_xlfn.LET(_xlpm.rep,$B28,_xlpm.sent,_xlfn.MAXIFS('Rework Log'!$B$2:$B$497,'Rework Log'!$A$2:$A$497,_xlpm.rep,'Rework Log'!$C$2:$C$497,"DPO*"),_xlpm.fixdate,_xlfn.MAXIFS('Rework Log'!$J$2:$J$497,'Rework Log'!$A$2:$A$497,_xlpm.rep,'Rework Log'!$C$2:$C$497,"DPO*",'Rework Log'!$B$2:$B$497,_xlpm.sent),_xlpm.expfix,_xlfn.MAXIFS('Rework Log'!$I$2:$I$497,'Rework Log'!$A$2:$A$497,_xlpm.rep,'Rework Log'!$C$2:$C$497,"DPO*",'Rework Log'!$B$2:$B$497,_xlpm.sent),_xlpm.base,IF(_xlpm.fixdate>0,_xlpm.fixdate,_xlpm.expfix),IF(OR(_xlpm.rep="",_xlpm.sent=0,_xlpm.base=0),"",WORKDAY(_xlpm.base,7)))}
A29: CMS | B29: RPT_02_CO Flue Warning Tag Control | C29: Ready for Release in Prod | D29: {=IF(AND(C29="Ready for Release in Prod",LEFT($AJ29,3)<>"Yes"),IF(AG29<>"","Delivered","On track"),IF($B29="","",IF(LEFT($AJ29,3)="Yes","Blocked - "&MID($AJ29,7,100)&IF(SUMPRODUCT(('Rework Log'!$A$2:$A$497=$B29)*('Rework Log'!$G$2:$G$497<>"Yes")*('Rework Log'!$G$2:$G$497<>"Did not pass re-test"))=0,"",IF(SUMPRODUCT(MAX((('Rework Log'!$A$2:$A$497=$B29)*('Rework Log'!$G$2:$G$497<>"Yes")*('Rework Log'!$G$2:$G$497<>"Did not pass re-test"))*'Rework Log'!$I$2:$I$497))=0," - unclaimed"," - promised "&TEXT(SUMPRODUCT(MAX((('Rework Log'!$A$2:$A$497=$B29)*('Rework Log'!$G$2:$G$497<>"Yes")*('Rework Log'!$G$2:$G$497<>"Did not pass re-test"))*'Rework Log'!$I$2:$I$497)),"m/d"))),IF(C29="NOT STARTED",IF(H29="","No plan date set",IF(H29<TODAY(),"Review - planned start passed","On track")),IF(C29="DB Dev",_xlfn.LET(_xlpm.sent,_xlfn.MAXIFS('Rework Log'!$B$2:$B$497,'Rework Log'!$A$2:$A$497,$B29,'Rework Log'!$D$2:$D$497,"DB Dev"),_xlpm.expfix,_xlfn.MAXIFS('Rework Log'!$I$2:$I$497,'Rework Log'!$A$2:$A$497,$B29,'Rework Log'!$D$2:$D$497,"DB Dev",'Rework Log'!$B$2:$B$497,_xlpm.sent),_xlpm.tgt,IF(_xlpm.expfix>0,_xlpm.expfix,IF(L29<>"",L29,K29)),_xlpm.act,IF(AND(M29<>"",M29>=_xlpm.sent),M29,""),IF(_xlpm.tgt="","No target set",IF(AND(_xlpm.tgt<TODAY(),_xlpm.act=""),"Overdue","On track"))),IF(C29="PBI Dev",_xlfn.LET(_xlpm.sent,_xlfn.MAXIFS('Rework Log'!$B$2:$B$497,'Rework Log'!$A$2:$A$497,$B29,'Rework Log'!$D$2:$D$497,"PBI Dev"),_xlpm.expfix,_xlfn.MAXIFS('Rework Log'!$I$2:$I$497,'Rework Log'!$A$2:$A$497,$B29,'Rework Log'!$D$2:$D$497,"PBI Dev",'Rework Log'!$B$2:$B$497,_xlpm.sent),_xlpm.tgt,IF(_xlpm.expfix>0,_xlpm.expfix,IF(R29<>"",R29,Q29)),_xlpm.act,IF(AND(S29<>"",S29>=_xlpm.sent),S29,""),IF(_xlpm.tgt="","No target set",IF(AND(_xlpm.tgt<TODAY(),_xlpm.act=""),"Overdue","On track"))),IF(C29="QA",_xlfn.LET(_xlpm.tgt,IF(AM29<>"",AM29,IF(W29<>"",W29,V29)),_xlpm.sent,_xlfn.MAXIFS('Rework Log'!$B$2:$B$497,'Rework Log'!$A$2:$A$497,$B29,'Rework Log'!$C$2:$C$497,"QA"),_xlpm.act,IF(AND(Y29<>"",Y29>=_xlpm.sent),Y29,""),IF(_xlpm.tgt="","No target set",IF(AND(_xlpm.tgt<TODAY(),_xlpm.act=""),"Overdue","On track"))),IF(C29="DPO Approval",_xlfn.LET(_xlpm.tgt,IF(AN29<>"",AN29,IF(AB29<>"",AB29,AA29)),_xlpm.sent,_xlfn.MAXIFS('Rework Log'!$B$2:$B$497,'Rework Log'!$A$2:$A$497,$B29,'Rework Log'!$C$2:$C$497,"DPO*"),_xlpm.act,IF(AND(AC29<>"",AC29>=_xlpm.sent),AC29,""),IF(_xlpm.tgt="","No target set",IF(AND(_xlpm.tgt<TODAY(),_xlpm.act=""),"Overdue","On track"))),IF(C29="RELEASED IN PROD","Delivered","")))))))))} -> Blocked - Blocked in Prod | E29: 1 | F29: Kushal | H29: 46234 | I29: July | J29: Rupa | K29: 46213 | L29: 46244 | M29: 46245 | N29: Curated | O29: PI2, S4 | P29: Navya | Q29: 46220 | R29: 46245 | S29: 46245 | U29: Kushal | V29: 46227 | W29: 46248 | Y29: 46252 | AA29: 46232 | AB29: 46273 | AC29: 46273 | AD29: Jeanne Waldron, Anthony Massimino | AE29: compliance | AJ29: Yes – Blocked in Prod | AK29: {=IF($B29="","",_xlfn.LET(_xlpm.nm,$B29,_xlpm.st,$C29,_xlpm.ou,SUMPRODUCT(('Rework Log'!$A$2:$A$497=_xlpm.nm)*('Rework Log'!$G$2:$G$497<>"Yes")*('Rework Log'!$G$2:$G$497<>"Did not pass re-test")*('Rework Log'!$J$2:$J$497="")),_xlpm.ob,SUMPRODUCT(('Rework Log'!$A$2:$A$497=_xlpm.nm)*('Rework Log'!$G$2:$G$497<>"Yes")*('Rework Log'!$G$2:$G$497<>"Did not pass re-test")),_xlpm.oto,IF(SUMPRODUCT(('Rework Log'!$A$2:$A$497=_xlpm.nm)*('Rework Log'!$G$2:$G$497<>"Yes")*('Rework Log'!$G$2:$G$497<>"Did not pass re-test")*('Rework Log'!$J$2:$J$497=""))=0,"",INDEX('Rework Log'!$D$2:$D$497,MATCH(1,('Rework Log'!$A$2:$A$497=_xlpm.nm)*('Rework Log'!$G$2:$G$497<>"Yes")*('Rework Log'!$G$2:$G$497<>"Did not pass re-test")*('Rework Log'!$J$2:$J$497=""),0))),_xlpm.sent,_xlfn.MAXIFS('Rework Log'!$B$2:$B$497,'Rework Log'!$A$2:$A$497,_xlpm.nm),_xlpm.act,_xlfn.IFS(_xlpm.st="NOT STARTED",$M29,_xlpm.st="DB Dev",$M29,_xlpm.st="PBI Dev",$S29,_xlpm.st="QA",$Y29,_xlpm.st="DPO Approval",$AC29,_xlpm.st="Ready for Release in Prod",$AG29,TRUE,""),_xlpm.nxt,_xlfn.IFS(_xlpm.st="NOT STARTED","PBI Dev",_xlpm.st="DB Dev","PBI Dev",_xlpm.st="PBI Dev","QA",_xlpm.st="QA","DPO Approval",_xlpm.st="DPO Approval","Ready for Release in Prod",_xlpm.st="Ready for Release in Prod","RELEASED IN PROD",TRUE,""),IF(AND(_xlpm.ou>0,_xlpm.st<>_xlpm.oto),"Move status back to "&_xlpm.oto,IF(AND(_xlpm.ob=0,LEFT($AJ29,3)="Yes"),"Blocked - log it on Rework Log",IF(AND(_xlpm.ob>0,LEFT($AJ29,3)<>"Yes"),"Open rework row - mark Blocked or close it",IF(AND(_xlpm.ob=0,_xlpm.act<>"",_xlpm.act>=_xlpm.sent,_xlpm.nxt<>""),"Move status to "&_xlpm.nxt,IF(COUNTIF($B$2:$B$528,$B29)>1,"Duplicate name - check row",IF(COUNTIF('Rework Log'!$A$2:$A$497,$B29)>0,"",IF(AND($V29<>"",$K29<>"",$V29<$K29),"QA target is before DB Dev target",IF(AND($V29<>"",$Q29<>"",$V29<$Q29),"QA target is before PBI Dev target",IF(AND($AA29<>"",$V29<>"",$AA29<$V29),"DPO Approval target is before QA target",IF(AND($AG29<>"",$AA29<>"",$AG29<$AA29),"Confirmed Deployed date is before DPO Approval target",""))))))))))))} -> Blocked - log it on Rework Log | AL29: Blocked with https://jira.prod.nationalgrid.com/browse/GDMP-2875 | AM29: {=_xlfn.LET(_xlpm.rep,$B29,_xlpm.sent,_xlfn.MAXIFS('Rework Log'!$B$2:$B$497,'Rework Log'!$A$2:$A$497,_xlpm.rep,'Rework Log'!$C$2:$C$497,"QA"),_xlpm.fixdate,_xlfn.MAXIFS('Rework Log'!$J$2:$J$497,'Rework Log'!$A$2:$A$497,_xlpm.rep,'Rework Log'!$C$2:$C$497,"QA",'Rework Log'!$B$2:$B$497,_xlpm.sent),_xlpm.expfix,_xlfn.MAXIFS('Rework Log'!$I$2:$I$497,'Rework Log'!$A$2:$A$497,_xlpm.rep,'Rework Log'!$C$2:$C$497,"QA",'Rework Log'!$B$2:$B$497,_xlpm.sent),_xlpm.base,IF(_xlpm.fixdate>0,_xlpm.fixdate,_xlpm.expfix),IF(OR(_xlpm.rep="",_xlpm.sent=0,_xlpm.base=0),"",WORKDAY(_xlpm.base,3)))} -> 46248 | AN29: {=_xlfn.LET(_xlpm.rep,$B29,_xlpm.sent,_xlfn.MAXIFS('Rework Log'!$B$2:$B$497,'Rework Log'!$A$2:$A$497,_xlpm.rep,'Rework Log'!$C$2:$C$497,"DPO*"),_xlpm.fixdate,_xlfn.MAXIFS('Rework Log'!$J$2:$J$497,'Rework Log'!$A$2:$A$497,_xlpm.rep,'Rework Log'!$C$2:$C$497,"DPO*",'Rework Log'!$B$2:$B$497,_xlpm.sent),_xlpm.expfix,_xlfn.MAXIFS('Rework Log'!$I$2:$I$497,'Rework Log'!$A$2:$A$497,_xlpm.rep,'Rework Log'!$C$2:$C$497,"DPO*",'Rework Log'!$B$2:$B$497,_xlpm.sent),_xlpm.base,IF(_xlpm.fixdate>0,_xlpm.fixdate,_xlpm.expfix),IF(OR(_xlpm.rep="",_xlpm.sent=0,_xlpm.base=0),"",WORKDAY(_xlpm.base,7)))}
A30: CMS | B30: RPT_02_Warning Tag HEFPA | C30: Ready for Release in Prod | D30: {=IF(AND(C30="Ready for Release in Prod",LEFT($AJ30,3)<>"Yes"),IF(AG30<>"","Delivered","On track"),IF($B30="","",IF(LEFT($AJ30,3)="Yes","Blocked - "&MID($AJ30,7,100)&IF(SUMPRODUCT(('Rework Log'!$A$2:$A$497=$B30)*('Rework Log'!$G$2:$G$497<>"Yes")*('Rework Log'!$G$2:$G$497<>"Did not pass re-test"))=0,"",IF(SUMPRODUCT(MAX((('Rework Log'!$A$2:$A$497=$B30)*('Rework Log'!$G$2:$G$497<>"Yes")*('Rework Log'!$G$2:$G$497<>"Did not pass re-test"))*'Rework Log'!$I$2:$I$497))=0," - unclaimed"," - promised "&TEXT(SUMPRODUCT(MAX((('Rework Log'!$A$2:$A$497=$B30)*('Rework Log'!$G$2:$G$497<>"Yes")*('Rework Log'!$G$2:$G$497<>"Did not pass re-test"))*'Rework Log'!$I$2:$I$497)),"m/d"))),IF(C30="NOT STARTED",IF(H30="","No plan date set",IF(H30<TODAY(),"Review - planned start passed","On track")),IF(C30="DB Dev",_xlfn.LET(_xlpm.sent,_xlfn.MAXIFS('Rework Log'!$B$2:$B$497,'Rework Log'!$A$2:$A$497,$B30,'Rework Log'!$D$2:$D$497,"DB Dev"),_xlpm.expfix,_xlfn.MAXIFS('Rework Log'!$I$2:$I$497,'Rework Log'!$A$2:$A$497,$B30,'Rework Log'!$D$2:$D$497,"DB Dev",'Rework Log'!$B$2:$B$497,_xlpm.sent),_xlpm.tgt,IF(_xlpm.expfix>0,_xlpm.expfix,IF(L30<>"",L30,K30)),_xlpm.act,IF(AND(M30<>"",M30>=_xlpm.sent),M30,""),IF(_xlpm.tgt="","No target set",IF(AND(_xlpm.tgt<TODAY(),_xlpm.act=""),"Overdue","On track"))),IF(C30="PBI Dev",_xlfn.LET(_xlpm.sent,_xlfn.MAXIFS('Rework Log'!$B$2:$B$497,'Rework Log'!$A$2:$A$497,$B30,'Rework Log'!$D$2:$D$497,"PBI Dev"),_xlpm.expfix,_xlfn.MAXIFS('Rework Log'!$I$2:$I$497,'Rework Log'!$A$2:$A$497,$B30,'Rework Log'!$D$2:$D$497,"PBI Dev",'Rework Log'!$B$2:$B$497,_xlpm.sent),_xlpm.tgt,IF(_xlpm.expfix>0,_xlpm.expfix,IF(R30<>"",R30,Q30)),_xlpm.act,IF(AND(S30<>"",S30>=_xlpm.sent),S30,""),IF(_xlpm.tgt="","No target set",IF(AND(_xlpm.tgt<TODAY(),_xlpm.act=""),"Overdue","On track"))),IF(C30="QA",_xlfn.LET(_xlpm.tgt,IF(AM30<>"",AM30,IF(W30<>"",W30,V30)),_xlpm.sent,_xlfn.MAXIFS('Rework Log'!$B$2:$B$497,'Rework Log'!$A$2:$A$497,$B30,'Rework Log'!$C$2:$C$497,"QA"),_xlpm.act,IF(AND(Y30<>"",Y30>=_xlpm.sent),Y30,""),IF(_xlpm.tgt="","No target set",IF(AND(_xlpm.tgt<TODAY(),_xlpm.act=""),"Overdue","On track"))),IF(C30="DPO Approval",_xlfn.LET(_xlpm.tgt,IF(AN30<>"",AN30,IF(AB30<>"",AB30,AA30)),_xlpm.sent,_xlfn.MAXIFS('Rework Log'!$B$2:$B$497,'Rework Log'!$A$2:$A$497,$B30,'Rework Log'!$C$2:$C$497,"DPO*"),_xlpm.act,IF(AND(AC30<>"",AC30>=_xlpm.sent),AC30,""),IF(_xlpm.tgt="","No target set",IF(AND(_xlpm.tgt<TODAY(),_xlpm.act=""),"Overdue","On track"))),IF(C30="RELEASED IN PROD","Delivered","")))))))))} -> Blocked - Blocked in Prod | E30: 2 | F30: Kushal | H30: 46234 | I30: July | J30: Sree | K30: 46213 | L30: 46244 | M30: 46255 | N30: Curated | O30: PI2, S4 | P30: Shraddha | Q30: 46220 | R30: 46245 | S30: 46246 | U30: Kushal | V30: 46227 | W30: 46260 | Y30: 46255 | AA30: 46232 | AB30: 46273 | AC30: 46273 | AD30: Jeanne Waldron, Anthony Massimino | AE30: compliance | AJ30: Yes – Blocked in Prod | AK30: {=IF($B30="","",_xlfn.LET(_xlpm.nm,$B30,_xlpm.st,$C30,_xlpm.ou,SUMPRODUCT(('Rework Log'!$A$2:$A$497=_xlpm.nm)*('Rework Log'!$G$2:$G$497<>"Yes")*('Rework Log'!$G$2:$G$497<>"Did not pass re-test")*('Rework Log'!$J$2:$J$497="")),_xlpm.ob,SUMPRODUCT(('Rework Log'!$A$2:$A$497=_xlpm.nm)*('Rework Log'!$G$2:$G$497<>"Yes")*('Rework Log'!$G$2:$G$497<>"Did not pass re-test")),_xlpm.oto,IF(SUMPRODUCT(('Rework Log'!$A$2:$A$497=_xlpm.nm)*('Rework Log'!$G$2:$G$497<>"Yes")*('Rework Log'!$G$2:$G$497<>"Did not pass re-test")*('Rework Log'!$J$2:$J$497=""))=0,"",INDEX('Rework Log'!$D$2:$D$497,MATCH(1,('Rework Log'!$A$2:$A$497=_xlpm.nm)*('Rework Log'!$G$2:$G$497<>"Yes")*('Rework Log'!$G$2:$G$497<>"Did not pass re-test")*('Rework Log'!$J$2:$J$497=""),0))),_xlpm.sent,_xlfn.MAXIFS('Rework Log'!$B$2:$B$497,'Rework Log'!$A$2:$A$497,_xlpm.nm),_xlpm.act,_xlfn.IFS(_xlpm.st="NOT STARTED",$M30,_xlpm.st="DB Dev",$M30,_xlpm.st="PBI Dev",$S30,_xlpm.st="QA",$Y30,_xlpm.st="DPO Approval",$AC30,_xlpm.st="Ready for Release in Prod",$AG30,TRUE,""),_xlpm.nxt,_xlfn.IFS(_xlpm.st="NOT STARTED","PBI Dev",_xlpm.st="DB Dev","PBI Dev",_xlpm.st="PBI Dev","QA",_xlpm.st="QA","DPO Approval",_xlpm.st="DPO Approval","Ready for Release in Prod",_xlpm.st="Ready for Release in Prod","RELEASED IN PROD",TRUE,""),IF(AND(_xlpm.ou>0,_xlpm.st<>_xlpm.oto),"Move status back to "&_xlpm.oto,IF(AND(_xlpm.ob=0,LEFT($AJ30,3)="Yes"),"Blocked - log it on Rework Log",IF(AND(_xlpm.ob>0,LEFT($AJ30,3)<>"Yes"),"Open rework row - mark Blocked or close it",IF(AND(_xlpm.ob=0,_xlpm.act<>"",_xlpm.act>=_xlpm.sent,_xlpm.nxt<>""),"Move status to "&_xlpm.nxt,IF(COUNTIF($B$2:$B$528,$B30)>1,"Duplicate name - check row",IF(COUNTIF('Rework Log'!$A$2:$A$497,$B30)>0,"",IF(AND($V30<>"",$K30<>"",$V30<$K30),"QA target is before DB Dev target",IF(AND($V30<>"",$Q30<>"",$V30<$Q30),"QA target is before PBI Dev target",IF(AND($AA30<>"",$V30<>"",$AA30<$V30),"DPO Approval target is before QA target",IF(AND($AG30<>"",$AA30<>"",$AG30<$AA30),"Confirmed Deployed date is before DPO Approval target",""))))))))))))} -> Blocked - log it on Rework Log | AL30: Available for Business | AM30: {=_xlfn.LET(_xlpm.rep,$B30,_xlpm.sent,_xlfn.MAXIFS('Rework Log'!$B$2:$B$497,'Rework Log'!$A$2:$A$497,_xlpm.rep,'Rework Log'!$C$2:$C$497,"QA"),_xlpm.fixdate,_xlfn.MAXIFS('Rework Log'!$J$2:$J$497,'Rework Log'!$A$2:$A$497,_xlpm.rep,'Rework Log'!$C$2:$C$497,"QA",'Rework Log'!$B$2:$B$497,_xlpm.sent),_xlpm.expfix,_xlfn.MAXIFS('Rework Log'!$I$2:$I$497,'Rework Log'!$A$2:$A$497,_xlpm.rep,'Rework Log'!$C$2:$C$497,"QA",'Rework Log'!$B$2:$B$497,_xlpm.sent),_xlpm.base,IF(_xlpm.fixdate>0,_xlpm.fixdate,_xlpm.expfix),IF(OR(_xlpm.rep="",_xlpm.sent=0,_xlpm.base=0),"",WORKDAY(_xlpm.base,3)))} -> 46260 | AN30: {=_xlfn.LET(_xlpm.rep,$B30,_xlpm.sent,_xlfn.MAXIFS('Rework Log'!$B$2:$B$497,'Rework Log'!$A$2:$A$497,_xlpm.rep,'Rework Log'!$C$2:$C$497,"DPO*"),_xlpm.fixdate,_xlfn.MAXIFS('Rework Log'!$J$2:$J$497,'Rework Log'!$A$2:$A$497,_xlpm.rep,'Rework Log'!$C$2:$C$497,"DPO*",'Rework Log'!$B$2:$B$497,_xlpm.sent),_xlpm.expfix,_xlfn.MAXIFS('Rework Log'!$I$2:$I$497,'Rework Log'!$A$2:$A$497,_xlpm.rep,'Rework Log'!$C$2:$C$497,"DPO*",'Rework Log'!$B$2:$B$497,_xlpm.sent),_xlpm.base,IF(_xlpm.fixdate>0,_xlpm.fixdate,_xlpm.expfix),IF(OR(_xlpm.rep="",_xlpm.sent=0,_xlpm.base=0),"",WORKDAY(_xlpm.base,7)))}
A31: CMS | B31: RPT_02_Warning tag Printout | C31: Ready for Release in Prod | D31: {=IF(AND(C31="Ready for Release in Prod",LEFT($AJ31,3)<>"Yes"),IF(AG31<>"","Delivered","On track"),IF($B31="","",IF(LEFT($AJ31,3)="Yes","Blocked - "&MID($AJ31,7,100)&IF(SUMPRODUCT(('Rework Log'!$A$2:$A$497=$B31)*('Rework Log'!$G$2:$G$497<>"Yes")*('Rework Log'!$G$2:$G$497<>"Did not pass re-test"))=0,"",IF(SUMPRODUCT(MAX((('Rework Log'!$A$2:$A$497=$B31)*('Rework Log'!$G$2:$G$497<>"Yes")*('Rework Log'!$G$2:$G$497<>"Did not pass re-test"))*'Rework Log'!$I$2:$I$497))=0," - unclaimed"," - promised "&TEXT(SUMPRODUCT(MAX((('Rework Log'!$A$2:$A$497=$B31)*('Rework Log'!$G$2:$G$497<>"Yes")*('Rework Log'!$G$2:$G$497<>"Did not pass re-test"))*'Rework Log'!$I$2:$I$497)),"m/d"))),IF(C31="NOT STARTED",IF(H31="","No plan date set",IF(H31<TODAY(),"Review - planned start passed","On track")),IF(C31="DB Dev",_xlfn.LET(_xlpm.sent,_xlfn.MAXIFS('Rework Log'!$B$2:$B$497,'Rework Log'!$A$2:$A$497,$B31,'Rework Log'!$D$2:$D$497,"DB Dev"),_xlpm.expfix,_xlfn.MAXIFS('Rework Log'!$I$2:$I$497,'Rework Log'!$A$2:$A$497,$B31,'Rework Log'!$D$2:$D$497,"DB Dev",'Rework Log'!$B$2:$B$497,_xlpm.sent),_xlpm.tgt,IF(_xlpm.expfix>0,_xlpm.expfix,IF(L31<>"",L31,K31)),_xlpm.act,IF(AND(M31<>"",M31>=_xlpm.sent),M31,""),IF(_xlpm.tgt="","No target set",IF(AND(_xlpm.tgt<TODAY(),_xlpm.act=""),"Overdue","On track"))),IF(C31="PBI Dev",_xlfn.LET(_xlpm.sent,_xlfn.MAXIFS('Rework Log'!$B$2:$B$497,'Rework Log'!$A$2:$A$497,$B31,'Rework Log'!$D$2:$D$497,"PBI Dev"),_xlpm.expfix,_xlfn.MAXIFS('Rework Log'!$I$2:$I$497,'Rework Log'!$A$2:$A$497,$B31,'Rework Log'!$D$2:$D$497,"PBI Dev",'Rework Log'!$B$2:$B$497,_xlpm.sent),_xlpm.tgt,IF(_xlpm.expfix>0,_xlpm.expfix,IF(R31<>"",R31,Q31)),_xlpm.act,IF(AND(S31<>"",S31>=_xlpm.sent),S31,""),IF(_xlpm.tgt="","No target set",IF(AND(_xlpm.tgt<TODAY(),_xlpm.act=""),"Overdue","On track"))),IF(C31="QA",_xlfn.LET(_xlpm.tgt,IF(AM31<>"",AM31,IF(W31<>"",W31,V31)),_xlpm.sent,_xlfn.MAXIFS('Rework Log'!$B$2:$B$497,'Rework Log'!$A$2:$A$497,$B31,'Rework Log'!$C$2:$C$497,"QA"),_xlpm.act,IF(AND(Y31<>"",Y31>=_xlpm.sent),Y31,""),IF(_xlpm.tgt="","No target set",IF(AND(_xlpm.tgt<TODAY(),_xlpm.act=""),"Overdue","On track"))),IF(C31="DPO Approval",_xlfn.LET(_xlpm.tgt,IF(AN31<>"",AN31,IF(AB31<>"",AB31,AA31)),_xlpm.sent,_xlfn.MAXIFS('Rework Log'!$B$2:$B$497,'Rework Log'!$A$2:$A$497,$B31,'Rework Log'!$C$2:$C$497,"DPO*"),_xlpm.act,IF(AND(AC31<>"",AC31>=_xlpm.sent),AC31,""),IF(_xlpm.tgt="","No target set",IF(AND(_xlpm.tgt<TODAY(),_xlpm.act=""),"Overdue","On track"))),IF(C31="RELEASED IN PROD","Delivered","")))))))))} -> Blocked - Blocked in Prod | E31: 3 | F31: Kushal | H31: 46234 | I31: July | J31: Sree | K31: 46213 | L31: 46245 | M31: 46246 | N31: Curated | O31: PI2, S4 | P31: Shraddha | Q31: 46220 | R31: 46246 | S31: 46251 | U31: Kushal | V31: 46227 | W31: 46253 | Y31: 46258 | AA31: 46232 | AB31: 46273 | AC31: 46273 | AD31: Jeanne Waldron, Anthony Massimino | AE31: compliance | AJ31: Yes – Blocked in Prod | AK31: {=IF($B31="","",_xlfn.LET(_xlpm.nm,$B31,_xlpm.st,$C31,_xlpm.ou,SUMPRODUCT(('Rework Log'!$A$2:$A$497=_xlpm.nm)*('Rework Log'!$G$2:$G$497<>"Yes")*('Rework Log'!$G$2:$G$497<>"Did not pass re-test")*('Rework Log'!$J$2:$J$497="")),_xlpm.ob,SUMPRODUCT(('Rework Log'!$A$2:$A$497=_xlpm.nm)*('Rework Log'!$G$2:$G$497<>"Yes")*('Rework Log'!$G$2:$G$497<>"Did not pass re-test")),_xlpm.oto,IF(SUMPRODUCT(('Rework Log'!$A$2:$A$497=_xlpm.nm)*('Rework Log'!$G$2:$G$497<>"Yes")*('Rework Log'!$G$2:$G$497<>"Did not pass re-test")*('Rework Log'!$J$2:$J$497=""))=0,"",INDEX('Rework Log'!$D$2:$D$497,MATCH(1,('Rework Log'!$A$2:$A$497=_xlpm.nm)*('Rework Log'!$G$2:$G$497<>"Yes")*('Rework Log'!$G$2:$G$497<>"Did not pass re-test")*('Rework Log'!$J$2:$J$497=""),0))),_xlpm.sent,_xlfn.MAXIFS('Rework Log'!$B$2:$B$497,'Rework Log'!$A$2:$A$497,_xlpm.nm),_xlpm.act,_xlfn.IFS(_xlpm.st="NOT STARTED",$M31,_xlpm.st="DB Dev",$M31,_xlpm.st="PBI Dev",$S31,_xlpm.st="QA",$Y31,_xlpm.st="DPO Approval",$AC31,_xlpm.st="Ready for Release in Prod",$AG31,TRUE,""),_xlpm.nxt,_xlfn.IFS(_xlpm.st="NOT STARTED","PBI Dev",_xlpm.st="DB Dev","PBI Dev",_xlpm.st="PBI Dev","QA",_xlpm.st="QA","DPO Approval",_xlpm.st="DPO Approval","Ready for Release in Prod",_xlpm.st="Ready for Release in Prod","RELEASED IN PROD",TRUE,""),IF(AND(_xlpm.ou>0,_xlpm.st<>_xlpm.oto),"Move status back to "&_xlpm.oto,IF(AND(_xlpm.ob=0,LEFT($AJ31,3)="Yes"),"Blocked - log it on Rework Log",IF(AND(_xlpm.ob>0,LEFT($AJ31,3)<>"Yes"),"Open rework row - mark Blocked or close it",IF(AND(_xlpm.ob=0,_xlpm.act<>"",_xlpm.act>=_xlpm.sent,_xlpm.nxt<>""),"Move status to "&_xlpm.nxt,IF(COUNTIF($B$2:$B$528,$B31)>1,"Duplicate name - check row",IF(COUNTIF('Rework Log'!$A$2:$A$497,$B31)>0,"",IF(AND($V31<>"",$K31<>"",$V31<$K31),"QA target is before DB Dev target",IF(AND($V31<>"",$Q31<>"",$V31<$Q31),"QA target is before PBI Dev target",IF(AND($AA31<>"",$V31<>"",$AA31<$V31),"DPO Approval target is before QA target",IF(AND($AG31<>"",$AA31<>"",$AG31<$AA31),"Confirmed Deployed date is before DPO Approval target",""))))))))))))} -> Blocked - log it on Rework Log | AL31: Note: this report's stage dates are not in chronological order in the source tracker (e.g. a later stage dated before an earlier one) - please verify with the assigned developer. [QA note, 07/2026]: Development is completed, waiting for the view to be deployed to QA. | AM31: {=_xlfn.LET(_xlpm.rep,$B31,_xlpm.sent,_xlfn.MAXIFS('Rework Log'!$B$2:$B$497,'Rework Log'!$A$2:$A$497,_xlpm.rep,'Rework Log'!$C$2:$C$497,"QA"),_xlpm.fixdate,_xlfn.MAXIFS('Rework Log'!$J$2:$J$497,'Rework Log'!$A$2:$A$497,_xlpm.rep,'Rework Log'!$C$2:$C$497,"QA",'Rework Log'!$B$2:$B$497,_xlpm.sent),_xlpm.expfix,_xlfn.MAXIFS('Rework Log'!$I$2:$I$497,'Rework Log'!$A$2:$A$497,_xlpm.rep,'Rework Log'!$C$2:$C$497,"QA",'Rework Log'!$B$2:$B$497,_xlpm.sent),_xlpm.base,IF(_xlpm.fixdate>0,_xlpm.fixdate,_xlpm.expfix),IF(OR(_xlpm.rep="",_xlpm.sent=0,_xlpm.base=0),"",WORKDAY(_xlpm.base,3)))} -> 46272 | AN31: {=_xlfn.LET(_xlpm.rep,$B31,_xlpm.sent,_xlfn.MAXIFS('Rework Log'!$B$2:$B$497,'Rework Log'!$A$2:$A$497,_xlpm.rep,'Rework Log'!$C$2:$C$497,"DPO*"),_xlpm.fixdate,_xlfn.MAXIFS('Rework Log'!$J$2:$J$497,'Rework Log'!$A$2:$A$497,_xlpm.rep,'Rework Log'!$C$2:$C$497,"DPO*",'Rework Log'!$B$2:$B$497,_xlpm.sent),_xlpm.expfix,_xlfn.MAXIFS('Rework Log'!$I$2:$I$497,'Rework Log'!$A$2:$A$497,_xlpm.rep,'Rework Log'!$C$2:$C$497,"DPO*",'Rework Log'!$B$2:$B$497,_xlpm.sent),_xlpm.base,IF(_xlpm.fixdate>0,_xlpm.fixdate,_xlpm.expfix),IF(OR(_xlpm.rep="",_xlpm.sent=0,_xlpm.base=0),"",WORKDAY(_xlpm.base,7)))}
A32: CMS | B32: RPT_02_Corrosion | C32: Ready for Release in Prod | D32: {=IF(AND(C32="Ready for Release in Prod",LEFT($AJ32,3)<>"Yes"),IF(AG32<>"","Delivered","On track"),IF($B32="","",IF(LEFT($AJ32,3)="Yes","Blocked - "&MID($AJ32,7,100)&IF(SUMPRODUCT(('Rework Log'!$A$2:$A$497=$B32)*('Rework Log'!$G$2:$G$497<>"Yes")*('Rework Log'!$G$2:$G$497<>"Did not pass re-test"))=0,"",IF(SUMPRODUCT(MAX((('Rework Log'!$A$2:$A$497=$B32)*('Rework Log'!$G$2:$G$497<>"Yes")*('Rework Log'!$G$2:$G$497<>"Did not pass re-test"))*'Rework Log'!$I$2:$I$497))=0," - unclaimed"," - promised "&TEXT(SUMPRODUCT(MAX((('Rework Log'!$A$2:$A$497=$B32)*('Rework Log'!$G$2:$G$497<>"Yes")*('Rework Log'!$G$2:$G$497<>"Did not pass re-test"))*'Rework Log'!$I$2:$I$497)),"m/d"))),IF(C32="NOT STARTED",IF(H32="","No plan date set",IF(H32<TODAY(),"Review - planned start passed","On track")),IF(C32="DB Dev",_xlfn.LET(_xlpm.sent,_xlfn.MAXIFS('Rework Log'!$B$2:$B$497,'Rework Log'!$A$2:$A$497,$B32,'Rework Log'!$D$2:$D$497,"DB Dev"),_xlpm.expfix,_xlfn.MAXIFS('Rework Log'!$I$2:$I$497,'Rework Log'!$A$2:$A$497,$B32,'Rework Log'!$D$2:$D$497,"DB Dev",'Rework Log'!$B$2:$B$497,_xlpm.sent),_xlpm.tgt,IF(_xlpm.expfix>0,_xlpm.expfix,IF(L32<>"",L32,K32)),_xlpm.act,IF(AND(M32<>"",M32>=_xlpm.sent),M32,""),IF(_xlpm.tgt="","No target set",IF(AND(_xlpm.tgt<TODAY(),_xlpm.act=""),"Overdue","On track"))),IF(C32="PBI Dev",_xlfn.LET(_xlpm.sent,_xlfn.MAXIFS('Rework Log'!$B$2:$B$497,'Rework Log'!$A$2:$A$497,$B32,'Rework Log'!$D$2:$D$497,"PBI Dev"),_xlpm.expfix,_xlfn.MAXIFS('Rework Log'!$I$2:$I$497,'Rework Log'!$A$2:$A$497,$B32,'Rework Log'!$D$2:$D$497,"PBI Dev",'Rework Log'!$B$2:$B$497,_xlpm.sent),_xlpm.tgt,IF(_xlpm.expfix>0,_xlpm.expfix,IF(R32<>"",R32,Q32)),_xlpm.act,IF(AND(S32<>"",S32>=_xlpm.sent),S32,""),IF(_xlpm.tgt="","No target set",IF(AND(_xlpm.tgt<TODAY(),_xlpm.act=""),"Overdue","On track"))),IF(C32="QA",_xlfn.LET(_xlpm.tgt,IF(AM32<>"",AM32,IF(W32<>"",W32,V32)),_xlpm.sent,_xlfn.MAXIFS('Rework Log'!$B$2:$B$497,'Rework Log'!$A$2:$A$497,$B32,'Rework Log'!$C$2:$C$497,"QA"),_xlpm.act,IF(AND(Y32<>"",Y32>=_xlpm.sent),Y32,""),IF(_xlpm.tgt="","No target set",IF(AND(_xlpm.tgt<TODAY(),_xlpm.act=""),"Overdue","On track"))),IF(C32="DPO Approval",_xlfn.LET(_xlpm.tgt,IF(AN32<>"",AN32,IF(AB32<>"",AB32,AA32)),_xlpm.sent,_xlfn.MAXIFS('Rework Log'!$B$2:$B$497,'Rework Log'!$A$2:$A$497,$B32,'Rework Log'!$C$2:$C$497,"DPO*"),_xlpm.act,IF(AND(AC32<>"",AC32>=_xlpm.sent),AC32,""),IF(_xlpm.tgt="","No target set",IF(AND(_xlpm.tgt<TODAY(),_xlpm.act=""),"Overdue","On track"))),IF(C32="RELEASED IN PROD","Delivered","")))))))))} -> Blocked - Blocked in Prod | E32: 4 | F32: Kushal | H32: 46234 | I32: July | J32: Siva | K32: 46213 | M32: 46266 | N32: Curated | O32: PI2, S4 | P32: Sarath | Q32: 46220 | R32: 46251 | S32: 46253 | U32: Preety | V32: 46227 | W32: 46269 | Y32: 46269 | AA32: 46232 | AB32: 46273 | AC32: 46273 | AD32: Jeanne Waldron, Anthony Massimino | AE32: compliance | AJ32: Yes – Blocked in Prod | AK32: {=IF($B32="","",_xlfn.LET(_xlpm.nm,$B32,_xlpm.st,$C32,_xlpm.ou,SUMPRODUCT(('Rework Log'!$A$2:$A$497=_xlpm.nm)*('Rework Log'!$G$2:$G$497<>"Yes")*('Rework Log'!$G$2:$G$497<>"Did not pass re-test")*('Rework Log'!$J$2:$J$497="")),_xlpm.ob,SUMPRODUCT(('Rework Log'!$A$2:$A$497=_xlpm.nm)*('Rework Log'!$G$2:$G$497<>"Yes")*('Rework Log'!$G$2:$G$497<>"Did not pass re-test")),_xlpm.oto,IF(SUMPRODUCT(('Rework Log'!$A$2:$A$497=_xlpm.nm)*('Rework Log'!$G$2:$G$497<>"Yes")*('Rework Log'!$G$2:$G$497<>"Did not pass re-test")*('Rework Log'!$J$2:$J$497=""))=0,"",INDEX('Rework Log'!$D$2:$D$497,MATCH(1,('Rework Log'!$A$2:$A$497=_xlpm.nm)*('Rework Log'!$G$2:$G$497<>"Yes")*('Rework Log'!$G$2:$G$497<>"Did not pass re-test")*('Rework Log'!$J$2:$J$497=""),0))),_xlpm.sent,_xlfn.MAXIFS('Rework Log'!$B$2:$B$497,'Rework Log'!$A$2:$A$497,_xlpm.nm),_xlpm.act,_xlfn.IFS(_xlpm.st="NOT STARTED",$M32,_xlpm.st="DB Dev",$M32,_xlpm.st="PBI Dev",$S32,_xlpm.st="QA",$Y32,_xlpm.st="DPO Approval",$AC32,_xlpm.st="Ready for Release in Prod",$AG32,TRUE,""),_xlpm.nxt,_xlfn.IFS(_xlpm.st="NOT STARTED","PBI Dev",_xlpm.st="DB Dev","PBI Dev",_xlpm.st="PBI Dev","QA",_xlpm.st="QA","DPO Approval",_xlpm.st="DPO Approval","Ready for Release in Prod",_xlpm.st="Ready for Release in Prod","RELEASED IN PROD",TRUE,""),IF(AND(_xlpm.ou>0,_xlpm.st<>_xlpm.oto),"Move status back to "&_xlpm.oto,IF(AND(_xlpm.ob=0,LEFT($AJ32,3)="Yes"),"Blocked - log it on Rework Log",IF(AND(_xlpm.ob>0,LEFT($AJ32,3)<>"Yes"),"Open rework row - mark Blocked or close it",IF(AND(_xlpm.ob=0,_xlpm.act<>"",_xlpm.act>=_xlpm.sent,_xlpm.nxt<>""),"Move status to "&_xlpm.nxt,IF(COUNTIF($B$2:$B$528,$B32)>1,"Duplicate name - check row",IF(COUNTIF('Rework Log'!$A$2:$A$497,$B32)>0,"",IF(AND($V32<>"",$K32<>"",$V32<$K32),"QA target is before DB Dev target",IF(AND($V32<>"",$Q32<>"",$V32<$Q32),"QA target is before PBI Dev target",IF(AND($AA32<>"",$V32<>"",$AA32<$V32),"DPO Approval target is before QA target",IF(AND($AG32<>"",$AA32<>"",$AG32<$AA32),"Confirmed Deployed date is before DPO Approval target",""))))))))))))} -> Blocked - log it on Rework Log | AL32: 27/8 Ready for Kushal's review | AM32: {=_xlfn.LET(_xlpm.rep,$B32,_xlpm.sent,_xlfn.MAXIFS('Rework Log'!$B$2:$B$497,'Rework Log'!$A$2:$A$497,_xlpm.rep,'Rework Log'!$C$2:$C$497,"QA"),_xlpm.fixdate,_xlfn.MAXIFS('Rework Log'!$J$2:$J$497,'Rework Log'!$A$2:$A$497,_xlpm.rep,'Rework Log'!$C$2:$C$497,"QA",'Rework Log'!$B$2:$B$497,_xlpm.sent),_xlpm.expfix,_xlfn.MAXIFS('Rework Log'!$I$2:$I$497,'Rework Log'!$A$2:$A$497,_xlpm.rep,'Rework Log'!$C$2:$C$497,"QA",'Rework Log'!$B$2:$B$497,_xlpm.sent),_xlpm.base,IF(_xlpm.fixdate>0,_xlpm.fixdate,_xlpm.expfix),IF(OR(_xlpm.rep="",_xlpm.sent=0,_xlpm.base=0),"",WORKDAY(_xlpm.base,3)))} -> 46269 | AN32: {=_xlfn.LET(_xlpm.rep,$B32,_xlpm.sent,_xlfn.MAXIFS('Rework Log'!$B$2:$B$497,'Rework Log'!$A$2:$A$497,_xlpm.rep,'Rework Log'!$C$2:$C$497,"DPO*"),_xlpm.fixdate,_xlfn.MAXIFS('Rework Log'!$J$2:$J$497,'Rework Log'!$A$2:$A$497,_xlpm.rep,'Rework Log'!$C$2:$C$497,"DPO*",'Rework Log'!$B$2:$B$497,_xlpm.sent),_xlpm.expfix,_xlfn.MAXIFS('Rework Log'!$I$2:$I$497,'Rework Log'!$A$2:$A$497,_xlpm.rep,'Rework Log'!$C$2:$C$497,"DPO*",'Rework Log'!$B$2:$B$497,_xlpm.sent),_xlpm.base,IF(_xlpm.fixdate>0,_xlpm.fixdate,_xlpm.expfix),IF(OR(_xlpm.rep="",_xlpm.sent=0,_xlpm.base=0),"",WORKDAY(_xlpm.base,7)))}
A33: CMS | B33: RPT_02_House Pipe Test Comment Control | C33: Ready for Release in Prod | D33: {=IF(AND(C33="Ready for Release in Prod",LEFT($AJ33,3)<>"Yes"),IF(AG33<>"","Delivered","On track"),IF($B33="","",IF(LEFT($AJ33,3)="Yes","Blocked - "&MID($AJ33,7,100)&IF(SUMPRODUCT(('Rework Log'!$A$2:$A$497=$B33)*('Rework Log'!$G$2:$G$497<>"Yes")*('Rework Log'!$G$2:$G$497<>"Did not pass re-test"))=0,"",IF(SUMPRODUCT(MAX((('Rework Log'!$A$2:$A$497=$B33)*('Rework Log'!$G$2:$G$497<>"Yes")*('Rework Log'!$G$2:$G$497<>"Did not pass re-test"))*'Rework Log'!$I$2:$I$497))=0," - unclaimed"," - promised "&TEXT(SUMPRODUCT(MAX((('Rework Log'!$A$2:$A$497=$B33)*('Rework Log'!$G$2:$G$497<>"Yes")*('Rework Log'!$G$2:$G$497<>"Did not pass re-test"))*'Rework Log'!$I$2:$I$497)),"m/d"))),IF(C33="NOT STARTED",IF(H33="","No plan date set",IF(H33<TODAY(),"Review - planned start passed","On track")),IF(C33="DB Dev",_xlfn.LET(_xlpm.sent,_xlfn.MAXIFS('Rework Log'!$B$2:$B$497,'Rework Log'!$A$2:$A$497,$B33,'Rework Log'!$D$2:$D$497,"DB Dev"),_xlpm.expfix,_xlfn.MAXIFS('Rework Log'!$I$2:$I$497,'Rework Log'!$A$2:$A$497,$B33,'Rework Log'!$D$2:$D$497,"DB Dev",'Rework Log'!$B$2:$B$497,_xlpm.sent),_xlpm.tgt,IF(_xlpm.expfix>0,_xlpm.expfix,IF(L33<>"",L33,K33)),_xlpm.act,IF(AND(M33<>"",M33>=_xlpm.sent),M33,""),IF(_xlpm.tgt="","No target set",IF(AND(_xlpm.tgt<TODAY(),_xlpm.act=""),"Overdue","On track"))),IF(C33="PBI Dev",_xlfn.LET(_xlpm.sent,_xlfn.MAXIFS('Rework Log'!$B$2:$B$497,'Rework Log'!$A$2:$A$497,$B33,'Rework Log'!$D$2:$D$497,"PBI Dev"),_xlpm.expfix,_xlfn.MAXIFS('Rework Log'!$I$2:$I$497,'Rework Log'!$A$2:$A$497,$B33,'Rework Log'!$D$2:$D$497,"PBI Dev",'Rework Log'!$B$2:$B$497,_xlpm.sent),_xlpm.tgt,IF(_xlpm.expfix>0,_xlpm.expfix,IF(R33<>"",R33,Q33)),_xlpm.act,IF(AND(S33<>"",S33>=_xlpm.sent),S33,""),IF(_xlpm.tgt="","No target set",IF(AND(_xlpm.tgt<TODAY(),_xlpm.act=""),"Overdue","On track"))),IF(C33="QA",_xlfn.LET(_xlpm.tgt,IF(AM33<>"",AM33,IF(W33<>"",W33,V33)),_xlpm.sent,_xlfn.MAXIFS('Rework Log'!$B$2:$B$497,'Rework Log'!$A$2:$A$497,$B33,'Rework Log'!$C$2:$C$497,"QA"),_xlpm.act,IF(AND(Y33<>"",Y33>=_xlpm.sent),Y33,""),IF(_xlpm.tgt="","No target set",IF(AND(_xlpm.tgt<TODAY(),_xlpm.act=""),"Overdue","On track"))),IF(C33="DPO Approval",_xlfn.LET(_xlpm.tgt,IF(AN33<>"",AN33,IF(AB33<>"",AB33,AA33)),_xlpm.sent,_xlfn.MAXIFS('Rework Log'!$B$2:$B$497,'Rework Log'!$A$2:$A$497,$B33,'Rework Log'!$C$2:$C$497,"DPO*"),_xlpm.act,IF(AND(AC33<>"",AC33>=_xlpm.sent),AC33,""),IF(_xlpm.tgt="","No target set",IF(AND(_xlpm.tgt<TODAY(),_xlpm.act=""),"Overdue","On track"))),IF(C33="RELEASED IN PROD","Delivered","")))))))))} -> Blocked - Blocked in Prod | E33: 5 | F33: Kushal | H33: 46234 | I33: July | J33: Geetha | K33: 46213 | L33: 46246 | M33: 46251 | N33: Curated | O33: PI2, S4 | P33: Shraddha | Q33: 46220 | R33: 46246 | S33: 46244 | U33: Preety | V33: 46227 | W33: 46254 | Y33: 46254 | AA33: 46232 | AB33: 46273 | AC33: 46273 | AD33: Jeanne Waldron, Anthony Massimino | AE33: compliance | AJ33: Yes – Blocked in Prod | AK33: {=IF($B33="","",_xlfn.LET(_xlpm.nm,$B33,_xlpm.st,$C33,_xlpm.ou,SUMPRODUCT(('Rework Log'!$A$2:$A$497=_xlpm.nm)*('Rework Log'!$G$2:$G$497<>"Yes")*('Rework Log'!$G$2:$G$497<>"Did not pass re-test")*('Rework Log'!$J$2:$J$497="")),_xlpm.ob,SUMPRODUCT(('Rework Log'!$A$2:$A$497=_xlpm.nm)*('Rework Log'!$G$2:$G$497<>"Yes")*('Rework Log'!$G$2:$G$497<>"Did not pass re-test")),_xlpm.oto,IF(SUMPRODUCT(('Rework Log'!$A$2:$A$497=_xlpm.nm)*('Rework Log'!$G$2:$G$497<>"Yes")*('Rework Log'!$G$2:$G$497<>"Did not pass re-test")*('Rework Log'!$J$2:$J$497=""))=0,"",INDEX('Rework Log'!$D$2:$D$497,MATCH(1,('Rework Log'!$A$2:$A$497=_xlpm.nm)*('Rework Log'!$G$2:$G$497<>"Yes")*('Rework Log'!$G$2:$G$497<>"Did not pass re-test")*('Rework Log'!$J$2:$J$497=""),0))),_xlpm.sent,_xlfn.MAXIFS('Rework Log'!$B$2:$B$497,'Rework Log'!$A$2:$A$497,_xlpm.nm),_xlpm.act,_xlfn.IFS(_xlpm.st="NOT STARTED",$M33,_xlpm.st="DB Dev",$M33,_xlpm.st="PBI Dev",$S33,_xlpm.st="QA",$Y33,_xlpm.st="DPO Approval",$AC33,_xlpm.st="Ready for Release in Prod",$AG33,TRUE,""),_xlpm.nxt,_xlfn.IFS(_xlpm.st="NOT STARTED","PBI Dev",_xlpm.st="DB Dev","PBI Dev",_xlpm.st="PBI Dev","QA",_xlpm.st="QA","DPO Approval",_xlpm.st="DPO Approval","Ready for Release in Prod",_xlpm.st="Ready for Release in Prod","RELEASED IN PROD",TRUE,""),IF(AND(_xlpm.ou>0,_xlpm.st<>_xlpm.oto),"Move status back to "&_xlpm.oto,IF(AND(_xlpm.ob=0,LEFT($AJ33,3)="Yes"),"Blocked - log it on Rework Log",IF(AND(_xlpm.ob>0,LEFT($AJ33,3)<>"Yes"),"Open rework row - mark Blocked or close it",IF(AND(_xlpm.ob=0,_xlpm.act<>"",_xlpm.act>=_xlpm.sent,_xlpm.nxt<>""),"Move status to "&_xlpm.nxt,IF(COUNTIF($B$2:$B$528,$B33)>1,"Duplicate name - check row",IF(COUNTIF('Rework Log'!$A$2:$A$497,$B33)>0,"",IF(AND($V33<>"",$K33<>"",$V33<$K33),"QA target is before DB Dev target",IF(AND($V33<>"",$Q33<>"",$V33<$Q33),"QA target is before PBI Dev target",IF(AND($AA33<>"",$V33<>"",$AA33<$V33),"DPO Approval target is before QA target",IF(AND($AG33<>"",$AA33<>"",$AG33<$AA33),"Confirmed Deployed date is before DPO Approval target",""))))))))))))} -> Blocked - log it on Rework Log | AL33: 08/17/2026 Ready for review | AM33: {=_xlfn.LET(_xlpm.rep,$B33,_xlpm.sent,_xlfn.MAXIFS('Rework Log'!$B$2:$B$497,'Rework Log'!$A$2:$A$497,_xlpm.rep,'Rework Log'!$C$2:$C$497,"QA"),_xlpm.fixdate,_xlfn.MAXIFS('Rework Log'!$J$2:$J$497,'Rework Log'!$A$2:$A$497,_xlpm.rep,'Rework Log'!$C$2:$C$497,"QA",'Rework Log'!$B$2:$B$497,_xlpm.sent),_xlpm.expfix,_xlfn.MAXIFS('Rework Log'!$I$2:$I$497,'Rework Log'!$A$2:$A$497,_xlpm.rep,'Rework Log'!$C$2:$C$497,"QA",'Rework Log'!$B$2:$B$497,_xlpm.sent),_xlpm.base,IF(_xlpm.fixdate>0,_xlpm.fixdate,_xlpm.expfix),IF(OR(_xlpm.rep="",_xlpm.sent=0,_xlpm.base=0),"",WORKDAY(_xlpm.base,3)))} -> 46254 | AN33: {=_xlfn.LET(_xlpm.rep,$B33,_xlpm.sent,_xlfn.MAXIFS('Rework Log'!$B$2:$B$497,'Rework Log'!$A$2:$A$497,_xlpm.rep,'Rework Log'!$C$2:$C$497,"DPO*"),_xlpm.fixdate,_xlfn.MAXIFS('Rework Log'!$J$2:$J$497,'Rework Log'!$A$2:$A$497,_xlpm.rep,'Rework Log'!$C$2:$C$497,"DPO*",'Rework Log'!$B$2:$B$497,_xlpm.sent),_xlpm.expfix,_xlfn.MAXIFS('Rework Log'!$I$2:$I$497,'Rework Log'!$A$2:$A$497,_xlpm.rep,'Rework Log'!$C$2:$C$497,"DPO*",'Rework Log'!$B$2:$B$497,_xlpm.sent),_xlpm.base,IF(_xlpm.fixdate>0,_xlpm.fixdate,_xlpm.expfix),IF(OR(_xlpm.rep="",_xlpm.sent=0,_xlpm.base=0),"",WORKDAY(_xlpm.base,7)))}
A34: CMS | B34: RPT_02_Required Regulator Inspection Performed Control | C34: Ready for Release in Prod | D34: {=IF(AND(C34="Ready for Release in Prod",LEFT($AJ34,3)<>"Yes"),IF(AG34<>"","Delivered","On track"),IF($B34="","",IF(LEFT($AJ34,3)="Yes","Blocked - "&MID($AJ34,7,100)&IF(SUMPRODUCT(('Rework Log'!$A$2:$A$497=$B34)*('Rework Log'!$G$2:$G$497<>"Yes")*('Rework Log'!$G$2:$G$497<>"Did not pass re-test"))=0,"",IF(SUMPRODUCT(MAX((('Rework Log'!$A$2:$A$497=$B34)*('Rework Log'!$G$2:$G$497<>"Yes")*('Rework Log'!$G$2:$G$497<>"Did not pass re-test"))*'Rework Log'!$I$2:$I$497))=0," - unclaimed"," - promised "&TEXT(SUMPRODUCT(MAX((('Rework Log'!$A$2:$A$497=$B34)*('Rework Log'!$G$2:$G$497<>"Yes")*('Rework Log'!$G$2:$G$497<>"Did not pass re-test"))*'Rework Log'!$I$2:$I$497)),"m/d"))),IF(C34="NOT STARTED",IF(H34="","No plan date set",IF(H34<TODAY(),"Review - planned start passed","On track")),IF(C34="DB Dev",_xlfn.LET(_xlpm.sent,_xlfn.MAXIFS('Rework Log'!$B$2:$B$497,'Rework Log'!$A$2:$A$497,$B34,'Rework Log'!$D$2:$D$497,"DB Dev"),_xlpm.expfix,_xlfn.MAXIFS('Rework Log'!$I$2:$I$497,'Rework Log'!$A$2:$A$497,$B34,'Rework Log'!$D$2:$D$497,"DB Dev",'Rework Log'!$B$2:$B$497,_xlpm.sent),_xlpm.tgt,IF(_xlpm.expfix>0,_xlpm.expfix,IF(L34<>"",L34,K34)),_xlpm.act,IF(AND(M34<>"",M34>=_xlpm.sent),M34,""),IF(_xlpm.tgt="","No target set",IF(AND(_xlpm.tgt<TODAY(),_xlpm.act=""),"Overdue","On track"))),IF(C34="PBI Dev",_xlfn.LET(_xlpm.sent,_xlfn.MAXIFS('Rework Log'!$B$2:$B$497,'Rework Log'!$A$2:$A$497,$B34,'Rework Log'!$D$2:$D$497,"PBI Dev"),_xlpm.expfix,_xlfn.MAXIFS('Rework Log'!$I$2:$I$497,'Rework Log'!$A$2:$A$497,$B34,'Rework Log'!$D$2:$D$497,"PBI Dev",'Rework Log'!$B$2:$B$497,_xlpm.sent),_xlpm.tgt,IF(_xlpm.expfix>0,_xlpm.expfix,IF(R34<>"",R34,Q34)),_xlpm.act,IF(AND(S34<>"",S34>=_xlpm.sent),S34,""),IF(_xlpm.tgt="","No target set",IF(AND(_xlpm.tgt<TODAY(),_xlpm.act=""),"Overdue","On track"))),IF(C34="QA",_xlfn.LET(_xlpm.tgt,IF(AM34<>"",AM34,IF(W34<>"",W34,V34)),_xlpm.sent,_xlfn.MAXIFS('Rework Log'!$B$2:$B$497,'Rework Log'!$A$2:$A$497,$B34,'Rework Log'!$C$2:$C$497,"QA"),_xlpm.act,IF(AND(Y34<>"",Y34>=_xlpm.sent),Y34,""),IF(_xlpm.tgt="","No target set",IF(AND(_xlpm.tgt<TODAY(),_xlpm.act=""),"Overdue","On track"))),IF(C34="DPO Approval",_xlfn.LET(_xlpm.tgt,IF(AN34<>"",AN34,IF(AB34<>"",AB34,AA34)),_xlpm.sent,_xlfn.MAXIFS('Rework Log'!$B$2:$B$497,'Rework Log'!$A$2:$A$497,$B34,'Rework Log'!$C$2:$C$497,"DPO*"),_xlpm.act,IF(AND(AC34<>"",AC34>=_xlpm.sent),AC34,""),IF(_xlpm.tgt="","No target set",IF(AND(_xlpm.tgt<TODAY(),_xlpm.act=""),"Overdue","On track"))),IF(C34="RELEASED IN PROD","Delivered","")))))))))} -> Blocked - Blocked in Prod | E34: 6 | F34: Bardia | H34: 46234 | I34: July | J34: Siddu | K34: 46213 | L34: 46246 | M34: 46252 | N34: Curated | O34: PI2, S4 | P34: Navya | Q34: 46220 | R34: 46246 | S34: 46251 | U34: Bardia | V34: 46227 | W34: 46255 | Y34: 46255 | AA34: 46232 | AB34: 46273 | AC34: 46273 | AD34: Jeanne Waldron, Anthony Massimino | AE34: compliance | AJ34: Yes – Blocked in Prod | AK34: {=IF($B34="","",_xlfn.LET(_xlpm.nm,$B34,_xlpm.st,$C34,_xlpm.ou,SUMPRODUCT(('Rework Log'!$A$2:$A$497=_xlpm.nm)*('Rework Log'!$G$2:$G$497<>"Yes")*('Rework Log'!$G$2:$G$497<>"Did not pass re-test")*('Rework Log'!$J$2:$J$497="")),_xlpm.ob,SUMPRODUCT(('Rework Log'!$A$2:$A$497=_xlpm.nm)*('Rework Log'!$G$2:$G$497<>"Yes")*('Rework Log'!$G$2:$G$497<>"Did not pass re-test")),_xlpm.oto,IF(SUMPRODUCT(('Rework Log'!$A$2:$A$497=_xlpm.nm)*('Rework Log'!$G$2:$G$497<>"Yes")*('Rework Log'!$G$2:$G$497<>"Did not pass re-test")*('Rework Log'!$J$2:$J$497=""))=0,"",INDEX('Rework Log'!$D$2:$D$497,MATCH(1,('Rework Log'!$A$2:$A$497=_xlpm.nm)*('Rework Log'!$G$2:$G$497<>"Yes")*('Rework Log'!$G$2:$G$497<>"Did not pass re-test")*('Rework Log'!$J$2:$J$497=""),0))),_xlpm.sent,_xlfn.MAXIFS('Rework Log'!$B$2:$B$497,'Rework Log'!$A$2:$A$497,_xlpm.nm),_xlpm.act,_xlfn.IFS(_xlpm.st="NOT STARTED",$M34,_xlpm.st="DB Dev",$M34,_xlpm.st="PBI Dev",$S34,_xlpm.st="QA",$Y34,_xlpm.st="DPO Approval",$AC34,_xlpm.st="Ready for Release in Prod",$AG34,TRUE,""),_xlpm.nxt,_xlfn.IFS(_xlpm.st="NOT STARTED","PBI Dev",_xlpm.st="DB Dev","PBI Dev",_xlpm.st="PBI Dev","QA",_xlpm.st="QA","DPO Approval",_xlpm.st="DPO Approval","Ready for Release in Prod",_xlpm.st="Ready for Release in Prod","RELEASED IN PROD",TRUE,""),IF(AND(_xlpm.ou>0,_xlpm.st<>_xlpm.oto),"Move status back to "&_xlpm.oto,IF(AND(_xlpm.ob=0,LEFT($AJ34,3)="Yes"),"Blocked - log it on Rework Log",IF(AND(_xlpm.ob>0,LEFT($AJ34,3)<>"Yes"),"Open rework row - mark Blocked or close it",IF(AND(_xlpm.ob=0,_xlpm.act<>"",_xlpm.act>=_xlpm.sent,_xlpm.nxt<>""),"Move status to "&_xlpm.nxt,IF(COUNTIF($B$2:$B$528,$B34)>1,"Duplicate name - check row",IF(COUNTIF('Rework Log'!$A$2:$A$497,$B34)>0,"",IF(AND($V34<>"",$K34<>"",$V34<$K34),"QA target is before DB Dev target",IF(AND($V34<>"",$Q34<>"",$V34<$Q34),"QA target is before PBI Dev target",IF(AND($AA34<>"",$V34<>"",$AA34<$V34),"DPO Approval target is before QA target",IF(AND($AG34<>"",$AA34<>"",$AG34<$AA34),"Confirmed Deployed date is before DPO Approval target",""))))))))))))} -> Blocked - log it on Rework Log | AL34: Available for PBI with one known issue will be presenting to business | AM34: {=_xlfn.LET(_xlpm.rep,$B34,_xlpm.sent,_xlfn.MAXIFS('Rework Log'!$B$2:$B$497,'Rework Log'!$A$2:$A$497,_xlpm.rep,'Rework Log'!$C$2:$C$497,"QA"),_xlpm.fixdate,_xlfn.MAXIFS('Rework Log'!$J$2:$J$497,'Rework Log'!$A$2:$A$497,_xlpm.rep,'Rework Log'!$C$2:$C$497,"QA",'Rework Log'!$B$2:$B$497,_xlpm.sent),_xlpm.expfix,_xlfn.MAXIFS('Rework Log'!$I$2:$I$497,'Rework Log'!$A$2:$A$497,_xlpm.rep,'Rework Log'!$C$2:$C$497,"QA",'Rework Log'!$B$2:$B$497,_xlpm.sent),_xlpm.base,IF(_xlpm.fixdate>0,_xlpm.fixdate,_xlpm.expfix),IF(OR(_xlpm.rep="",_xlpm.sent=0,_xlpm.base=0),"",WORKDAY(_xlpm.base,3)))} -> 46255 | AN34: {=_xlfn.LET(_xlpm.rep,$B34,_xlpm.sent,_xlfn.MAXIFS('Rework Log'!$B$2:$B$497,'Rework Log'!$A$2:$A$497,_xlpm.rep,'Rework Log'!$C$2:$C$497,"DPO*"),_xlpm.fixdate,_xlfn.MAXIFS('Rework Log'!$J$2:$J$497,'Rework Log'!$A$2:$A$497,_xlpm.rep,'Rework Log'!$C$2:$C$497,"DPO*",'Rework Log'!$B$2:$B$497,_xlpm.sent),_xlpm.expfix,_xlfn.MAXIFS('Rework Log'!$I$2:$I$497,'Rework Log'!$A$2:$A$497,_xlpm.rep,'Rework Log'!$C$2:$C$497,"DPO*",'Rework Log'!$B$2:$B$497,_xlpm.sent),_xlpm.base,IF(_xlpm.fixdate>0,_xlpm.fixdate,_xlpm.expfix),IF(OR(_xlpm.rep="",_xlpm.sent=0,_xlpm.base=0),"",WORKDAY(_xlpm.base,7)))}
