Workbook
Name DB_Dev_List: 'Data Validation'!$B$3:$B$10
Name DPO_Approval_List: 'Data Validation'!$K$3:$K$6
Name PBI_Dev_List: 'Data Validation'!$C$3:$C$5
Name QA_List: 'Data Validation'!$H$3:$H$6

Sheet READ ME FIRST
B1: GDM REPORT DELIVERY TRACKER
B3: THE TWO TABS
B4: Combined Delivery Data = what is true RIGHT NOW. One row per report, latest dates only - built for a 10-second executive read. Rework Log = everything that ever went wrong. One row per bounce-back, kept forever. AMBER columns belong to the sender, BLUE to the fixer, PURPLE is automatic.
B6: COLORS
B7: RED = needs action now (blocked, overdue, late, unclaimed, or a red instruction in Data Check). AMBER = open or waiting. GREEN = good. If nothing is red on your rows, you owe nothing. PURPLE headers and purple-tinted cells = the sheet computes these and they are locked - you never type in purple. Everything else is yours to fill.
B9: NORMAL DAY - A STAGE FINISHES
B10: Two cells on Combined Delivery Data: your stage's Actual Completion Date, and Current Status to the next stage. Done.
B12: SOMETHING IS WRONG - SENDER (usually QA), about 30 seconds
B13: 1. Main tab: Blocked? -> "Yes - needs [stage] to fix", and Current Status -> back to that stage 2. Rework Log, the AMBER columns of one new row: report (dropdown), Ctrl+; for today, From/To stage, your name, what was wrong You never touch completion dates. The row now shows UNCLAIMED in red until the fixer commits.
B15: THE FIXER - AT PICKUP (two cells, both yours)
B16: 1. Expected Fix Date: your promise. The main tab instantly shows everyone "Blocked - needs DB Dev to fix - promised 8/5", and your row starts counting "N d LATE" if you miss it 2. CUT your old completion date from the main tab, PASTE it into "First Completed On" - one motion. History saved forever; the main tab correctly shows no completion date while you redo the work. A red note in Data Check reminds you until it's done.
B18: THE FIXER - WHEN DONE
... B28: Blocked but not logged -> red "Blocked - log it on Rework Log". Picked up but old completion date still on main tab -> red "Move old [stage] completion date...". Row open but not marked blocked -> red instruction. Missing sent-back date -> red in Aging. Duplicates and impossible date orders -> flagged. Hover any dropdown for guidance.

Sheet Combined Delivery Data
A1: Domain | B1: Report Name | C1: Current Status | D1: Status Flag (auto) | E1: Business Value Rank | F1: PO | G1: DB Developer | H1: PBI Developer | I1: QA Tester | J1: Schema | K1: Plan Delivery Date | L1: Plan Delivery Month | M1: DB Dev Baseline Completion Date | N1: DB Dev Reforecast Completion Date | O1: DB Dev Actual Completion Date | P1: PBI Dev Baseline Completion Date | Q1: PBI Dev Reforecast Completion Date | R1: PBI Dev Actual Completion Date | S1: QA Baseline Completion Date | T1: QA Reforecast Completion Date | U1: QA Actual Completion Date | V1: DPO Approval Baseline Completion Date | W1: DPO Approval Reforecast Completion Date | X1: DPO Approval Reviewer | Y1: Confirmed Deployed? | Z1: Confirmed Deployed Date | AA1: UAT Report URL | AB1: Production URL | AC1: Blocked? | AD1: Data Check (auto) | AE1: Comments
A2: Leaks | B2: RPT_04_Active Leaks | C2: RELEASED IN PROD | D2: =IF($B2="","",IF(LEFT($AC2,3)="Yes",IF(LEN($AC2)>5,"Blocked - "&MID($AC2,7,100),"Blocked")&IF(SUMPRODUCT((TRIM('Rework Log'!$A$3:$A$500)=TRIM($B2))*('Rework Log'!$G$3:$G$500<>"Yes")*('Rework Log'!$G$3:$G$500<>"Did not pass re-test"))=0,"",IF(SUMPRODUCT(((TRIM('Rework Log'!$A$3:$A$500)=TRIM($B2))*('Rework Log'!$G$3:$G$500<>"Yes")*('Rework Log'!$G$3:$G$500<>"Did not pass re-test"))*ISNUMBER('Rework Log'!$J$3:$J$500))>0," - fixed, awaiting re-test",IF(SUMPRODUCT(MAX(((TRIM('Rework Log'!$A$3:$A$500)=TRIM($B2))*('Rework Log'!$G$3:$G$500<>"Yes")*('Rework Log'!$G$3:$G$500<>"Did not pass re-test"))*IFERROR('Rework Log'!$I$3:$I$500*1,0)))=0," - unclaimed"," - promised "&TEXT(SUMPRODUCT(MAX(((TRIM('Rework Log'!$A$3:$A$500)=TRIM($B2))*('Rework Log'!$G$3:$G$500<>"Yes")*('Rework Log'!$G$3:$G$500<>"Did not pass re-test"))*IFERROR('Rework Log'!$I$3:$I$500*1,0))),"m/d")))),IF(TRIM(C2)="NOT STARTED",IF(K2="","No plan date set",IF(K2<TODAY(),"Review - planned start passed","On track")),IF(TRIM(C2)="DB Dev",IF(M2="","No target set",IF(AND(M2<TODAY(),O2=""),"Overdue","On track")),IF(TRIM(C2)="PBI Dev",IF(P2="","No target set",IF(AND(P2<TODAY(),R2=""),"Overdue","On track")),IF(TRIM(C2)="QA",IF(S2="","No target set",IF(AND(S2<TODAY(),U2=""),"Overdue","On track")),IF(TRIM(C2)="DPO Approval",IF(V2="","No target set",IF(V2<TODAY(),"Overdue","On track")),IF(TRIM(C2)="RELEASED IN PROD","Delivered","")))))))) -> Delivered | E2: 1 | G2: Fetwi | H2: Sarath | I2: Preety | K2: 46142 | L2: April | M2: 46115 | O2: 46115 | P2: 46114 | R2: 46114 | S2: 46122 | U2: 46122 | X2: Kelvin Hu | Y2: Yes | Z2: 46122 | AA2: https://app.powerbi.com/groups/me/apps/eedba83d-be9a-45f9-9504-7bfa41e6051a/reports/62307ec4-3158-4457-8dcc-4acc2150cdc3/ccfe9e7f0a40d49acb85?experience=power-bi | AB2: https://app.powerbi.com/groups/me/apps/2c7180b1-0d3d-45be-979e-f7dc86b3557d/reports/8cd4a21d-3abe-4e55-a99e-3af846ab1c67/ccfe9e7f0a40d49acb85?ctid=f98a6a53-25f3-4212-901c-c7787fcd3495&experience=power-bi | AC2: No | AD2: =IF($B2="","",IF(AND(LEFT($AC2,3)="Yes",SUMPRODUCT((TRIM('Rework Log'!$A$3:$A$500)=TRIM($B2))*('Rework Log'!$G$3:$G$500<>"Yes")*('Rework Log'!$G$3:$G$500<>"Did not pass re-test"))=0),"Blocked - log it on Rework Log",IF(AND(LEFT($AC2,3)<>"Yes",SUMPRODUCT((TRIM('Rework Log'!$A$3:$A$500)=TRIM($B2))*('Rework Log'!$G$3:$G$500<>"Yes")*('Rework Log'!$G$3:$G$500<>"Did not pass re-test"))>0),"Open rework row - mark Blocked? or close it",IF(AND(LEFT($AC2,3)<>"Yes",SUMPRODUCT((TRIM('Rework Log'!$A$3:$A$500)=TRIM($B2))*('Rework Log'!$G$3:$G$500<>"Yes")*('Rework Log'!$G$3:$G$500<>"Did not pass re-test"))=0,COUNTIF('Rework Log'!$A$3:$A$500,$B2)>0,IFERROR(INDEX('Rework Log'!$G:$G,SUMPRODUCT(MAX((TRIM('Rework Log'!$A$3:$A$500)=TRIM($B2))*ROW('Rework Log'!$A$3:$A$500)))),"")="Did not pass re-test"),"Last fix rejected - re-block or log next attempt",IF(AND(LEFT($AC2,3)="Yes",ISNUMBER(SEARCH("needs DB Dev",$AC2)),O2<>"",SUMPRODUCT(MAX(((TRIM('Rework Log'!$A$3:$A$500)=TRIM($B2))*('Rework Log'!$G$3:$G$500<>"Yes")*('Rework Log'!$G$3:$G$500<>"Did not pass re-test"))*IFERROR('Rework Log'!$I$3:$I$500*1,0)))>0),"Move old DB Dev completion date to Rework Log (col H)",IF(AND(LEFT($AC2,3)="Yes",ISNUMBER(SEARCH("needs PBI Dev",$AC2)),R2<>"",SUMPRODUCT(MAX(((TRIM('Rework Log'!$A$3:$A$500)=TRIM($B2))*('Rework Log'!$G$3:$G$500<>"Yes")*('Rework Log'!$G$3:$G$500<>"Did not pass re-test"))*IFERROR('Rework Log'!$I$3:$I$500*1,0)))>0),"Move old PBI Dev completion date to Rework Log (col H)",IF(AND(LEFT($AC2,3)="Yes",ISNUMBER(SEARCH("needs QA",$AC2)),U2<>"",SUMPRODUCT(MAX(((TRIM('Rework Log'!$A$3:$A$500)=TRIM($B2))*('Rework Log'!$G$3:$G$500<>"Yes")*('Rework Log'!$G$3:$G$500<>"Did not pass re-test"))*IFERROR('Rework Log'!$I$3:$I$500*1,0)))>0),"Move old QA completion date to Rework Log (col H)",IF(AND(LEFT($AC2,3)="Yes",ISNUMBER(SEARCH("needs DB Dev",$AC2)),TRIM(C2)<>"DB Dev"),"Set Current Status back to DB Dev",IF(AND(LEFT($AC2,3)="Yes",ISNUMBER(SEARCH("needs PBI Dev",$AC2)),TRIM(C2)<>"PBI Dev"),"Set Current Status back to PBI Dev",IF(AND(LEFT($AC2,3)="Yes",ISNUMBER(SEARCH("needs QA",$AC2)),TRIM(C2)<>"QA"),"Set Current Status back to QA",IF(COUNTIF($B$2:$B$500,$B2)>1,"Duplicate name - check row",IF(AND(TRIM(C2)="RELEASED IN PROD",Y2<>"Yes"),"Released but Confirmed Deployed? is not Yes",IF(COUNTIF('Rework Log'!$A$3:$A$500,$B2)>0,"",IF(AND(S2<>"",M2<>"",S2<M2),"QA target is before DB Dev target",IF(AND(S2<>"",P2<>"",S2<P2),"QA target is before PBI Dev target",IF(AND(V2<>"",S2<>"",V2<S2),"DPO Approval target is before QA target",IF(AND(Z2<>"",V2<>"",Z2<V2),"Confirmed Deployed date is before DPO Approval target",""))))))))))))))))) -> #VALUE! | AE2: [Historical, April 2026]: QA found an issue - date calendar dimension broken. Fetwi assigned to fix.
A3: Leaks | B3: RPT_04_Count of Active Leaks On Hand | C3: RELEASED IN PROD | D3: =IF($B3="","",IF(LEFT($AC3,3)="Yes",IF(LEN($AC3)>5,"Blocked - "&MID($AC3,7,100),"Blocked")&IF(SUMPRODUCT((TRIM('Rework Log'!$A$3:$A$500)=TRIM($B3))*('Rework Log'!$G$3:$G$500<>"Yes")*('Rework Log'!$G$3:$G$500<>"Did not pass re-test"))=0,"",IF(SUMPRODUCT(((TRIM('Rework Log'!$A$3:$A$500)=TRIM($B3))*('Rework Log'!$G$3:$G$500<>"Yes")*('Rework Log'!$G$3:$G$500<>"Did not pass re-test"))*ISNUMBER('Rework Log'!$J$3:$J$500))>0," - fixed, awaiting re-test",IF(SUMPRODUCT(MAX(((TRIM('Rework Log'!$A$3:$A$500)=TRIM($B3))*('Rework Log'!$G$3:$G$500<>"Yes")*('Rework Log'!$G$3:$G$500<>"Did not pass re-test"))*IFERROR('Rework Log'!$I$3:$I$500*1,0)))=0," - unclaimed"," - promised "&TEXT(SUMPRODUCT(MAX(((TRIM('Rework Log'!$A$3:$A$500)=TRIM($B3))*('Rework Log'!$G$3:$G$500<>"Yes")*('Rework Log'!$G$3:$G$500<>"Did not pass re-test"))*IFERROR('Rework Log'!$I$3:$I$500*1,0))),"m/d")))),IF(TRIM(C3)="NOT STARTED",IF(K3="","No plan date set",IF(K3<TODAY(),"Review - planned start passed","On track")),IF(TRIM(C3)="DB Dev",IF(M3="","No target set",IF(AND(M3<TODAY(),O3=""),"Overdue","On track")),IF(TRIM(C3)="PBI Dev",IF(P3="","No target set",IF(AND(P3<TODAY(),R3=""),"Overdue","On track")),IF(TRIM(C3)="QA",IF(S3="","No target set",IF(AND(S3<TODAY(),U3=""),"Overdue","On track")),IF(TRIM(C3)="DPO Approval",IF(V3="","No target set",IF(V3<TODAY(),"Overdue","On track")),IF(TRIM(C3)="RELEASED IN PROD","Delivered","")))))))) -> Delivered | E3: 2 | G3: Fetwi | H3: Sarath | I3: Preety | K3: 46142 | L3: April | M3: 46115 | O3: 46115 | P3: 46114 | R3: 46114 | S3: 46122 | U3: 46122 | X3: Kelvin Hu | Y3: Yes | Z3: 46122 | AA3: https://app.powerbi.com/groups/me/apps/eedba83d-be9a-45f9-9504-7bfa41e6051a/reports/c0b3f0ae-dedd-485b-8bbc-aa0e5f3fd077/24a66431d0637282f4b7?experience=power-bi | AB3: https://app.powerbi.com/groups/me/apps/2c7180b1-0d3d-45be-979e-f7dc86b3557d/reports/5ffd546f-ad77-4a7f-8e6d-94dc08bef796/24a66431d0637282f4b7?ctid=f98a6a53-25f3-4212-901c-c7787fcd3495&experience=power-bi | AC3: No | AD3: =IF($B3="","",IF(AND(LEFT($AC3,3)="Yes",SUMPRODUCT((TRIM('Rework Log'!$A$3:$A$500)=TRIM($B3))*('Rework Log'!$G$3:$G$500<>"Yes")*('Rework Log'!$G$3:$G$500<>"Did not pass re-test"))=0),"Blocked - log it on Rework Log",IF(AND(LEFT($AC3,3)<>"Yes",SUMPRODUCT((TRIM('Rework Log'!$A$3:$A$500)=TRIM($B3))*('Rework Log'!$G$3:$G$500<>"Yes")*('Rework Log'!$G$3:$G$500<>"Did not pass re-test"))>0),"Open rework row - mark Blocked? or close it",IF(AND(LEFT($AC3,3)<>"Yes",SUMPRODUCT((TRIM('Rework Log'!$A$3:$A$500)=TRIM($B3))*('Rework Log'!$G$3:$G$500<>"Yes")*('Rework Log'!$G$3:$G$500<>"Did not pass re-test"))=0,COUNTIF('Rework Log'!$A$3:$A$500,$B3)>0,IFERROR(INDEX('Rework Log'!$G:$G,SUMPRODUCT(MAX((TRIM('Rework Log'!$A$3:$A$500)=TRIM($B3))*ROW('Rework Log'!$A$3:$A$500)))),"")="Did not pass re-test"),"Last fix rejected - re-block or log next attempt",IF(AND(LEFT($AC3,3)="Yes",ISNUMBER(SEARCH("needs DB Dev",$AC3)),O3<>"",SUMPRODUCT(MAX(((TRIM('Rework Log'!$A$3:$A$500)=TRIM($B3))*('Rework Log'!$G$3:$G$500<>"Yes")*('Rework Log'!$G$3:$G$500<>"Did not pass re-test"))*IFERROR('Rework Log'!$I$3:$I$500*1,0)))>0),"Move old DB Dev completion date to Rework Log (col H)",IF(AND(LEFT($AC3,3)="Yes",ISNUMBER(SEARCH("needs PBI Dev",$AC3)),R3<>"",SUMPRODUCT(MAX(((TRIM('Rework Log'!$A$3:$A$500)=TRIM($B3))*('Rework Log'!$G$3:$G$500<>"Yes")*('Rework Log'!$G$3:$G$500<>"Did not pass re-test"))*IFERROR('Rework Log'!$I$3:$I$500*1,0)))>0),"Move old PBI Dev completion date to Rework Log (col H)",IF(AND(LEFT($AC3,3)="Yes",ISNUMBER(SEARCH("needs QA",$AC3)),U3<>"",SUMPRODUCT(MAX(((TRIM('Rework Log'!$A$3:$A$500)=TRIM($B3))*('Rework Log'!$G$3:$G$500<>"Yes")*('Rework Log'!$G$3:$G$500<>"Did not pass re-test"))*IFERROR('Rework Log'!$I$3:$I$500*1,0)))>0),"Move old QA completion date to Rework Log (col H)",IF(AND(LEFT($AC3,3)="Yes",ISNUMBER(SEARCH("needs DB Dev",$AC3)),TRIM(C3)<>"DB Dev"),"Set Current Status back to DB Dev",IF(AND(LEFT($AC3,3)="Yes",ISNUMBER(SEARCH("needs PBI Dev",$AC3)),TRIM(C3)<>"PBI Dev"),"Set Current Status back to PBI Dev",IF(AND(LEFT($AC3,3)="Yes",ISNUMBER(SEARCH("needs QA",$AC3)),TRIM(C3)<>"QA"),"Set Current Status back to QA",IF(COUNTIF($B$2:$B$500,$B3)>1,"Duplicate name - check row",IF(AND(TRIM(C3)="RELEASED IN PROD",Y3<>"Yes"),"Released but Confirmed Deployed? is not Yes",IF(COUNTIF('Rework Log'!$A$3:$A$500,$B3)>0,"",IF(AND(S3<>"",M3<>"",S3<M3),"QA target is before DB Dev target",IF(AND(S3<>"",P3<>"",S3<P3),"QA target is before PBI Dev target",IF(AND(V3<>"",S3<>"",V3<S3),"DPO Approval target is before QA target",IF(AND(Z3<>"",V3<>"",Z3<V3),"Confirmed Deployed date is before DPO Approval target",""))))))))))))))))) | AE3: [Historical, April 2026]: QA found an issue - date calendar dimension broken. Fetwi assigned to fix.
A4: Leaks | B4: RPT_04_Leak Scheduling | C4: RELEASED IN PROD | D4: =IF($B4="","",IF(LEFT($AC4,3)="Yes",IF(LEN($AC4)>5,"Blocked - "&MID($AC4,7,100),"Blocked")&IF(SUMPRODUCT((TRIM('Rework Log'!$A$3:$A$500)=TRIM($B4))*('Rework Log'!$G$3:$G$500<>"Yes")*('Rework Log'!$G$3:$G$500<>"Did not pass re-test"))=0,"",IF(SUMPRODUCT(((TRIM('Rework Log'!$A$3:$A$500)=TRIM($B4))*('Rework Log'!$G$3:$G$500<>"Yes")*('Rework Log'!$G$3:$G$500<>"Did not pass re-test"))*ISNUMBER('Rework Log'!$J$3:$J$500))>0," - fixed, awaiting re-test",IF(SUMPRODUCT(MAX(((TRIM('Rework Log'!$A$3:$A$500)=TRIM($B4))*('Rework Log'!$G$3:$G$500<>"Yes")*('Rework Log'!$G$3:$G$500<>"Did not pass re-test"))*IFERROR('Rework Log'!$I$3:$I$500*1,0)))=0," - unclaimed"," - promised "&TEXT(SUMPRODUCT(MAX(((TRIM('Rework Log'!$A$3:$A$500)=TRIM($B4))*('Rework Log'!$G$3:$G$500<>"Yes")*('Rework Log'!$G$3:$G$500<>"Did not pass re-test"))*IFERROR('Rework Log'!$I$3:$I$500*1,0))),"m/d")))),IF(TRIM(C4)="NOT STARTED",IF(K4="","No plan date set",IF(K4<TODAY(),"Review - planned start passed","On track")),IF(TRIM(C4)="DB Dev",IF(M4="","No target set",IF(AND(M4<TODAY(),O4=""),"Overdue","On track")),IF(TRIM(C4)="PBI Dev",IF(P4="","No target set",IF(AND(P4<TODAY(),R4=""),"Overdue","On track")),IF(TRIM(C4)="QA",IF(S4="","No target set",IF(AND(S4<TODAY(),U4=""),"Overdue","On track")),IF(TRIM(C4)="DPO Approval",IF(V4="","No target set",IF(V4<TODAY(),"Overdue","On track")),IF(TRIM(C4)="RELEASED IN PROD","Delivered","")))))))) -> Delivered | E4: 4 | G4: Sreevarsha | H4: Sarath | I4: Preety | K4: 46142 | L4: April | M4: 46115 | O4: 46115 | P4: 46120 | R4: 46120 | S4: 46122 | U4: 46122 | X4: Kelvin Hu | Y4: Yes | Z4: 46122 | AC4: No | AD4: =IF($B4="","",IF(AND(LEFT($AC4,3)="Yes",SUMPRODUCT((TRIM('Rework Log'!$A$3:$A$500)=TRIM($B4))*('Rework Log'!$G$3:$G$500<>"Yes")*('Rework Log'!$G$3:$G$500<>"Did not pass re-test"))=0),"Blocked - log it on Rework Log",IF(AND(LEFT($AC4,3)<>"Yes",SUMPRODUCT((TRIM('Rework Log'!$A$3:$A$500)=TRIM($B4))*('Rework Log'!$G$3:$G$500<>"Yes")*('Rework Log'!$G$3:$G$500<>"Did not pass re-test"))>0),"Open rework row - mark Blocked? or close it",IF(AND(LEFT($AC4,3)<>"Yes",SUMPRODUCT((TRIM('Rework Log'!$A$3:$A$500)=TRIM($B4))*('Rework Log'!$G$3:$G$500<>"Yes")*('Rework Log'!$G$3:$G$500<>"Did not pass re-test"))=0,COUNTIF('Rework Log'!$A$3:$A$500,$B4)>0,IFERROR(INDEX('Rework Log'!$G:$G,SUMPRODUCT(MAX((TRIM('Rework Log'!$A$3:$A$500)=TRIM($B4))*ROW('Rework Log'!$A$3:$A$500)))),"")="Did not pass re-test"),"Last fix rejected - re-block or log next attempt",IF(AND(LEFT($AC4,3)="Yes",ISNUMBER(SEARCH("needs DB Dev",$AC4)),O4<>"",SUMPRODUCT(MAX(((TRIM('Rework Log'!$A$3:$A$500)=TRIM($B4))*('Rework Log'!$G$3:$G$500<>"Yes")*('Rework Log'!$G$3:$G$500<>"Did not pass re-test"))*IFERROR('Rework Log'!$I$3:$I$500*1,0)))>0),"Move old DB Dev completion date to Rework Log (col H)",IF(AND(LEFT($AC4,3)="Yes",ISNUMBER(SEARCH("needs PBI Dev",$AC4)),R4<>"",SUMPRODUCT(MAX(((TRIM('Rework Log'!$A$3:$A$500)=TRIM($B4))*('Rework Log'!$G$3:$G$500<>"Yes")*('Rework Log'!$G$3:$G$500<>"Did not pass re-test"))*IFERROR('Rework Log'!$I$3:$I$500*1,0)))>0),"Move old PBI Dev completion date to Rework Log (col H)",IF(AND(LEFT($AC4,3)="Yes",ISNUMBER(SEARCH("needs QA",$AC4)),U4<>"",SUMPRODUCT(MAX(((TRIM('Rework Log'!$A$3:$A$500)=TRIM($B4))*('Rework Log'!$G$3:$G$500<>"Yes")*('Rework Log'!$G$3:$G$500<>"Did not pass re-test"))*IFERROR('Rework Log'!$I$3:$I$500*1,0)))>0),"Move old QA completion date to Rework Log (col H)",IF(AND(LEFT($AC4,3)="Yes",ISNUMBER(SEARCH("needs DB Dev",$AC4)),TRIM(C4)<>"DB Dev"),"Set Current Status back to DB Dev",IF(AND(LEFT($AC4,3)="Yes",ISNUMBER(SEARCH("needs PBI Dev",$AC4)),TRIM(C4)<>"PBI Dev"),"Set Current Status back to PBI Dev",IF(AND(LEFT($AC4,3)="Yes",ISNUMBER(SEARCH("needs QA",$AC4)),TRIM(C4)<>"QA"),"Set Current Status back to QA",IF(COUNTIF($B$2:$B$500,$B4)>1,"Duplicate name - check row",IF(AND(TRIM(C4)="RELEASED IN PROD",Y4<>"Yes"),"Released but Confirmed Deployed? is not Yes",IF(COUNTIF('Rework Log'!$A$3:$A$500,$B4)>0,"",IF(AND(S4<>"",M4<>"",S4<M4),"QA target is before DB Dev target",IF(AND(S4<>"",P4<>"",S4<P4),"QA target is before PBI Dev target",IF(AND(V4<>"",S4<>"",V4<S4),"DPO Approval target is before QA target",IF(AND(Z4<>"",V4<>"",Z4<V4),"Confirmed Deployed date is before DPO Approval target","")))))))))))))))))
A5: Leaks | B5: RPT_04_Leak Days Remaining | C5: RELEASED IN PROD | D5: =IF($B5="","",IF(LEFT($AC5,3)="Yes",IF(LEN($AC5)>5,"Blocked - "&MID($AC5,7,100),"Blocked")&IF(SUMPRODUCT((TRIM('Rework Log'!$A$3:$A$500)=TRIM($B5))*('Rework Log'!$G$3:$G$500<>"Yes")*('Rework Log'!$G$3:$G$500<>"Did not pass re-test"))=0,"",IF(SUMPRODUCT(((TRIM('Rework Log'!$A$3:$A$500)=TRIM($B5))*('Rework Log'!$G$3:$G$500<>"Yes")*('Rework Log'!$G$3:$G$500<>"Did not pass re-test"))*ISNUMBER('Rework Log'!$J$3:$J$500))>0," - fixed, awaiting re-test",IF(SUMPRODUCT(MAX(((TRIM('Rework Log'!$A$3:$A$500)=TRIM($B5))*('Rework Log'!$G$3:$G$500<>"Yes")*('Rework Log'!$G$3:$G$500<>"Did not pass re-test"))*IFERROR('Rework Log'!$I$3:$I$500*1,0)))=0," - unclaimed"," - promised "&TEXT(SUMPRODUCT(MAX(((TRIM('Rework Log'!$A$3:$A$500)=TRIM($B5))*('Rework Log'!$G$3:$G$500<>"Yes")*('Rework Log'!$G$3:$G$500<>"Did not pass re-test"))*IFERROR('Rework Log'!$I$3:$I$500*1,0))),"m/d")))),IF(TRIM(C5)="NOT STARTED",IF(K5="","No plan date set",IF(K5<TODAY(),"Review - planned start passed","On track")),IF(TRIM(C5)="DB Dev",IF(M5="","No target set",IF(AND(M5<TODAY(),O5=""),"Overdue","On track")),IF(TRIM(C5)="PBI Dev",IF(P5="","No target set",IF(AND(P5<TODAY(),R5=""),"Overdue","On track")),IF(TRIM(C5)="QA",IF(S5="","No target set",IF(AND(S5<TODAY(),U5=""),"Overdue","On track")),IF(TRIM(C5)="DPO Approval",IF(V5="","No target set",IF(V5<TODAY(),"Overdue","On track")),IF(TRIM(C5)="RELEASED IN PROD","Delivered","")))))))) -> Delivered | E5: 5 | G5: Siva | H5: Navya | I5: Preety | K5: 46142 | L5: April | M5: 46115 | O5: 46115 | P5: 46126 | R5: 46126 | S5: 46122 | U5: 46122 | X5: Kelvin Hu | Y5: Yes | Z5: 46122 | AA5: https://app.powerbi.com/groups/me/apps/eedba83d-be9a-45f9-9504-7bfa41e6051a/reports/8b9ae445-3a30-4ae6-a3fa-7a6d8e7ef349/d97da6159d0c87677529?experience=power-bi | AB5: https://app.powerbi.com/groups/me/apps/2c7180b1-0d3d-45be-979e-f7dc86b3557d/reports/848ce65a-4e47-422b-aae5-7ea9e7d68a5f/d97da6159d0c87677529?ctid=f98a6a53-25f3-4212-901c-c7787fcd3495&experience=power-bi | AC5: No | AD5: =IF($B5="","",IF(AND(LEFT($AC5,3)="Yes",SUMPRODUCT((TRIM('Rework Log'!$A$3:$A$500)=TRIM($B5))*('Rework Log'!$G$3:$G$500<>"Yes")*('Rework Log'!$G$3:$G$500<>"Did not pass re-test"))=0),"Blocked - log it on Rework Log",IF(AND(LEFT($AC5,3)<>"Yes",SUMPRODUCT((TRIM('Rework Log'!$A$3:$A$500)=TRIM($B5))*('Rework Log'!$G$3:$G$500<>"Yes")*('Rework Log'!$G$3:$G$500<>"Did not pass re-test"))>0),"Open rework row - mark Blocked? or close it",IF(AND(LEFT($AC5,3)<>"Yes",SUMPRODUCT((TRIM('Rework Log'!$A$3:$A$500)=TRIM($B5))*('Rework Log'!$G$3:$G$500<>"Yes")*('Rework Log'!$G$3:$G$500<>"Did not pass re-test"))=0,COUNTIF('Rework Log'!$A$3:$A$500,$B5)>0,IFERROR(INDEX('Rework Log'!$G:$G,SUMPRODUCT(MAX((TRIM('Rework Log'!$A$3:$A$500)=TRIM($B5))*ROW('Rework Log'!$A$3:$A$500)))),"")="Did not pass re-test"),"Last fix rejected - re-block or log next attempt",IF(AND(LEFT($AC5,3)="Yes",ISNUMBER(SEARCH("needs DB Dev",$AC5)),O5<>"",SUMPRODUCT(MAX(((TRIM('Rework Log'!$A$3:$A$500)=TRIM($B5))*('Rework Log'!$G$3:$G$500<>"Yes")*('Rework Log'!$G$3:$G$500<>"Did not pass re-test"))*IFERROR('Rework Log'!$I$3:$I$500*1,0)))>0),"Move old DB Dev completion date to Rework Log (col H)",IF(AND(LEFT($AC5,3)="Yes",ISNUMBER(SEARCH("needs PBI Dev",$AC5)),R5<>"",SUMPRODUCT(MAX(((TRIM('Rework Log'!$A$3:$A$500)=TRIM($B5))*('Rework Log'!$G$3:$G$500<>"Yes")*('Rework Log'!$G$3:$G$500<>"Did not pass re-test"))*IFERROR('Rework Log'!$I$3:$I$500*1,0)))>0),"Move old PBI Dev completion date to Rework Log (col H)",IF(AND(LEFT($AC5,3)="Yes",ISNUMBER(SEARCH("needs QA",$AC5)),U5<>"",SUMPRODUCT(MAX(((TRIM('Rework Log'!$A$3:$A$500)=TRIM($B5))*('Rework Log'!$G$3:$G$500<>"Yes")*('Rework Log'!$G$3:$G$500<>"Did not pass re-test"))*IFERROR('Rework Log'!$I$3:$I$500*1,0)))>0),"Move old QA completion date to Rework Log (col H)",IF(AND(LEFT($AC5,3)="Yes",ISNUMBER(SEARCH("needs DB Dev",$AC5)),TRIM(C5)<>"DB Dev"),"Set Current Status back to DB Dev",IF(AND(LEFT($AC5,3)="Yes",ISNUMBER(SEARCH("needs PBI Dev",$AC5)),TRIM(C5)<>"PBI Dev"),"Set Current Status back to PBI Dev",IF(AND(LEFT($AC5,3)="Yes",ISNUMBER(SEARCH("needs QA",$AC5)),TRIM(C5)<>"QA"),"Set Current Status back to QA",IF(COUNTIF($B$2:$B$500,$B5)>1,"Duplicate name - check row",IF(AND(TRIM(C5)="RELEASED IN PROD",Y5<>"Yes"),"Released but Confirmed Deployed? is not Yes",IF(COUNTIF('Rework Log'!$A$3:$A$500,$B5)>0,"",IF(AND(S5<>"",M5<>"",S5<M5),"QA target is before DB Dev target",IF(AND(S5<>"",P5<>"",S5<P5),"QA target is before PBI Dev target",IF(AND(V5<>"",S5<>"",V5<S5),"DPO Approval target is before QA target",IF(AND(Z5<>"",V5<>"",Z5<V5),"Confirmed Deployed date is before DPO Approval target",""))))))))))))))))) -> QA target is before PBI Dev target | AE5: 16/04 - Testing completed in QA and created defect https://jira.prod.nationalgrid.com/browse/GDMP-2186; ETA -04/24
A6: Leaks | B6: RPT_04_Cleared Leaks | C6: RELEASED IN PROD | D6: =IF($B6="","",IF(LEFT($AC6,3)="Yes",IF(LEN($AC6)>5,"Blocked - "&MID($AC6,7,100),"Blocked")&IF(SUMPRODUCT((TRIM('Rework Log'!$A$3:$A$500)=TRIM($B6))*('Rework Log'!$G$3:$G$500<>"Yes")*('Rework Log'!$G$3:$G$500<>"Did not pass re-test"))=0,"",IF(SUMPRODUCT(((TRIM('Rework Log'!$A$3:$A$500)=TRIM($B6))*('Rework Log'!$G$3:$G$500<>"Yes")*('Rework Log'!$G$3:$G$500<>"Did not pass re-test"))*ISNUMBER('Rework Log'!$J$3:$J$500))>0," - fixed, awaiting re-test",IF(SUMPRODUCT(MAX(((TRIM('Rework Log'!$A$3:$A$500)=TRIM($B6))*('Rework Log'!$G$3:$G$500<>"Yes")*('Rework Log'!$G$3:$G$500<>"Did not pass re-test"))*IFERROR('Rework Log'!$I$3:$I$500*1,0)))=0," - unclaimed"," - promised "&TEXT(SUMPRODUCT(MAX(((TRIM('Rework Log'!$A$3:$A$500)=TRIM($B6))*('Rework Log'!$G$3:$G$500<>"Yes")*('Rework Log'!$G$3:$G$500<>"Did not pass re-test"))*IFERROR('Rework Log'!$I$3:$I$500*1,0))),"m/d")))),IF(TRIM(C6)="NOT STARTED",IF(K6="","No plan date set",IF(K6<TODAY(),"Review - planned start passed","On track")),IF(TRIM(C6)="DB Dev",IF(M6="","No target set",IF(AND(M6<TODAY(),O6=""),"Overdue","On track")),IF(TRIM(C6)="PBI Dev",IF(P6="","No target set",IF(AND(P6<TODAY(),R6=""),"Overdue","On track")),IF(TRIM(C6)="QA",IF(S6="","No target set",IF(AND(S6<TODAY(),U6=""),"Overdue","On track")),IF(TRIM(C6)="DPO Approval",IF(V6="","No target set",IF(V6<TODAY(),"Overdue","On track")),IF(TRIM(C6)="RELEASED IN PROD","Delivered","")))))))) -> Delivered | E6: 3 | G6: Sreevarsha | H6: Sarath | I6: Preety | K6: 46142 | L6: April | M6: 46115 | O6: 46115 | P6: 46120 | R6: 46120 | S6: 46122 | U6: 46122 | X6: Kelvin Hu | Y6: Yes | Z6: 46122 | AA6: https://app.powerbi.com/groups/me/apps/eedba83d-be9a-45f9-9504-7bfa41e6051a/reports/938a9ba1-8138-440e-842a-d9a679933d8c/44bb4fce98fafb2cace2?experience=power-bi | AB6: https://app.powerbi.com/groups/me/apps/2c7180b1-0d3d-45be-979e-f7dc86b3557d/reports/677c6418-6db8-4ebf-9323-65be4cb2c960/ea184ec020032ecbdd43?ctid=f98a6a53-25f3-4212-901c-c7787fcd3495&experience=power-bi | AC6: No | AD6: =IF($B6="","",IF(AND(LEFT($AC6,3)="Yes",SUMPRODUCT((TRIM('Rework Log'!$A$3:$A$500)=TRIM($B6))*('Rework Log'!$G$3:$G$500<>"Yes")*('Rework Log'!$G$3:$G$500<>"Did not pass re-test"))=0),"Blocked - log it on Rework Log",IF(AND(LEFT($AC6,3)<>"Yes",SUMPRODUCT((TRIM('Rework Log'!$A$3:$A$500)=TRIM($B6))*('Rework Log'!$G$3:$G$500<>"Yes")*('Rework Log'!$G$3:$G$500<>"Did not pass re-test"))>0),"Open rework row - mark Blocked? or close it",IF(AND(LEFT($AC6,3)<>"Yes",SUMPRODUCT((TRIM('Rework Log'!$A$3:$A$500)=TRIM($B6))*('Rework Log'!$G$3:$G$500<>"Yes")*('Rework Log'!$G$3:$G$500<>"Did not pass re-test"))=0,COUNTIF('Rework Log'!$A$3:$A$500,$B6)>0,IFERROR(INDEX('Rework Log'!$G:$G,SUMPRODUCT(MAX((TRIM('Rework Log'!$A$3:$A$500)=TRIM($B6))*ROW('Rework Log'!$A$3:$A$500)))),"")="Did not pass re-test"),"Last fix rejected - re-block or log next attempt",IF(AND(LEFT($AC6,3)="Yes",ISNUMBER(SEARCH("needs DB Dev",$AC6)),O6<>"",SUMPRODUCT(MAX(((TRIM('Rework Log'!$A$3:$A$500)=TRIM($B6))*('Rework Log'!$G$3:$G$500<>"Yes")*('Rework Log'!$G$3:$G$500<>"Did not pass re-test"))*IFERROR('Rework Log'!$I$3:$I$500*1,0)))>0),"Move old DB Dev completion date to Rework Log (col H)",IF(AND(LEFT($AC6,3)="Yes",ISNUMBER(SEARCH("needs PBI Dev",$AC6)),R6<>"",SUMPRODUCT(MAX(((TRIM('Rework Log'!$A$3:$A$500)=TRIM($B6))*('Rework Log'!$G$3:$G$500<>"Yes")*('Rework Log'!$G$3:$G$500<>"Did not pass re-test"))*IFERROR('Rework Log'!$I$3:$I$500*1,0)))>0),"Move old PBI Dev completion date to Rework Log (col H)",IF(AND(LEFT($AC6,3)="Yes",ISNUMBER(SEARCH("needs QA",$AC6)),U6<>"",SUMPRODUCT(MAX(((TRIM('Rework Log'!$A$3:$A$500)=TRIM($B6))*('Rework Log'!$G$3:$G$500<>"Yes")*('Rework Log'!$G$3:$G$500<>"Did not pass re-test"))*IFERROR('Rework Log'!$I$3:$I$500*1,0)))>0),"Move old QA completion date to Rework Log (col H)",IF(AND(LEFT($AC6,3)="Yes",ISNUMBER(SEARCH("needs DB Dev",$AC6)),TRIM(C6)<>"DB Dev"),"Set Current Status back to DB Dev",IF(AND(LEFT($AC6,3)="Yes",ISNUMBER(SEARCH("needs PBI Dev",$AC6)),TRIM(C6)<>"PBI Dev"),"Set Current Status back to PBI Dev",IF(AND(LEFT($AC6,3)="Yes",ISNUMBER(SEARCH("needs QA",$AC6)),TRIM(C6)<>"QA"),"Set Current Status back to QA",IF(COUNTIF($B$2:$B$500,$B6)>1,"Duplicate name - check row",IF(AND(TRIM(C6)="RELEASED IN PROD",Y6<>"Yes"),"Released but Confirmed Deployed? is not Yes",IF(COUNTIF('Rework Log'!$A$3:$A$500,$B6)>0,"",IF(AND(S6<>"",M6<>"",S6<M6),"QA target is before DB Dev target",IF(AND(S6<>"",P6<>"",S6<P6),"QA target is before PBI Dev target",IF(AND(V6<>"",S6<>"",V6<S6),"DPO Approval target is before QA target",IF(AND(Z6<>"",V6<>"",Z6<V6),"Confirmed Deployed date is before DPO Approval target",""))))))))))))))))) | AE6: [Historical, April 2026]: L_GRO_NUMBER columns had an issue in QA - DB team assigned to fix.
A7: Leaks | B7: RPT_04_Leaks Repaired Detail | C7: RELEASED IN PROD | D7: =IF($B7="","",IF(LEFT($AC7,3)="Yes",IF(LEN($AC7)>5,"Blocked - "&MID($AC7,7,100),"Blocked")&IF(SUMPRODUCT((TRIM('Rework Log'!$A$3:$A$500)=TRIM($B7))*('Rework Log'!$G$3:$G$500<>"Yes")*('Rework Log'!$G$3:$G$500<>"Did not pass re-test"))=0,"",IF(SUMPRODUCT(((TRIM('Rework Log'!$A$3:$A$500)=TRIM($B7))*('Rework Log'!$G$3:$G$500<>"Yes")*('Rework Log'!$G$3:$G$500<>"Did not pass re-test"))*ISNUMBER('Rework Log'!$J$3:$J$500))>0," - fixed, awaiting re-test",IF(SUMPRODUCT(MAX(((TRIM('Rework Log'!$A$3:$A$500)=TRIM($B7))*('Rework Log'!$G$3:$G$500<>"Yes")*('Rework Log'!$G$3:$G$500<>"Did not pass re-test"))*IFERROR('Rework Log'!$I$3:$I$500*1,0)))=0," - unclaimed"," - promised "&TEXT(SUMPRODUCT(MAX(((TRIM('Rework Log'!$A$3:$A$500)=TRIM($B7))*('Rework Log'!$G$3:$G$500<>"Yes")*('Rework Log'!$G$3:$G$500<>"Did not pass re-test"))*IFERROR('Rework Log'!$I$3:$I$500*1,0))),"m/d")))),IF(TRIM(C7)="NOT STARTED",IF(K7="","No plan date set",IF(K7<TODAY(),"Review - planned start passed","On track")),IF(TRIM(C7)="DB Dev",IF(M7="","No target set",IF(AND(M7<TODAY(),O7=""),"Overdue","On track")),IF(TRIM(C7)="PBI Dev",IF(P7="","No target set",IF(AND(P7<TODAY(),R7=""),"Overdue","On track")),IF(TRIM(C7)="QA",IF(S7="","No target set",IF(AND(S7<TODAY(),U7=""),"Overdue","On track")),IF(TRIM(C7)="DPO Approval",IF(V7="","No target set",IF(V7<TODAY(),"Overdue","On track")),IF(TRIM(C7)="RELEASED IN PROD","Delivered","")))))))) -> Delivered | E7: 6 | G7: Rupa | H7: Navya | I7: Preety | K7: 46142 | L7: April | M7: 46115 | O7: 46115 | P7: 46126 | R7: 46126 | S7: 46122 | U7: 46122 | X7: Kelvin Hu | Y7: Yes | Z7: 46122 | AA7: https://app.powerbi.com/groups/me/apps/eedba83d-be9a-45f9-9504-7bfa41e6051a/reports/cbaf2155-2cf3-4377-8af2-7e07a896e887/ea184ec020032ecbdd43?experience=power-bi | AB7: https://app.powerbi.com/groups/me/apps/2c7180b1-0d3d-45be-979e-f7dc86b3557d/reports/9c6d5e21-4e57-4a64-9973-61ff3717468e/ea184ec020032ecbdd43?ctid=f98a6a53-25f3-4212-901c-c7787fcd3495&experience=power-bi | AC7: No | AD7: =IF($B7="","",IF(AND(LEFT($AC7,3)="Yes",SUMPRODUCT((TRIM('Rework Log'!$A$3:$A$500)=TRIM($B7))*('Rework Log'!$G$3:$G$500<>"Yes")*('Rework Log'!$G$3:$G$500<>"Did not pass re-test"))=0),"Blocked - log it on Rework Log",IF(AND(LEFT($AC7,3)<>"Yes",SUMPRODUCT((TRIM('Rework Log'!$A$3:$A$500)=TRIM($B7))*('Rework Log'!$G$3:$G$500<>"Yes")*('Rework Log'!$G$3:$G$500<>"Did not pass re-test"))>0),"Open rework row - mark Blocked? or close it",IF(AND(LEFT($AC7,3)<>"Yes",SUMPRODUCT((TRIM('Rework Log'!$A$3:$A$500)=TRIM($B7))*('Rework Log'!$G$3:$G$500<>"Yes")*('Rework Log'!$G$3:$G$500<>"Did not pass re-test"))=0,COUNTIF('Rework Log'!$A$3:$A$500,$B7)>0,IFERROR(INDEX('Rework Log'!$G:$G,SUMPRODUCT(MAX((TRIM('Rework Log'!$A$3:$A$500)=TRIM($B7))*ROW('Rework Log'!$A$3:$A$500)))),"")="Did not pass re-test"),"Last fix rejected - re-block or log next attempt",IF(AND(LEFT($AC7,3)="Yes",ISNUMBER(SEARCH("needs DB Dev",$AC7)),O7<>"",SUMPRODUCT(MAX(((TRIM('Rework Log'!$A$3:$A$500)=TRIM($B7))*('Rework Log'!$G$3:$G$500<>"Yes")*('Rework Log'!$G$3:$G$500<>"Did not pass re-test"))*IFERROR('Rework Log'!$I$3:$I$500*1,0)))>0),"Move old DB Dev completion date to Rework Log (col H)",IF(AND(LEFT($AC7,3)="Yes",ISNUMBER(SEARCH("needs PBI Dev",$AC7)),R7<>"",SUMPRODUCT(MAX(((TRIM('Rework Log'!$A$3:$A$500)=TRIM($B7))*('Rework Log'!$G$3:$G$500<>"Yes")*('Rework Log'!$G$3:$G$500<>"Did not pass re-test"))*IFERROR('Rework Log'!$I$3:$I$500*1,0)))>0),"Move old PBI Dev completion date to Rework Log (col H)",IF(AND(LEFT($AC7,3)="Yes",ISNUMBER(SEARCH("needs QA",$AC7)),U7<>"",SUMPRODUCT(MAX(((TRIM('Rework Log'!$A$3:$A$500)=TRIM($B7))*('Rework Log'!$G$3:$G$500<>"Yes")*('Rework Log'!$G$3:$G$500<>"Did not pass re-test"))*IFERROR('Rework Log'!$I$3:$I$500*1,0)))>0),"Move old QA completion date to Rework Log (col H)",IF(AND(LEFT($AC7,3)="Yes",ISNUMBER(SEARCH("needs DB Dev",$AC7)),TRIM(C7)<>"DB Dev"),"Set Current Status back to DB Dev",IF(AND(LEFT($AC7,3)="Yes",ISNUMBER(SEARCH("needs PBI Dev",$AC7)),TRIM(C7)<>"PBI Dev"),"Set Current Status back to PBI Dev",IF(AND(LEFT($AC7,3)="Yes",ISNUMBER(SEARCH("needs QA",$AC7)),TRIM(C7)<>"QA"),"Set Current Status back to QA",IF(COUNTIF($B$2:$B$500,$B7)>1,"Duplicate name - check row",IF(AND(TRIM(C7)="RELEASED IN PROD",Y7<>"Yes"),"Released but Confirmed Deployed? is not Yes",IF(COUNTIF('Rework Log'!$A$3:$A$500,$B7)>0,"",IF(AND(S7<>"",M7<>"",S7<M7),"QA target is before DB Dev target",IF(AND(S7<>"",P7<>"",S7<P7),"QA target is before PBI Dev target",IF(AND(V7<>"",S7<>"",V7<S7),"DPO Approval target is before QA target",IF(AND(Z7<>"",V7<>"",Z7<V7),"Confirmed Deployed date is before DPO Approval target",""))))))))))))))))) -> QA target is before PBI Dev target | AE7: 21/4 Testing completed in QA and defect raised https://jira.prod.nationalgrid.com/browse/GDMP-2190; Report ready for testing 04/23/2026
A8: Leaks | B8: RPT_04_Leaks Aging | C8: RELEASED IN PROD | D8: =IF($B8="","",IF(LEFT($AC8,3)="Yes",IF(LEN($AC8)>5,"Blocked - "&MID($AC8,7,100),"Blocked")&IF(SUMPRODUCT((TRIM('Rework Log'!$A$3:$A$500)=TRIM($B8))*('Rework Log'!$G$3:$G$500<>"Yes")*('Rework Log'!$G$3:$G$500<>"Did not pass re-test"))=0,"",IF(SUMPRODUCT(((TRIM('Rework Log'!$A$3:$A$500)=TRIM($B8))*('Rework Log'!$G$3:$G$500<>"Yes")*('Rework Log'!$G$3:$G$500<>"Did not pass re-test"))*ISNUMBER('Rework Log'!$J$3:$J$500))>0," - fixed, awaiting re-test",IF(SUMPRODUCT(MAX(((TRIM('Rework Log'!$A$3:$A$500)=TRIM($B8))*('Rework Log'!$G$3:$G$500<>"Yes")*('Rework Log'!$G$3:$G$500<>"Did not pass re-test"))*IFERROR('Rework Log'!$I$3:$I$500*1,0)))=0," - unclaimed"," - promised "&TEXT(SUMPRODUCT(MAX(((TRIM('Rework Log'!$A$3:$A$500)=TRIM($B8))*('Rework Log'!$G$3:$G$500<>"Yes")*('Rework Log'!$G$3:$G$500<>"Did not pass re-test"))*IFERROR('Rework Log'!$I$3:$I$500*1,0))),"m/d")))),IF(TRIM(C8)="NOT STARTED",IF(K8="","No plan date set",IF(K8<TODAY(),"Review - planned start passed","On track")),IF(TRIM(C8)="DB Dev",IF(M8="","No target set",IF(AND(M8<TODAY(),O8=""),"Overdue","On track")),IF(TRIM(C8)="PBI Dev",IF(P8="","No target set",IF(AND(P8<TODAY(),R8=""),"Overdue","On track")),IF(TRIM(C8)="QA",IF(S8="","No target set",IF(AND(S8<TODAY(),U8=""),"Overdue","On track")),IF(TRIM(C8)="DPO Approval",IF(V8="","No target set",IF(V8<TODAY(),"Overdue","On track")),IF(TRIM(C8)="RELEASED IN PROD","Delivered","")))))))) -> Delivered | E8: 7 | G8: Sreevarsha | H8: Navya | I8: Preety | K8: 46142 | L8: April | M8: 46122 | O8: 46122 | P8: 46126 | R8: 46126 | S8: 46122 | U8: 46122 | X8: Kelvin Hu | Y8: Yes | Z8: 46122 | AA8: https://app.powerbi.com/groups/me/apps/eedba83d-be9a-45f9-9504-7bfa41e6051a/reports/383c1502-9c3c-4fa0-a321-321cfed3b4a1/ReportSection1e63b8fbeb9ea54074e1?experience=power-bi | AB8: https://app.powerbi.com/groups/me/apps/2c7180b1-0d3d-45be-979e-f7dc86b3557d/reports/b7f15195-22d6-4ac4-8982-a8cadb215cbf/ReportSection1e63b8fbeb9ea54074e1?ctid=f98a6a53-25f3-4212-901c-c7787fcd3495&experience=power-bi | AC8: No | AD8: =IF($B8="","",IF(AND(LEFT($AC8,3)="Yes",SUMPRODUCT((TRIM('Rework Log'!$A$3:$A$500)=TRIM($B8))*('Rework Log'!$G$3:$G$500<>"Yes")*('Rework Log'!$G$3:$G$500<>"Did not pass re-test"))=0),"Blocked - log it on Rework Log",IF(AND(LEFT($AC8,3)<>"Yes",SUMPRODUCT((TRIM('Rework Log'!$A$3:$A$500)=TRIM($B8))*('Rework Log'!$G$3:$G$500<>"Yes")*('Rework Log'!$G$3:$G$500<>"Did not pass re-test"))>0),"Open rework row - mark Blocked? or close it",IF(AND(LEFT($AC8,3)<>"Yes",SUMPRODUCT((TRIM('Rework Log'!$A$3:$A$500)=TRIM($B8))*('Rework Log'!$G$3:$G$500<>"Yes")*('Rework Log'!$G$3:$G$500<>"Did not pass re-test"))=0,COUNTIF('Rework Log'!$A$3:$A$500,$B8)>0,IFERROR(INDEX('Rework Log'!$G:$G,SUMPRODUCT(MAX((TRIM('Rework Log'!$A$3:$A$500)=TRIM($B8))*ROW('Rework Log'!$A$3:$A$500)))),"")="Did not pass re-test"),"Last fix rejected - re-block or log next attempt",IF(AND(LEFT($AC8,3)="Yes",ISNUMBER(SEARCH("needs DB Dev",$AC8)),O8<>"",SUMPRODUCT(MAX(((TRIM('Rework Log'!$A$3:$A$500)=TRIM($B8))*('Rework Log'!$G$3:$G$500<>"Yes")*('Rework Log'!$G$3:$G$500<>"Did not pass re-test"))*IFERROR('Rework Log'!$I$3:$I$500*1,0)))>0),"Move old DB Dev completion date to Rework Log (col H)",IF(AND(LEFT($AC8,3)="Yes",ISNUMBER(SEARCH("needs PBI Dev",$AC8)),R8<>"",SUMPRODUCT(MAX(((TRIM('Rework Log'!$A$3:$A$500)=TRIM($B8))*('Rework Log'!$G$3:$G$500<>"Yes")*('Rework Log'!$G$3:$G$500<>"Did not pass re-test"))*IFERROR('Rework Log'!$I$3:$I$500*1,0)))>0),"Move old PBI Dev completion date to Rework Log (col H)",IF(AND(LEFT($AC8,3)="Yes",ISNUMBER(SEARCH("needs QA",$AC8)),U8<>"",SUMPRODUCT(MAX(((TRIM('Rework Log'!$A$3:$A$500)=TRIM($B8))*('Rework Log'!$G$3:$G$500<>"Yes")*('Rework Log'!$G$3:$G$500<>"Did not pass re-test"))*IFERROR('Rework Log'!$I$3:$I$500*1,0)))>0),"Move old QA completion date to Rework Log (col H)",IF(AND(LEFT($AC8,3)="Yes",ISNUMBER(SEARCH("needs DB Dev",$AC8)),TRIM(C8)<>"DB Dev"),"Set Current Status back to DB Dev",IF(AND(LEFT($AC8,3)="Yes",ISNUMBER(SEARCH("needs PBI Dev",$AC8)),TRIM(C8)<>"PBI Dev"),"Set Current Status back to PBI Dev",IF(AND(LEFT($AC8,3)="Yes",ISNUMBER(SEARCH("needs QA",$AC8)),TRIM(C8)<>"QA"),"Set Current Status back to QA",IF(COUNTIF($B$2:$B$500,$B8)>1,"Duplicate name - check row",IF(AND(TRIM(C8)="RELEASED IN PROD",Y8<>"Yes"),"Released but Confirmed Deployed? is not Yes",IF(COUNTIF('Rework Log'!$A$3:$A$500,$B8)>0,"",IF(AND(S8<>"",M8<>"",S8<M8),"QA target is before DB Dev target",IF(AND(S8<>"",P8<>"",S8<P8),"QA target is before PBI Dev target",IF(AND(V8<>"",S8<>"",V8<S8),"DPO Approval target is before QA target",IF(AND(Z8<>"",V8<>"",Z8<V8),"Confirmed Deployed date is before DPO Approval target",""))))))))))))))))) -> QA target is before PBI Dev target
A9: Leaks | B9: RPT_04_Prior Leak Readings | C9: RELEASED IN PROD | D9: =IF($B9="","",IF(LEFT($AC9,3)="Yes",IF(LEN($AC9)>5,"Blocked - "&MID($AC9,7,100),"Blocked")&IF(SUMPRODUCT((TRIM('Rework Log'!$A$3:$A$500)=TRIM($B9))*('Rework Log'!$G$3:$G$500<>"Yes")*('Rework Log'!$G$3:$G$500<>"Did not pass re-test"))=0,"",IF(SUMPRODUCT(((TRIM('Rework Log'!$A$3:$A$500)=TRIM($B9))*('Rework Log'!$G$3:$G$500<>"Yes")*('Rework Log'!$G$3:$G$500<>"Did not pass re-test"))*ISNUMBER('Rework Log'!$J$3:$J$500))>0," - fixed, awaiting re-test",IF(SUMPRODUCT(MAX(((TRIM('Rework Log'!$A$3:$A$500)=TRIM($B9))*('Rework Log'!$G$3:$G$500<>"Yes")*('Rework Log'!$G$3:$G$500<>"Did not pass re-test"))*IFERROR('Rework Log'!$I$3:$I$500*1,0)))=0," - unclaimed"," - promised "&TEXT(SUMPRODUCT(MAX(((TRIM('Rework Log'!$A$3:$A$500)=TRIM($B9))*('Rework Log'!$G$3:$G$500<>"Yes")*('Rework Log'!$G$3:$G$500<>"Did not pass re-test"))*IFERROR('Rework Log'!$I$3:$I$500*1,0))),"m/d")))),IF(TRIM(C9)="NOT STARTED",IF(K9="","No plan date set",IF(K9<TODAY(),"Review - planned start passed","On track")),IF(TRIM(C9)="DB Dev",IF(M9="","No target set",IF(AND(M9<TODAY(),O9=""),"Overdue","On track")),IF(TRIM(C9)="PBI Dev",IF(P9="","No target set",IF(AND(P9<TODAY(),R9=""),"Overdue","On track")),IF(TRIM(C9)="QA",IF(S9="","No target set",IF(AND(S9<TODAY(),U9=""),"Overdue","On track")),IF(TRIM(C9)="DPO Approval",IF(V9="","No target set",IF(V9<TODAY(),"Overdue","On track")),IF(TRIM(C9)="RELEASED IN PROD","Delivered","")))))))) -> Delivered | E9: 9 | G9: Siddu | H9: Navya | I9: Preety | K9: 46142 | L9: April | M9: 46122 | O9: 46122 | P9: 46126 | R9: 46126 | S9: 46122 | U9: 46122 | X9: Kelvin Hu | Y9: Yes | Z9: 46122 | AA9: https://app.powerbi.com/groups/me/apps/7767030c-f4c8-4488-b3cb-36a860cb6ff2/reports/acc74ccc-08b7-420d-b64e-5e4d786ac711/ReportSection6d915001f68ea4805272?experience=power-bi | AB9: https://app.powerbi.com/groups/me/apps/5b29b0dd-a398-4801-84ce-f3a7d8435827/reports/5a06a5bd-88fb-4024-8841-570da23785ad/ReportSection6d915001f68ea4805272?ctid=f98a6a53-25f3-4212-901c-c7787fcd3495&experience=power-bi | AC9: No | AD9: =IF($B9="","",IF(AND(LEFT($AC9,3)="Yes",SUMPRODUCT((TRIM('Rework Log'!$A$3:$A$500)=TRIM($B9))*('Rework Log'!$G$3:$G$500<>"Yes")*('Rework Log'!$G$3:$G$500<>"Did not pass re-test"))=0),"Blocked - log it on Rework Log",IF(AND(LEFT($AC9,3)<>"Yes",SUMPRODUCT((TRIM('Rework Log'!$A$3:$A$500)=TRIM($B9))*('Rework Log'!$G$3:$G$500<>"Yes")*('Rework Log'!$G$3:$G$500<>"Did not pass re-test"))>0),"Open rework row - mark Blocked? or close it",IF(AND(LEFT($AC9,3)<>"Yes",SUMPRODUCT((TRIM('Rework Log'!$A$3:$A$500)=TRIM($B9))*('Rework Log'!$G$3:$G$500<>"Yes")*('Rework Log'!$G$3:$G$500<>"Did not pass re-test"))=0,COUNTIF('Rework Log'!$A$3:$A$500,$B9)>0,IFERROR(INDEX('Rework Log'!$G:$G,SUMPRODUCT(MAX((TRIM('Rework Log'!$A$3:$A$500)=TRIM($B9))*ROW('Rework Log'!$A$3:$A$500)))),"")="Did not pass re-test"),"Last fix rejected - re-block or log next attempt",IF(AND(LEFT($AC9,3)="Yes",ISNUMBER(SEARCH("needs DB Dev",$AC9)),O9<>"",SUMPRODUCT(MAX(((TRIM('Rework Log'!$A$3:$A$500)=TRIM($B9))*('Rework Log'!$G$3:$G$500<>"Yes")*('Rework Log'!$G$3:$G$500<>"Did not pass re-test"))*IFERROR('Rework Log'!$I$3:$I$500*1,0)))>0),"Move old DB Dev completion date to Rework Log (col H)",IF(AND(LEFT($AC9,3)="Yes",ISNUMBER(SEARCH("needs PBI Dev",$AC9)),R9<>"",SUMPRODUCT(MAX(((TRIM('Rework Log'!$A$3:$A$500)=TRIM($B9))*('Rework Log'!$G$3:$G$500<>"Yes")*('Rework Log'!$G$3:$G$500<>"Did not pass re-test"))*IFERROR('Rework Log'!$I$3:$I$500*1,0)))>0),"Move old PBI Dev completion date to Rework Log (col H)",IF(AND(LEFT($AC9,3)="Yes",ISNUMBER(SEARCH("needs QA",$AC9)),U9<>"",SUMPRODUCT(MAX(((TRIM('Rework Log'!$A$3:$A$500)=TRIM($B9))*('Rework Log'!$G$3:$G$500<>"Yes")*('Rework Log'!$G$3:$G$500<>"Did not pass re-test"))*IFERROR('Rework Log'!$I$3:$I$500*1,0)))>0),"Move old QA completion date to Rework Log (col H)",IF(AND(LEFT($AC9,3)="Yes",ISNUMBER(SEARCH("needs DB Dev",$AC9)),TRIM(C9)<>"DB Dev"),"Set Current Status back to DB Dev",IF(AND(LEFT($AC9,3)="Yes",ISNUMBER(SEARCH("needs PBI Dev",$AC9)),TRIM(C9)<>"PBI Dev"),"Set Current Status back to PBI Dev",IF(AND(LEFT($AC9,3)="Yes",ISNUMBER(SEARCH("needs QA",$AC9)),TRIM(C9)<>"QA"),"Set Current Status back to QA",IF(COUNTIF($B$2:$B$500,$B9)>1,"Duplicate name - check row",IF(AND(TRIM(C9)="RELEASED IN PROD",Y9<>"Yes"),"Released but Confirmed Deployed? is not Yes",IF(COUNTIF('Rework Log'!$A$3:$A$500,$B9)>0,"",IF(AND(S9<>"",M9<>"",S9<M9),"QA target is before DB Dev target",IF(AND(S9<>"",P9<>"",S9<P9),"QA target is before PBI Dev target",IF(AND(V9<>"",S9<>"",V9<S9),"DPO Approval target is before QA target",IF(AND(Z9<>"",V9<>"",Z9<V9),"Confirmed Deployed date is before DPO Approval target",""))))))))))))))))) -> QA target is before PBI Dev target
A10: Leaks | B10: RSS_04_Leak Grade Change History | C10: RELEASED IN PROD | D10: =IF($B10="","",IF(LEFT($AC10,3)="Yes",IF(LEN($AC10)>5,"Blocked - "&MID($AC10,7,100),"Blocked")&IF(SUMPRODUCT((TRIM('Rework Log'!$A$3:$A$500)=TRIM($B10))*('Rework Log'!$G$3:$G$500<>"Yes")*('Rework Log'!$G$3:$G$500<>"Did not pass re-test"))=0,"",IF(SUMPRODUCT(((TRIM('Rework Log'!$A$3:$A$500)=TRIM($B10))*('Rework Log'!$G$3:$G$500<>"Yes")*('Rework Log'!$G$3:$G$500<>"Did not pass re-test"))*ISNUMBER('Rework Log'!$J$3:$J$500))>0," - fixed, awaiting re-test",IF(SUMPRODUCT(MAX(((TRIM('Rework Log'!$A$3:$A$500)=TRIM($B10))*('Rework Log'!$G$3:$G$500<>"Yes")*('Rework Log'!$G$3:$G$500<>"Did not pass re-test"))*IFERROR('Rework Log'!$I$3:$I$500*1,0)))=0," - unclaimed"," - promised "&TEXT(SUMPRODUCT(MAX(((TRIM('Rework Log'!$A$3:$A$500)=TRIM($B10))*('Rework Log'!$G$3:$G$500<>"Yes")*('Rework Log'!$G$3:$G$500<>"Did not pass re-test"))*IFERROR('Rework Log'!$I$3:$I$500*1,0))),"m/d")))),IF(TRIM(C10)="NOT STARTED",IF(K10="","No plan date set",IF(K10<TODAY(),"Review - planned start passed","On track")),IF(TRIM(C10)="DB Dev",IF(M10="","No target set",IF(AND(M10<TODAY(),O10=""),"Overdue","On track")),IF(TRIM(C10)="PBI Dev",IF(P10="","No target set",IF(AND(P10<TODAY(),R10=""),"Overdue","On track")),IF(TRIM(C10)="QA",IF(S10="","No target set",IF(AND(S10<TODAY(),U10=""),"Overdue","On track")),IF(TRIM(C10)="DPO Approval",IF(V10="","No target set",IF(V10<TODAY(),"Overdue","On track")),IF(TRIM(C10)="RELEASED IN PROD","Delivered","")))))))) -> Delivered | E10: 8 | G10: Siva | H10: Navya | I10: Preety | K10: 46142 | L10: April | M10: 46127 | O10: 46127 | P10: 46126 | R10: 46126 | S10: 46122 | U10: 46122 | X10: Kelvin Hu | Y10: Yes | Z10: 46122 | AA10: https://app.powerbi.com/groups/me/apps/7767030c-f4c8-4488-b3cb-36a860cb6ff2/reports/6fe40f7b-3dfe-45ee-9f81-cb977321242d/9d7e292e8fb40cfee194?experience=power-bi | AB10: https://app.powerbi.com/groups/me/apps/5b29b0dd-a398-4801-84ce-f3a7d8435827/reports/4268caf5-dcbd-4b00-8518-baf8239fff69/9d7e292e8fb40cfee194?experience=power-bi | AC10: No | AD10: =IF($B10="","",IF(AND(LEFT($AC10,3)="Yes",SUMPRODUCT((TRIM('Rework Log'!$A$3:$A$500)=TRIM($B10))*('Rework Log'!$G$3:$G$500<>"Yes")*('Rework Log'!$G$3:$G$500<>"Did not pass re-test"))=0),"Blocked - log it on Rework Log",IF(AND(LEFT($AC10,3)<>"Yes",SUMPRODUCT((TRIM('Rework Log'!$A$3:$A$500)=TRIM($B10))*('Rework Log'!$G$3:$G$500<>"Yes")*('Rework Log'!$G$3:$G$500<>"Did not pass re-test"))>0),"Open rework row - mark Blocked? or close it",IF(AND(LEFT($AC10,3)<>"Yes",SUMPRODUCT((TRIM('Rework Log'!$A$3:$A$500)=TRIM($B10))*('Rework Log'!$G$3:$G$500<>"Yes")*('Rework Log'!$G$3:$G$500<>"Did not pass re-test"))=0,COUNTIF('Rework Log'!$A$3:$A$500,$B10)>0,IFERROR(INDEX('Rework Log'!$G:$G,SUMPRODUCT(MAX((TRIM('Rework Log'!$A$3:$A$500)=TRIM($B10))*ROW('Rework Log'!$A$3:$A$500)))),"")="Did not pass re-test"),"Last fix rejected - re-block or log next attempt",IF(AND(LEFT($AC10,3)="Yes",ISNUMBER(SEARCH("needs DB Dev",$AC10)),O10<>"",SUMPRODUCT(MAX(((TRIM('Rework Log'!$A$3:$A$500)=TRIM($B10))*('Rework Log'!$G$3:$G$500<>"Yes")*('Rework Log'!$G$3:$G$500<>"Did not pass re-test"))*IFERROR('Rework Log'!$I$3:$I$500*1,0)))>0),"Move old DB Dev completion date to Rework Log (col H)",IF(AND(LEFT($AC10,3)="Yes",ISNUMBER(SEARCH("needs PBI Dev",$AC10)),R10<>"",SUMPRODUCT(MAX(((TRIM('Rework Log'!$A$3:$A$500)=TRIM($B10))*('Rework Log'!$G$3:$G$500<>"Yes")*('Rework Log'!$G$3:$G$500<>"Did not pass re-test"))*IFERROR('Rework Log'!$I$3:$I$500*1,0)))>0),"Move old PBI Dev completion date to Rework Log (col H)",IF(AND(LEFT($AC10,3)="Yes",ISNUMBER(SEARCH("needs QA",$AC10)),U10<>"",SUMPRODUCT(MAX(((TRIM('Rework Log'!$A$3:$A$500)=TRIM($B10))*('Rework Log'!$G$3:$G$500<>"Yes")*('Rework Log'!$G$3:$G$500<>"Did not pass re-test"))*IFERROR('Rework Log'!$I$3:$I$500*1,0)))>0),"Move old QA completion date to Rework Log (col H)",IF(AND(LEFT($AC10,3)="Yes",ISNUMBER(SEARCH("needs DB Dev",$AC10)),TRIM(C10)<>"DB Dev"),"Set Current Status back to DB Dev",IF(AND(LEFT($AC10,3)="Yes",ISNUMBER(SEARCH("needs PBI Dev",$AC10)),TRIM(C10)<>"PBI Dev"),"Set Current Status back to PBI Dev",IF(AND(LEFT($AC10,3)="Yes",ISNUMBER(SEARCH("needs QA",$AC10)),TRIM(C10)<>"QA"),"Set Current Status back to QA",IF(COUNTIF($B$2:$B$500,$B10)>1,"Duplicate name - check row",IF(AND(TRIM(C10)="RELEASED IN PROD",Y10<>"Yes"),"Released but Confirmed Deployed? is not Yes",IF(COUNTIF('Rework Log'!$A$3:$A$500,$B10)>0,"",IF(AND(S10<>"",M10<>"",S10<M10),"QA target is before DB Dev target",IF(AND(S10<>"",P10<>"",S10<P10),"QA target is before PBI Dev target",IF(AND(V10<>"",S10<>"",V10<S10),"DPO Approval target is before QA target",IF(AND(Z10<>"",V10<>"",Z10<V10),"Confirmed Deployed date is before DPO Approval target",""))))))))))))))))) -> QA target is before DB Dev target | AE10: 23/4 - Testing completed in QA and defect created https://jira.prod.nationalgrid.com/browse/GDMP-2227; Report is ready for testing 04/23/2026
A11: Leaks | B11: RPT_04_Surveillances With Zero Readings | C11: RELEASED IN PROD | D11: =IF($B11="","",IF(LEFT($AC11,3)="Yes",IF(LEN($AC11)>5,"Blocked - "&MID($AC11,7,100),"Blocked")&IF(SUMPRODUCT((TRIM('Rework Log'!$A$3:$A$500)=TRIM($B11))*('Rework Log'!$G$3:$G$500<>"Yes")*('Rework Log'!$G$3:$G$500<>"Did not pass re-test"))=0,"",IF(SUMPRODUCT(((TRIM('Rework Log'!$A$3:$A$500)=TRIM($B11))*('Rework Log'!$G$3:$G$500<>"Yes")*('Rework Log'!$G$3:$G$500<>"Did not pass re-test"))*ISNUMBER('Rework Log'!$J$3:$J$500))>0," - fixed, awaiting re-test",IF(SUMPRODUCT(MAX(((TRIM('Rework Log'!$A$3:$A$500)=TRIM($B11))*('Rework Log'!$G$3:$G$500<>"Yes")*('Rework Log'!$G$3:$G$500<>"Did not pass re-test"))*IFERROR('Rework Log'!$I$3:$I$500*1,0)))=0," - unclaimed"," - promised "&TEXT(SUMPRODUCT(MAX(((TRIM('Rework Log'!$A$3:$A$500)=TRIM($B11))*('Rework Log'!$G$3:$G$500<>"Yes")*('Rework Log'!$G$3:$G$500<>"Did not pass re-test"))*IFERROR('Rework Log'!$I$3:$I$500*1,0))),"m/d")))),IF(TRIM(C11)="NOT STARTED",IF(K11="","No plan date set",IF(K11<TODAY(),"Review - planned start passed","On track")),IF(TRIM(C11)="DB Dev",IF(M11="","No target set",IF(AND(M11<TODAY(),O11=""),"Overdue","On track")),IF(TRIM(C11)="PBI Dev",IF(P11="","No target set",IF(AND(P11<TODAY(),R11=""),"Overdue","On track")),IF(TRIM(C11)="QA",IF(S11="","No target set",IF(AND(S11<TODAY(),U11=""),"Overdue","On track")),IF(TRIM(C11)="DPO Approval",IF(V11="","No target set",IF(V11<TODAY(),"Overdue","On track")),IF(TRIM(C11)="RELEASED IN PROD","Delivered","")))))))) -> Delivered | E11: 10 | G11: Sreevarsha | H11: Navya | I11: Kelvin | K11: 46173 | L11: May | P11: 46139 | R11: 46139 | S11: 46139 | U11: 46139 | X11: Kelvin Hu | Y11: Yes | Z11: 46139 | AA11: https://app.powerbi.com/groups/me/apps/eedba83d-be9a-45f9-9504-7bfa41e6051a/reports/743b79eb-5470-4cd4-ad54-81eb3b409ae8/ea184ec020032ecbdd43?ctid=f98a6a53-25f3-4212-901c-c7787fcd3495&experience=power-bi | AB11: https://app.powerbi.com/groups/me/apps/2c7180b1-0d3d-45be-979e-f7dc86b3557d/reports/c887cd5e-9172-4de3-921e-2c0edd2533bc/ea184ec020032ecbdd43?experience=power-bi | AC11: No | AD11: =IF($B11="","",IF(AND(LEFT($AC11,3)="Yes",SUMPRODUCT((TRIM('Rework Log'!$A$3:$A$500)=TRIM($B11))*('Rework Log'!$G$3:$G$500<>"Yes")*('Rework Log'!$G$3:$G$500<>"Did not pass re-test"))=0),"Blocked - log it on Rework Log",IF(AND(LEFT($AC11,3)<>"Yes",SUMPRODUCT((TRIM('Rework Log'!$A$3:$A$500)=TRIM($B11))*('Rework Log'!$G$3:$G$500<>"Yes")*('Rework Log'!$G$3:$G$500<>"Did not pass re-test"))>0),"Open rework row - mark Blocked? or close it",IF(AND(LEFT($AC11,3)<>"Yes",SUMPRODUCT((TRIM('Rework Log'!$A$3:$A$500)=TRIM($B11))*('Rework Log'!$G$3:$G$500<>"Yes")*('Rework Log'!$G$3:$G$500<>"Did not pass re-test"))=0,COUNTIF('Rework Log'!$A$3:$A$500,$B11)>0,IFERROR(INDEX('Rework Log'!$G:$G,SUMPRODUCT(MAX((TRIM('Rework Log'!$A$3:$A$500)=TRIM($B11))*ROW('Rework Log'!$A$3:$A$500)))),"")="Did not pass re-test"),"Last fix rejected - re-block or log next attempt",IF(AND(LEFT($AC11,3)="Yes",ISNUMBER(SEARCH("needs DB Dev",$AC11)),O11<>"",SUMPRODUCT(MAX(((TRIM('Rework Log'!$A$3:$A$500)=TRIM($B11))*('Rework Log'!$G$3:$G$500<>"Yes")*('Rework Log'!$G$3:$G$500<>"Did not pass re-test"))*IFERROR('Rework Log'!$I$3:$I$500*1,0)))>0),"Move old DB Dev completion date to Rework Log (col H)",IF(AND(LEFT($AC11,3)="Yes",ISNUMBER(SEARCH("needs PBI Dev",$AC11)),R11<>"",SUMPRODUCT(MAX(((TRIM('Rework Log'!$A$3:$A$500)=TRIM($B11))*('Rework Log'!$G$3:$G$500<>"Yes")*('Rework Log'!$G$3:$G$500<>"Did not pass re-test"))*IFERROR('Rework Log'!$I$3:$I$500*1,0)))>0),"Move old PBI Dev completion date to Rework Log (col H)",IF(AND(LEFT($AC11,3)="Yes",ISNUMBER(SEARCH("needs QA",$AC11)),U11<>"",SUMPRODUCT(MAX(((TRIM('Rework Log'!$A$3:$A$500)=TRIM($B11))*('Rework Log'!$G$3:$G$500<>"Yes")*('Rework Log'!$G$3:$G$500<>"Did not pass re-test"))*IFERROR('Rework Log'!$I$3:$I$500*1,0)))>0),"Move old QA completion date to Rework Log (col H)",IF(AND(LEFT($AC11,3)="Yes",ISNUMBER(SEARCH("needs DB Dev",$AC11)),TRIM(C11)<>"DB Dev"),"Set Current Status back to DB Dev",IF(AND(LEFT($AC11,3)="Yes",ISNUMBER(SEARCH("needs PBI Dev",$AC11)),TRIM(C11)<>"PBI Dev"),"Set Current Status back to PBI Dev",IF(AND(LEFT($AC11,3)="Yes",ISNUMBER(SEARCH("needs QA",$AC11)),TRIM(C11)<>"QA"),"Set Current Status back to QA",IF(COUNTIF($B$2:$B$500,$B11)>1,"Duplicate name - check row",IF(AND(TRIM(C11)="RELEASED IN PROD",Y11<>"Yes"),"Released but Confirmed Deployed? is not Yes",IF(COUNTIF('Rework Log'!$A$3:$A$500,$B11)>0,"",IF(AND(S11<>"",M11<>"",S11<M11),"QA target is before DB Dev target",IF(AND(S11<>"",P11<>"",S11<P11),"QA target is before PBI Dev target",IF(AND(V11<>"",S11<>"",V11<S11),"DPO Approval target is before QA target",IF(AND(Z11<>"",V11<>"",Z11<V11),"Confirmed Deployed date is before DPO Approval target","")))))))))))))))))
A12: Leaks | B12: RPT_04 High Emitter leaks | C12: RELEASED IN PROD | D12: =IF($B12="","",IF(LEFT($AC12,3)="Yes",IF(LEN($AC12)>5,"Blocked - "&MID($AC12,7,100),"Blocked")&IF(SUMPRODUCT((TRIM('Rework Log'!$A$3:$A$500)=TRIM($B12))*('Rework Log'!$G$3:$G$500<>"Yes")*('Rework Log'!$G$3:$G$500<>"Did not pass re-test"))=0,"",IF(SUMPRODUCT(((TRIM('Rework Log'!$A$3:$A$500)=TRIM($B12))*('Rework Log'!$G$3:$G$500<>"Yes")*('Rework Log'!$G$3:$G$500<>"Did not pass re-test"))*ISNUMBER('Rework Log'!$J$3:$J$500))>0," - fixed, awaiting re-test",IF(SUMPRODUCT(MAX(((TRIM('Rework Log'!$A$3:$A$500)=TRIM($B12))*('Rework Log'!$G$3:$G$500<>"Yes")*('Rework Log'!$G$3:$G$500<>"Did not pass re-test"))*IFERROR('Rework Log'!$I$3:$I$500*1,0)))=0," - unclaimed"," - promised "&TEXT(SUMPRODUCT(MAX(((TRIM('Rework Log'!$A$3:$A$500)=TRIM($B12))*('Rework Log'!$G$3:$G$500<>"Yes")*('Rework Log'!$G$3:$G$500<>"Did not pass re-test"))*IFERROR('Rework Log'!$I$3:$I$500*1,0))),"m/d")))),IF(TRIM(C12)="NOT STARTED",IF(K12="","No plan date set",IF(K12<TODAY(),"Review - planned start passed","On track")),IF(TRIM(C12)="DB Dev",IF(M12="","No target set",IF(AND(M12<TODAY(),O12=""),"Overdue","On track")),IF(TRIM(C12)="PBI Dev",IF(P12="","No target set",IF(AND(P12<TODAY(),R12=""),"Overdue","On track")),IF(TRIM(C12)="QA",IF(S12="","No target set",IF(AND(S12<TODAY(),U12=""),"Overdue","On track")),IF(TRIM(C12)="DPO Approval",IF(V12="","No target set",IF(V12<TODAY(),"Overdue","On track")),IF(TRIM(C12)="RELEASED IN PROD","Delivered","")))))))) -> Delivered | E12: 11 | G12: Sreevarsha | H12: Navya | I12: Preety | K12: 46173 | L12: May | P12: 46141 | R12: 46141 | S12: 46141 | U12: 46141 | X12: Kelvin Hu | Y12: Yes | Z12: 46141 | AA12: https://app.powerbi.com/groups/me/apps/61b18507-2848-49b9-aacc-32c49ffe1e0b/reports/a44e7124-b1d0-4a09-a5d1-157e2043ba8e/ea184ec020032ecbdd43?ctid=f98a6a53-25f3-4212-901c-c7787fcd3495&experience=power-bi | AB12: https://app.powerbi.com/groups/me/apps/93d01997-58e0-48d8-bcca-ad8377094e64/reports/6d6fe558-e5d6-4a4b-b6fb-8a5f8735d1df/ea184ec020032ecbdd43?experience=power-bi | AC12: No | AD12: =IF($B12="","",IF(AND(LEFT($AC12,3)="Yes",SUMPRODUCT((TRIM('Rework Log'!$A$3:$A$500)=TRIM($B12))*('Rework Log'!$G$3:$G$500<>"Yes")*('Rework Log'!$G$3:$G$500<>"Did not pass re-test"))=0),"Blocked - log it on Rework Log",IF(AND(LEFT($AC12,3)<>"Yes",SUMPRODUCT((TRIM('Rework Log'!$A$3:$A$500)=TRIM($B12))*('Rework Log'!$G$3:$G$500<>"Yes")*('Rework Log'!$G$3:$G$500<>"Did not pass re-test"))>0),"Open rework row - mark Blocked? or close it",IF(AND(LEFT($AC12,3)<>"Yes",SUMPRODUCT((TRIM('Rework Log'!$A$3:$A$500)=TRIM($B12))*('Rework Log'!$G$3:$G$500<>"Yes")*('Rework Log'!$G$3:$G$500<>"Did not pass re-test"))=0,COUNTIF('Rework Log'!$A$3:$A$500,$B12)>0,IFERROR(INDEX('Rework Log'!$G:$G,SUMPRODUCT(MAX((TRIM('Rework Log'!$A$3:$A$500)=TRIM($B12))*ROW('Rework Log'!$A$3:$A$500)))),"")="Did not pass re-test"),"Last fix rejected - re-block or log next attempt",IF(AND(LEFT($AC12,3)="Yes",ISNUMBER(SEARCH("needs DB Dev",$AC12)),O12<>"",SUMPRODUCT(MAX(((TRIM('Rework Log'!$A$3:$A$500)=TRIM($B12))*('Rework Log'!$G$3:$G$500<>"Yes")*('Rework Log'!$G$3:$G$500<>"Did not pass re-test"))*IFERROR('Rework Log'!$I$3:$I$500*1,0)))>0),"Move old DB Dev completion date to Rework Log (col H)",IF(AND(LEFT($AC12,3)="Yes",ISNUMBER(SEARCH("needs PBI Dev",$AC12)),R12<>"",SUMPRODUCT(MAX(((TRIM('Rework Log'!$A$3:$A$500)=TRIM($B12))*('Rework Log'!$G$3:$G$500<>"Yes")*('Rework Log'!$G$3:$G$500<>"Did not pass re-test"))*IFERROR('Rework Log'!$I$3:$I$500*1,0)))>0),"Move old PBI Dev completion date to Rework Log (col H)",IF(AND(LEFT($AC12,3)="Yes",ISNUMBER(SEARCH("needs QA",$AC12)),U12<>"",SUMPRODUCT(MAX(((TRIM('Rework Log'!$A$3:$A$500)=TRIM($B12))*('Rework Log'!$G$3:$G$500<>"Yes")*('Rework Log'!$G$3:$G$500<>"Did not pass re-test"))*IFERROR('Rework Log'!$I$3:$I$500*1,0)))>0),"Move old QA completion date to Rework Log (col H)",IF(AND(LEFT($AC12,3)="Yes",ISNUMBER(SEARCH("needs DB Dev",$AC12)),TRIM(C12)<>"DB Dev"),"Set Current Status back to DB Dev",IF(AND(LEFT($AC12,3)="Yes",ISNUMBER(SEARCH("needs PBI Dev",$AC12)),TRIM(C12)<>"PBI Dev"),"Set Current Status back to PBI Dev",IF(AND(LEFT($AC12,3)="Yes",ISNUMBER(SEARCH("needs QA",$AC12)),TRIM(C12)<>"QA"),"Set Current Status back to QA",IF(COUNTIF($B$2:$B$500,$B12)>1,"Duplicate name - check row",IF(AND(TRIM(C12)="RELEASED IN PROD",Y12<>"Yes"),"Released but Confirmed Deployed? is not Yes",IF(COUNTIF('Rework Log'!$A$3:$A$500,$B12)>0,"",IF(AND(S12<>"",M12<>"",S12<M12),"QA target is before DB Dev target",IF(AND(S12<>"",P12<>"",S12<P12),"QA target is before PBI Dev target",IF(AND(V12<>"",S12<>"",V12<S12),"DPO Approval target is before QA target",IF(AND(Z12<>"",V12<>"",Z12<V12),"Confirmed Deployed date is before DPO Approval target",""))))))))))))))))) | AE12: 05/05- defect raised https://jira.prod.nationalgrid.com/browse/GDMP-2230
A13: Leaks | B13: RPT_04_School Zone Leaks Without Repair | C13: RELEASED IN PROD | D13: =IF($B13="","",IF(LEFT($AC13,3)="Yes",IF(LEN($AC13)>5,"Blocked - "&MID($AC13,7,100),"Blocked")&IF(SUMPRODUCT((TRIM('Rework Log'!$A$3:$A$500)=TRIM($B13))*('Rework Log'!$G$3:$G$500<>"Yes")*('Rework Log'!$G$3:$G$500<>"Did not pass re-test"))=0,"",IF(SUMPRODUCT(((TRIM('Rework Log'!$A$3:$A$500)=TRIM($B13))*('Rework Log'!$G$3:$G$500<>"Yes")*('Rework Log'!$G$3:$G$500<>"Did not pass re-test"))*ISNUMBER('Rework Log'!$J$3:$J$500))>0," - fixed, awaiting re-test",IF(SUMPRODUCT(MAX(((TRIM('Rework Log'!$A$3:$A$500)=TRIM($B13))*('Rework Log'!$G$3:$G$500<>"Yes")*('Rework Log'!$G$3:$G$500<>"Did not pass re-test"))*IFERROR('Rework Log'!$I$3:$I$500*1,0)))=0," - unclaimed"," - promised "&TEXT(SUMPRODUCT(MAX(((TRIM('Rework Log'!$A$3:$A$500)=TRIM($B13))*('Rework Log'!$G$3:$G$500<>"Yes")*('Rework Log'!$G$3:$G$500<>"Did not pass re-test"))*IFERROR('Rework Log'!$I$3:$I$500*1,0))),"m/d")))),IF(TRIM(C13)="NOT STARTED",IF(K13="","No plan date set",IF(K13<TODAY(),"Review - planned start passed","On track")),IF(TRIM(C13)="DB Dev",IF(M13="","No target set",IF(AND(M13<TODAY(),O13=""),"Overdue","On track")),IF(TRIM(C13)="PBI Dev",IF(P13="","No target set",IF(AND(P13<TODAY(),R13=""),"Overdue","On track")),IF(TRIM(C13)="QA",IF(S13="","No target set",IF(AND(S13<TODAY(),U13=""),"Overdue","On track")),IF(TRIM(C13)="DPO Approval",IF(V13="","No target set",IF(V13<TODAY(),"Overdue","On track")),IF(TRIM(C13)="RELEASED IN PROD","Delivered","")))))))) -> Delivered | E13: 12 | G13: Sreevarsha | H13: Sarath | I13: Preety | K13: 46173 | L13: May | P13: 46161 | R13: 46161 | S13: 46161 | U13: 46161 | X13: Kelvin Hu | Y13: Yes | Z13: 46161 | AA13: https://app.powerbi.com/groups/me/apps/eedba83d-be9a-45f9-9504-7bfa41e6051a/reports/0f3b2c1d-09ad-45db-9786-31e8c9401bc4/ReportSectionda782bb6769340acca9d?experience=power-bi | AB13: https://app.powerbi.com/groups/me/apps/2c7180b1-0d3d-45be-979e-f7dc86b3557d/reports/5e101b4d-8b08-431a-8b3a-04aafc85f314/ReportSection1e63b8fbeb9ea54074e1?experience=power-bi | AC13: No | AD13: =IF($B13="","",IF(AND(LEFT($AC13,3)="Yes",SUMPRODUCT((TRIM('Rework Log'!$A$3:$A$500)=TRIM($B13))*('Rework Log'!$G$3:$G$500<>"Yes")*('Rework Log'!$G$3:$G$500<>"Did not pass re-test"))=0),"Blocked - log it on Rework Log",IF(AND(LEFT($AC13,3)<>"Yes",SUMPRODUCT((TRIM('Rework Log'!$A$3:$A$500)=TRIM($B13))*('Rework Log'!$G$3:$G$500<>"Yes")*('Rework Log'!$G$3:$G$500<>"Did not pass re-test"))>0),"Open rework row - mark Blocked? or close it",IF(AND(LEFT($AC13,3)<>"Yes",SUMPRODUCT((TRIM('Rework Log'!$A$3:$A$500)=TRIM($B13))*('Rework Log'!$G$3:$G$500<>"Yes")*('Rework Log'!$G$3:$G$500<>"Did not pass re-test"))=0,COUNTIF('Rework Log'!$A$3:$A$500,$B13)>0,IFERROR(INDEX('Rework Log'!$G:$G,SUMPRODUCT(MAX((TRIM('Rework Log'!$A$3:$A$500)=TRIM($B13))*ROW('Rework Log'!$A$3:$A$500)))),"")="Did not pass re-test"),"Last fix rejected - re-block or log next attempt",IF(AND(LEFT($AC13,3)="Yes",ISNUMBER(SEARCH("needs DB Dev",$AC13)),O13<>"",SUMPRODUCT(MAX(((TRIM('Rework Log'!$A$3:$A$500)=TRIM($B13))*('Rework Log'!$G$3:$G$500<>"Yes")*('Rework Log'!$G$3:$G$500<>"Did not pass re-test"))*IFERROR('Rework Log'!$I$3:$I$500*1,0)))>0),"Move old DB Dev completion date to Rework Log (col H)",IF(AND(LEFT($AC13,3)="Yes",ISNUMBER(SEARCH("needs PBI Dev",$AC13)),R13<>"",SUMPRODUCT(MAX(((TRIM('Rework Log'!$A$3:$A$500)=TRIM($B13))*('Rework Log'!$G$3:$G$500<>"Yes")*('Rework Log'!$G$3:$G$500<>"Did not pass re-test"))*IFERROR('Rework Log'!$I$3:$I$500*1,0)))>0),"Move old PBI Dev completion date to Rework Log (col H)",IF(AND(LEFT($AC13,3)="Yes",ISNUMBER(SEARCH("needs QA",$AC13)),U13<>"",SUMPRODUCT(MAX(((TRIM('Rework Log'!$A$3:$A$500)=TRIM($B13))*('Rework Log'!$G$3:$G$500<>"Yes")*('Rework Log'!$G$3:$G$500<>"Did not pass re-test"))*IFERROR('Rework Log'!$I$3:$I$500*1,0)))>0),"Move old QA completion date to Rework Log (col H)",IF(AND(LEFT($AC13,3)="Yes",ISNUMBER(SEARCH("needs DB Dev",$AC13)),TRIM(C13)<>"DB Dev"),"Set Current Status back to DB Dev",IF(AND(LEFT($AC13,3)="Yes",ISNUMBER(SEARCH("needs PBI Dev",$AC13)),TRIM(C13)<>"PBI Dev"),"Set Current Status back to PBI Dev",IF(AND(LEFT($AC13,3)="Yes",ISNUMBER(SEARCH("needs QA",$AC13)),TRIM(C13)<>"QA"),"Set Current Status back to QA",IF(COUNTIF($B$2:$B$500,$B13)>1,"Duplicate name - check row",IF(AND(TRIM(C13)="RELEASED IN PROD",Y13<>"Yes"),"Released but Confirmed Deployed? is not Yes",IF(COUNTIF('Rework Log'!$A$3:$A$500,$B13)>0,"",IF(AND(S13<>"",M13<>"",S13<M13),"QA target is before DB Dev target",IF(AND(S13<>"",P13<>"",S13<P13),"QA target is before PBI Dev target",IF(AND(V13<>"",S13<>"",V13<S13),"DPO Approval target is before QA target",IF(AND(Z13<>"",V13<>"",Z13<V13),"Confirmed Deployed date is before DPO Approval target","")))))))))))))))))
A14: Leaks | B14: RPT_04_PSC Quarterly Leak | C14: RELEASED IN PROD | D14: =IF($B14="","",IF(LEFT($AC14,3)="Yes",IF(LEN($AC14)>5,"Blocked - "&MID($AC14,7,100),"Blocked")&IF(SUMPRODUCT((TRIM('Rework Log'!$A$3:$A$500)=TRIM($B14))*('Rework Log'!$G$3:$G$500<>"Yes")*('Rework Log'!$G$3:$G$500<>"Did not pass re-test"))=0,"",IF(SUMPRODUCT(((TRIM('Rework Log'!$A$3:$A$500)=TRIM($B14))*('Rework Log'!$G$3:$G$500<>"Yes")*('Rework Log'!$G$3:$G$500<>"Did not pass re-test"))*ISNUMBER('Rework Log'!$J$3:$J$500))>0," - fixed, awaiting re-test",IF(SUMPRODUCT(MAX(((TRIM('Rework Log'!$A$3:$A$500)=TRIM($B14))*('Rework Log'!$G$3:$G$500<>"Yes")*('Rework Log'!$G$3:$G$500<>"Did not pass re-test"))*IFERROR('Rework Log'!$I$3:$I$500*1,0)))=0," - unclaimed"," - promised "&TEXT(SUMPRODUCT(MAX(((TRIM('Rework Log'!$A$3:$A$500)=TRIM($B14))*('Rework Log'!$G$3:$G$500<>"Yes")*('Rework Log'!$G$3:$G$500<>"Did not pass re-test"))*IFERROR('Rework Log'!$I$3:$I$500*1,0))),"m/d")))),IF(TRIM(C14)="NOT STARTED",IF(K14="","No plan date set",IF(K14<TODAY(),"Review - planned start passed","On track")),IF(TRIM(C14)="DB Dev",IF(M14="","No target set",IF(AND(M14<TODAY(),O14=""),"Overdue","On track")),IF(TRIM(C14)="PBI Dev",IF(P14="","No target set",IF(AND(P14<TODAY(),R14=""),"Overdue","On track")),IF(TRIM(C14)="QA",IF(S14="","No target set",IF(AND(S14<TODAY(),U14=""),"Overdue","On track")),IF(TRIM(C14)="DPO Approval",IF(V14="","No target set",IF(V14<TODAY(),"Overdue","On track")),IF(TRIM(C14)="RELEASED IN PROD","Delivered","")))))))) -> Delivered | E14: 13 | G14: Geetha | H14: Sarath | I14: Kelvin | K14: 46173 | L14: May | P14: 46175 | R14: 46175 | S14: 46175 | U14: 46175 | V14: 46184 | X14: Kelvin Hu | Y14: Yes | Z14: 46184 | AB14: https://app.powerbi.com/groups/me/apps/93d01997-58e0-48d8-bcca-ad8377094e64/reports/bda83ba5-3e9d-4f8d-9496-bf14e91f7b20/ccfe9e7f0a40d49acb85?ctid=f98a6a53-25f3-4212-901c-c7787fcd3495&experience=power-bi | AC14: No | AD14: =IF($B14="","",IF(AND(LEFT($AC14,3)="Yes",SUMPRODUCT((TRIM('Rework Log'!$A$3:$A$500)=TRIM($B14))*('Rework Log'!$G$3:$G$500<>"Yes")*('Rework Log'!$G$3:$G$500<>"Did not pass re-test"))=0),"Blocked - log it on Rework Log",IF(AND(LEFT($AC14,3)<>"Yes",SUMPRODUCT((TRIM('Rework Log'!$A$3:$A$500)=TRIM($B14))*('Rework Log'!$G$3:$G$500<>"Yes")*('Rework Log'!$G$3:$G$500<>"Did not pass re-test"))>0),"Open rework row - mark Blocked? or close it",IF(AND(LEFT($AC14,3)<>"Yes",SUMPRODUCT((TRIM('Rework Log'!$A$3:$A$500)=TRIM($B14))*('Rework Log'!$G$3:$G$500<>"Yes")*('Rework Log'!$G$3:$G$500<>"Did not pass re-test"))=0,COUNTIF('Rework Log'!$A$3:$A$500,$B14)>0,IFERROR(INDEX('Rework Log'!$G:$G,SUMPRODUCT(MAX((TRIM('Rework Log'!$A$3:$A$500)=TRIM($B14))*ROW('Rework Log'!$A$3:$A$500)))),"")="Did not pass re-test"),"Last fix rejected - re-block or log next attempt",IF(AND(LEFT($AC14,3)="Yes",ISNUMBER(SEARCH("needs DB Dev",$AC14)),O14<>"",SUMPRODUCT(MAX(((TRIM('Rework Log'!$A$3:$A$500)=TRIM($B14))*('Rework Log'!$G$3:$G$500<>"Yes")*('Rework Log'!$G$3:$G$500<>"Did not pass re-test"))*IFERROR('Rework Log'!$I$3:$I$500*1,0)))>0),"Move old DB Dev completion date to Rework Log (col H)",IF(AND(LEFT($AC14,3)="Yes",ISNUMBER(SEARCH("needs PBI Dev",$AC14)),R14<>"",SUMPRODUCT(MAX(((TRIM('Rework Log'!$A$3:$A$500)=TRIM($B14))*('Rework Log'!$G$3:$G$500<>"Yes")*('Rework Log'!$G$3:$G$500<>"Did not pass re-test"))*IFERROR('Rework Log'!$I$3:$I$500*1,0)))>0),"Move old PBI Dev completion date to Rework Log (col H)",IF(AND(LEFT($AC14,3)="Yes",ISNUMBER(SEARCH("needs QA",$AC14)),U14<>"",SUMPRODUCT(MAX(((TRIM('Rework Log'!$A$3:$A$500)=TRIM($B14))*('Rework Log'!$G$3:$G$500<>"Yes")*('Rework Log'!$G$3:$G$500<>"Did not pass re-test"))*IFERROR('Rework Log'!$I$3:$I$500*1,0)))>0),"Move old QA completion date to Rework Log (col H)",IF(AND(LEFT($AC14,3)="Yes",ISNUMBER(SEARCH("needs DB Dev",$AC14)),TRIM(C14)<>"DB Dev"),"Set Current Status back to DB Dev",IF(AND(LEFT($AC14,3)="Yes",ISNUMBER(SEARCH("needs PBI Dev",$AC14)),TRIM(C14)<>"PBI Dev"),"Set Current Status back to PBI Dev",IF(AND(LEFT($AC14,3)="Yes",ISNUMBER(SEARCH("needs QA",$AC14)),TRIM(C14)<>"QA"),"Set Current Status back to QA",IF(COUNTIF($B$2:$B$500,$B14)>1,"Duplicate name - check row",IF(AND(TRIM(C14)="RELEASED IN PROD",Y14<>"Yes"),"Released but Confirmed Deployed? is not Yes",IF(COUNTIF('Rework Log'!$A$3:$A$500,$B14)>0,"",IF(AND(S14<>"",M14<>"",S14<M14),"QA target is before DB Dev target",IF(AND(S14<>"",P14<>"",S14<P14),"QA target is before PBI Dev target",IF(AND(V14<>"",S14<>"",V14<S14),"DPO Approval target is before QA target",IF(AND(Z14<>"",V14<>"",Z14<V14),"Confirmed Deployed date is before DPO Approval target","")))))))))))))))))
A15: Leaks | B15: RPT_04_Rechecks Completed less than 14 days | C15: RELEASED IN PROD | D15: =IF($B15="","",IF(LEFT($AC15,3)="Yes",IF(LEN($AC15)>5,"Blocked - "&MID($AC15,7,100),"Blocked")&IF(SUMPRODUCT((TRIM('Rework Log'!$A$3:$A$500)=TRIM($B15))*('Rework Log'!$G$3:$G$500<>"Yes")*('Rework Log'!$G$3:$G$500<>"Did not pass re-test"))=0,"",IF(SUMPRODUCT(((TRIM('Rework Log'!$A$3:$A$500)=TRIM($B15))*('Rework Log'!$G$3:$G$500<>"Yes")*('Rework Log'!$G$3:$G$500<>"Did not pass re-test"))*ISNUMBER('Rework Log'!$J$3:$J$500))>0," - fixed, awaiting re-test",IF(SUMPRODUCT(MAX(((TRIM('Rework Log'!$A$3:$A$500)=TRIM($B15))*('Rework Log'!$G$3:$G$500<>"Yes")*('Rework Log'!$G$3:$G$500<>"Did not pass re-test"))*IFERROR('Rework Log'!$I$3:$I$500*1,0)))=0," - unclaimed"," - promised "&TEXT(SUMPRODUCT(MAX(((TRIM('Rework Log'!$A$3:$A$500)=TRIM($B15))*('Rework Log'!$G$3:$G$500<>"Yes")*('Rework Log'!$G$3:$G$500<>"Did not pass re-test"))*IFERROR('Rework Log'!$I$3:$I$500*1,0))),"m/d")))),IF(TRIM(C15)="NOT STARTED",IF(K15="","No plan date set",IF(K15<TODAY(),"Review - planned start passed","On track")),IF(TRIM(C15)="DB Dev",IF(M15="","No target set",IF(AND(M15<TODAY(),O15=""),"Overdue","On track")),IF(TRIM(C15)="PBI Dev",IF(P15="","No target set",IF(AND(P15<TODAY(),R15=""),"Overdue","On track")),IF(TRIM(C15)="QA",IF(S15="","No target set",IF(AND(S15<TODAY(),U15=""),"Overdue","On track")),IF(TRIM(C15)="DPO Approval",IF(V15="","No target set",IF(V15<TODAY(),"Overdue","On track")),IF(TRIM(C15)="RELEASED IN PROD","Delivered","")))))))) -> Delivered | E15: 14 | G15: Rupa | H15: Shraddha | I15: Preety | K15: 46173 | L15: May | P15: 46134 | R15: 46134 | S15: 46134 | U15: 46134 | X15: Kelvin Hu | Y15: Yes | Z15: 46134 | AA15: https://app.powerbi.com/groups/me/apps/7767030c-f4c8-4488-b3cb-36a860cb6ff2/reports/de1ad11f-021b-4cc1-b465-67efd542031c/3122b8024291693794eb?ctid=f98a6a53-25f3-4212-901c-c7787fcd3495&experience=power-bi | AB15: https://app.powerbi.com/groups/me/apps/5b29b0dd-a398-4801-84ce-f3a7d8435827/reports/0e063b20-0b38-4000-b436-fcbec11daa46/3122b8024291693794eb?experience=power-bi | AC15: No | AD15: =IF($B15="","",IF(AND(LEFT($AC15,3)="Yes",SUMPRODUCT((TRIM('Rework Log'!$A$3:$A$500)=TRIM($B15))*('Rework Log'!$G$3:$G$500<>"Yes")*('Rework Log'!$G$3:$G$500<>"Did not pass re-test"))=0),"Blocked - log it on Rework Log",IF(AND(LEFT($AC15,3)<>"Yes",SUMPRODUCT((TRIM('Rework Log'!$A$3:$A$500)=TRIM($B15))*('Rework Log'!$G$3:$G$500<>"Yes")*('Rework Log'!$G$3:$G$500<>"Did not pass re-test"))>0),"Open rework row - mark Blocked? or close it",IF(AND(LEFT($AC15,3)<>"Yes",SUMPRODUCT((TRIM('Rework Log'!$A$3:$A$500)=TRIM($B15))*('Rework Log'!$G$3:$G$500<>"Yes")*('Rework Log'!$G$3:$G$500<>"Did not pass re-test"))=0,COUNTIF('Rework Log'!$A$3:$A$500,$B15)>0,IFERROR(INDEX('Rework Log'!$G:$G,SUMPRODUCT(MAX((TRIM('Rework Log'!$A$3:$A$500)=TRIM($B15))*ROW('Rework Log'!$A$3:$A$500)))),"")="Did not pass re-test"),"Last fix rejected - re-block or log next attempt",IF(AND(LEFT($AC15,3)="Yes",ISNUMBER(SEARCH("needs DB Dev",$AC15)),O15<>"",SUMPRODUCT(MAX(((TRIM('Rework Log'!$A$3:$A$500)=TRIM($B15))*('Rework Log'!$G$3:$G$500<>"Yes")*('Rework Log'!$G$3:$G$500<>"Did not pass re-test"))*IFERROR('Rework Log'!$I$3:$I$500*1,0)))>0),"Move old DB Dev completion date to Rework Log (col H)",IF(AND(LEFT($AC15,3)="Yes",ISNUMBER(SEARCH("needs PBI Dev",$AC15)),R15<>"",SUMPRODUCT(MAX(((TRIM('Rework Log'!$A$3:$A$500)=TRIM($B15))*('Rework Log'!$G$3:$G$500<>"Yes")*('Rework Log'!$G$3:$G$500<>"Did not pass re-test"))*IFERROR('Rework Log'!$I$3:$I$500*1,0)))>0),"Move old PBI Dev completion date to Rework Log (col H)",IF(AND(LEFT($AC15,3)="Yes",ISNUMBER(SEARCH("needs QA",$AC15)),U15<>"",SUMPRODUCT(MAX(((TRIM('Rework Log'!$A$3:$A$500)=TRIM($B15))*('Rework Log'!$G$3:$G$500<>"Yes")*('Rework Log'!$G$3:$G$500<>"Did not pass re-test"))*IFERROR('Rework Log'!$I$3:$I$500*1,0)))>0),"Move old QA completion date to Rework Log (col H)",IF(AND(LEFT($AC15,3)="Yes",ISNUMBER(SEARCH("needs DB Dev",$AC15)),TRIM(C15)<>"DB Dev"),"Set Current Status back to DB Dev",IF(AND(LEFT($AC15,3)="Yes",ISNUMBER(SEARCH("needs PBI Dev",$AC15)),TRIM(C15)<>"PBI Dev"),"Set Current Status back to PBI Dev",IF(AND(LEFT($AC15,3)="Yes",ISNUMBER(SEARCH("needs QA",$AC15)),TRIM(C15)<>"QA"),"Set Current Status back to QA",IF(COUNTIF($B$2:$B$500,$B15)>1,"Duplicate name - check row",IF(AND(TRIM(C15)="RELEASED IN PROD",Y15<>"Yes"),"Released but Confirmed Deployed? is not Yes",IF(COUNTIF('Rework Log'!$A$3:$A$500,$B15)>0,"",IF(AND(S15<>"",M15<>"",S15<M15),"QA target is before DB Dev target",IF(AND(S15<>"",P15<>"",S15<P15),"QA target is before PBI Dev target",IF(AND(V15<>"",S15<>"",V15<S15),"DPO Approval target is before QA target",IF(AND(Z15<>"",V15<>"",Z15<V15),"Confirmed Deployed date is before DPO Approval target","")))))))))))))))))
A16: Leaks | B16: RPT_04_SEI Leak Activity | C16: RELEASED IN PROD | D16: =IF($B16="","",IF(LEFT($AC16,3)="Yes",IF(LEN($AC16)>5,"Blocked - "&MID($AC16,7,100),"Blocked")&IF(SUMPRODUCT((TRIM('Rework Log'!$A$3:$A$500)=TRIM($B16))*('Rework Log'!$G$3:$G$500<>"Yes")*('Rework Log'!$G$3:$G$500<>"Did not pass re-test"))=0,"",IF(SUMPRODUCT(((TRIM('Rework Log'!$A$3:$A$500)=TRIM($B16))*('Rework Log'!$G$3:$G$500<>"Yes")*('Rework Log'!$G$3:$G$500<>"Did not pass re-test"))*ISNUMBER('Rework Log'!$J$3:$J$500))>0," - fixed, awaiting re-test",IF(SUMPRODUCT(MAX(((TRIM('Rework Log'!$A$3:$A$500)=TRIM($B16))*('Rework Log'!$G$3:$G$500<>"Yes")*('Rework Log'!$G$3:$G$500<>"Did not pass re-test"))*IFERROR('Rework Log'!$I$3:$I$500*1,0)))=0," - unclaimed"," - promised "&TEXT(SUMPRODUCT(MAX(((TRIM('Rework Log'!$A$3:$A$500)=TRIM($B16))*('Rework Log'!$G$3:$G$500<>"Yes")*('Rework Log'!$G$3:$G$500<>"Did not pass re-test"))*IFERROR('Rework Log'!$I$3:$I$500*1,0))),"m/d")))),IF(TRIM(C16)="NOT STARTED",IF(K16="","No plan date set",IF(K16<TODAY(),"Review - planned start passed","On track")),IF(TRIM(C16)="DB Dev",IF(M16="","No target set",IF(AND(M16<TODAY(),O16=""),"Overdue","On track")),IF(TRIM(C16)="PBI Dev",IF(P16="","No target set",IF(AND(P16<TODAY(),R16=""),"Overdue","On track")),IF(TRIM(C16)="QA",IF(S16="","No target set",IF(AND(S16<TODAY(),U16=""),"Overdue","On track")),IF(TRIM(C16)="DPO Approval",IF(V16="","No target set",IF(V16<TODAY(),"Overdue","On track")),IF(TRIM(C16)="RELEASED IN PROD","Delivered","")))))))) -> Delivered | E16: 15 | G16: Siva | H16: Shraddha | I16: Preety | K16: 46173 | L16: May | P16: 46139 | R16: 46139 | S16: 46139 | U16: 46139 | X16: Kelvin Hu | Y16: Yes | Z16: 46139 | AA16: https://app.powerbi.com/groups/me/apps/7767030c-f4c8-4488-b3cb-36a860cb6ff2/reports/c76693f4-bab2-46a1-ab2a-16752d7664fd/ea184ec020032ecbdd43?experience=power-bi | AB16: https://app.powerbi.com/groups/me/apps/5b29b0dd-a398-4801-84ce-f3a7d8435827/reports/9d9f5721-feb1-4ed3-91fd-18bc33ef38f1/ea184ec020032ecbdd43?experience=power-bi | AC16: No | AD16: =IF($B16="","",IF(AND(LEFT($AC16,3)="Yes",SUMPRODUCT((TRIM('Rework Log'!$A$3:$A$500)=TRIM($B16))*('Rework Log'!$G$3:$G$500<>"Yes")*('Rework Log'!$G$3:$G$500<>"Did not pass re-test"))=0),"Blocked - log it on Rework Log",IF(AND(LEFT($AC16,3)<>"Yes",SUMPRODUCT((TRIM('Rework Log'!$A$3:$A$500)=TRIM($B16))*('Rework Log'!$G$3:$G$500<>"Yes")*('Rework Log'!$G$3:$G$500<>"Did not pass re-test"))>0),"Open rework row - mark Blocked? or close it",IF(AND(LEFT($AC16,3)<>"Yes",SUMPRODUCT((TRIM('Rework Log'!$A$3:$A$500)=TRIM($B16))*('Rework Log'!$G$3:$G$500<>"Yes")*('Rework Log'!$G$3:$G$500<>"Did not pass re-test"))=0,COUNTIF('Rework Log'!$A$3:$A$500,$B16)>0,IFERROR(INDEX('Rework Log'!$G:$G,SUMPRODUCT(MAX((TRIM('Rework Log'!$A$3:$A$500)=TRIM($B16))*ROW('Rework Log'!$A$3:$A$500)))),"")="Did not pass re-test"),"Last fix rejected - re-block or log next attempt",IF(AND(LEFT($AC16,3)="Yes",ISNUMBER(SEARCH("needs DB Dev",$AC16)),O16<>"",SUMPRODUCT(MAX(((TRIM('Rework Log'!$A$3:$A$500)=TRIM($B16))*('Rework Log'!$G$3:$G$500<>"Yes")*('Rework Log'!$G$3:$G$500<>"Did not pass re-test"))*IFERROR('Rework Log'!$I$3:$I$500*1,0)))>0),"Move old DB Dev completion date to Rework Log (col H)",IF(AND(LEFT($AC16,3)="Yes",ISNUMBER(SEARCH("needs PBI Dev",$AC16)),R16<>"",SUMPRODUCT(MAX(((TRIM('Rework Log'!$A$3:$A$500)=TRIM($B16))*('Rework Log'!$G$3:$G$500<>"Yes")*('Rework Log'!$G$3:$G$500<>"Did not pass re-test"))*IFERROR('Rework Log'!$I$3:$I$500*1,0)))>0),"Move old PBI Dev completion date to Rework Log (col H)",IF(AND(LEFT($AC16,3)="Yes",ISNUMBER(SEARCH("needs QA",$AC16)),U16<>"",SUMPRODUCT(MAX(((TRIM('Rework Log'!$A$3:$A$500)=TRIM($B16))*('Rework Log'!$G$3:$G$500<>"Yes")*('Rework Log'!$G$3:$G$500<>"Did not pass re-test"))*IFERROR('Rework Log'!$I$3:$I$500*1,0)))>0),"Move old QA completion date to Rework Log (col H)",IF(AND(LEFT($AC16,3)="Yes",ISNUMBER(SEARCH("needs DB Dev",$AC16)),TRIM(C16)<>"DB Dev"),"Set Current Status back to DB Dev",IF(AND(LEFT($AC16,3)="Yes",ISNUMBER(SEARCH("needs PBI Dev",$AC16)),TRIM(C16)<>"PBI Dev"),"Set Current Status back to PBI Dev",IF(AND(LEFT($AC16,3)="Yes",ISNUMBER(SEARCH("needs QA",$AC16)),TRIM(C16)<>"QA"),"Set Current Status back to QA",IF(COUNTIF($B$2:$B$500,$B16)>1,"Duplicate name - check row",IF(AND(TRIM(C16)="RELEASED IN PROD",Y16<>"Yes"),"Released but Confirmed Deployed? is not Yes",IF(COUNTIF('Rework Log'!$A$3:$A$500,$B16)>0,"",IF(AND(S16<>"",M16<>"",S16<M16),"QA target is before DB Dev target",IF(AND(S16<>"",P16<>"",S16<P16),"QA target is before PBI Dev target",IF(AND(V16<>"",S16<>"",V16<S16),"DPO Approval target is before QA target",IF(AND(Z16<>"",V16<>"",Z16<V16),"Confirmed Deployed date is before DPO Approval target","")))))))))))))))))
A17: Leaks | B17: RPT_04_CMS Leak Productivity | C17: RELEASED IN PROD | D17: =IF($B17="","",IF(LEFT($AC17,3)="Yes",IF(LEN($AC17)>5,"Blocked - "&MID($AC17,7,100),"Blocked")&IF(SUMPRODUCT((TRIM('Rework Log'!$A$3:$A$500)=TRIM($B17))*('Rework Log'!$G$3:$G$500<>"Yes")*('Rework Log'!$G$3:$G$500<>"Did not pass re-test"))=0,"",IF(SUMPRODUCT(((TRIM('Rework Log'!$A$3:$A$500)=TRIM($B17))*('Rework Log'!$G$3:$G$500<>"Yes")*('Rework Log'!$G$3:$G$500<>"Did not pass re-test"))*ISNUMBER('Rework Log'!$J$3:$J$500))>0," - fixed, awaiting re-test",IF(SUMPRODUCT(MAX(((TRIM('Rework Log'!$A$3:$A$500)=TRIM($B17))*('Rework Log'!$G$3:$G$500<>"Yes")*('Rework Log'!$G$3:$G$500<>"Did not pass re-test"))*IFERROR('Rework Log'!$I$3:$I$500*1,0)))=0," - unclaimed"," - promised "&TEXT(SUMPRODUCT(MAX(((TRIM('Rework Log'!$A$3:$A$500)=TRIM($B17))*('Rework Log'!$G$3:$G$500<>"Yes")*('Rework Log'!$G$3:$G$500<>"Did not pass re-test"))*IFERROR('Rework Log'!$I$3:$I$500*1,0))),"m/d")))),IF(TRIM(C17)="NOT STARTED",IF(K17="","No plan date set",IF(K17<TODAY(),"Review - planned start passed","On track")),IF(TRIM(C17)="DB Dev",IF(M17="","No target set",IF(AND(M17<TODAY(),O17=""),"Overdue","On track")),IF(TRIM(C17)="PBI Dev",IF(P17="","No target set",IF(AND(P17<TODAY(),R17=""),"Overdue","On track")),IF(TRIM(C17)="QA",IF(S17="","No target set",IF(AND(S17<TODAY(),U17=""),"Overdue","On track")),IF(TRIM(C17)="DPO Approval",IF(V17="","No target set",IF(V17<TODAY(),"Overdue","On track")),IF(TRIM(C17)="RELEASED IN PROD","Delivered","")))))))) -> Delivered | E17: 16 | G17: Siddu | H17: Navya | I17: Preety | K17: 46173 | L17: May | P17: 46147 | R17: 46147 | S17: 46147 | U17: 46147 | X17: Kelvin Hu | Y17: Yes | Z17: 46147 | AA17: https://app.powerbi.com/groups/me/apps/eedba83d-be9a-45f9-9504-7bfa41e6051a/reports/3440832e-c72e-45f2-b154-f6b1d66314fc/51a6cefeab19522827a6?experience=power-bi | AB17: https://app.powerbi.com/groups/me/apps/2c7180b1-0d3d-45be-979e-f7dc86b3557d/reports/18e31a06-f1af-4965-ad46-5a507f24ed56/51a6cefeab19522827a6?experience=power-bi | AC17: No | AD17: =IF($B17="","",IF(AND(LEFT($AC17,3)="Yes",SUMPRODUCT((TRIM('Rework Log'!$A$3:$A$500)=TRIM($B17))*('Rework Log'!$G$3:$G$500<>"Yes")*('Rework Log'!$G$3:$G$500<>"Did not pass re-test"))=0),"Blocked - log it on Rework Log",IF(AND(LEFT($AC17,3)<>"Yes",SUMPRODUCT((TRIM('Rework Log'!$A$3:$A$500)=TRIM($B17))*('Rework Log'!$G$3:$G$500<>"Yes")*('Rework Log'!$G$3:$G$500<>"Did not pass re-test"))>0),"Open rework row - mark Blocked? or close it",IF(AND(LEFT($AC17,3)<>"Yes",SUMPRODUCT((TRIM('Rework Log'!$A$3:$A$500)=TRIM($B17))*('Rework Log'!$G$3:$G$500<>"Yes")*('Rework Log'!$G$3:$G$500<>"Did not pass re-test"))=0,COUNTIF('Rework Log'!$A$3:$A$500,$B17)>0,IFERROR(INDEX('Rework Log'!$G:$G,SUMPRODUCT(MAX((TRIM('Rework Log'!$A$3:$A$500)=TRIM($B17))*ROW('Rework Log'!$A$3:$A$500)))),"")="Did not pass re-test"),"Last fix rejected - re-block or log next attempt",IF(AND(LEFT($AC17,3)="Yes",ISNUMBER(SEARCH("needs DB Dev",$AC17)),O17<>"",SUMPRODUCT(MAX(((TRIM('Rework Log'!$A$3:$A$500)=TRIM($B17))*('Rework Log'!$G$3:$G$500<>"Yes")*('Rework Log'!$G$3:$G$500<>"Did not pass re-test"))*IFERROR('Rework Log'!$I$3:$I$500*1,0)))>0),"Move old DB Dev completion date to Rework Log (col H)",IF(AND(LEFT($AC17,3)="Yes",ISNUMBER(SEARCH("needs PBI Dev",$AC17)),R17<>"",SUMPRODUCT(MAX(((TRIM('Rework Log'!$A$3:$A$500)=TRIM($B17))*('Rework Log'!$G$3:$G$500<>"Yes")*('Rework Log'!$G$3:$G$500<>"Did not pass re-test"))*IFERROR('Rework Log'!$I$3:$I$500*1,0)))>0),"Move old PBI Dev completion date to Rework Log (col H)",IF(AND(LEFT($AC17,3)="Yes",ISNUMBER(SEARCH("needs QA",$AC17)),U17<>"",SUMPRODUCT(MAX(((TRIM('Rework Log'!$A$3:$A$500)=TRIM($B17))*('Rework Log'!$G$3:$G$500<>"Yes")*('Rework Log'!$G$3:$G$500<>"Did not pass re-test"))*IFERROR('Rework Log'!$I$3:$I$500*1,0)))>0),"Move old QA completion date to Rework Log (col H)",IF(AND(LEFT($AC17,3)="Yes",ISNUMBER(SEARCH("needs DB Dev",$AC17)),TRIM(C17)<>"DB Dev"),"Set Current Status back to DB Dev",IF(AND(LEFT($AC17,3)="Yes",ISNUMBER(SEARCH("needs PBI Dev",$AC17)),TRIM(C17)<>"PBI Dev"),"Set Current Status back to PBI Dev",IF(AND(LEFT($AC17,3)="Yes",ISNUMBER(SEARCH("needs QA",$AC17)),TRIM(C17)<>"QA"),"Set Current Status back to QA",IF(COUNTIF($B$2:$B$500,$B17)>1,"Duplicate name - check row",IF(AND(TRIM(C17)="RELEASED IN PROD",Y17<>"Yes"),"Released but Confirmed Deployed? is not Yes",IF(COUNTIF('Rework Log'!$A$3:$A$500,$B17)>0,"",IF(AND(S17<>"",M17<>"",S17<M17),"QA target is before DB Dev target",IF(AND(S17<>"",P17<>"",S17<P17),"QA target is before PBI Dev target",IF(AND(V17<>"",S17<>"",V17<S17),"DPO Approval target is before QA target",IF(AND(Z17<>"",V17<>"",Z17<V17),"Confirmed Deployed date is before DPO Approval target","")))))))))))))))))
A18: Leaks | B18: RPT_04_Main Break Corrosion and Leak Cluster | C18: RELEASED IN PROD | D18: =IF($B18="","",IF(LEFT($AC18,3)="Yes",IF(LEN($AC18)>5,"Blocked - "&MID($AC18,7,100),"Blocked")&IF(SUMPRODUCT((TRIM('Rework Log'!$A$3:$A$500)=TRIM($B18))*('Rework Log'!$G$3:$G$500<>"Yes")*('Rework Log'!$G$3:$G$500<>"Did not pass re-test"))=0,"",IF(SUMPRODUCT(((TRIM('Rework Log'!$A$3:$A$500)=TRIM($B18))*('Rework Log'!$G$3:$G$500<>"Yes")*('Rework Log'!$G$3:$G$500<>"Did not pass re-test"))*ISNUMBER('Rework Log'!$J$3:$J$500))>0," - fixed, awaiting re-test",IF(SUMPRODUCT(MAX(((TRIM('Rework Log'!$A$3:$A$500)=TRIM($B18))*('Rework Log'!$G$3:$G$500<>"Yes")*('Rework Log'!$G$3:$G$500<>"Did not pass re-test"))*IFERROR('Rework Log'!$I$3:$I$500*1,0)))=0," - unclaimed"," - promised "&TEXT(SUMPRODUCT(MAX(((TRIM('Rework Log'!$A$3:$A$500)=TRIM($B18))*('Rework Log'!$G$3:$G$500<>"Yes")*('Rework Log'!$G$3:$G$500<>"Did not pass re-test"))*IFERROR('Rework Log'!$I$3:$I$500*1,0))),"m/d")))),IF(TRIM(C18)="NOT STARTED",IF(K18="","No plan date set",IF(K18<TODAY(),"Review - planned start passed","On track")),IF(TRIM(C18)="DB Dev",IF(M18="","No target set",IF(AND(M18<TODAY(),O18=""),"Overdue","On track")),IF(TRIM(C18)="PBI Dev",IF(P18="","No target set",IF(AND(P18<TODAY(),R18=""),"Overdue","On track")),IF(TRIM(C18)="QA",IF(S18="","No target set",IF(AND(S18<TODAY(),U18=""),"Overdue","On track")),IF(TRIM(C18)="DPO Approval",IF(V18="","No target set",IF(V18<TODAY(),"Overdue","On track")),IF(TRIM(C18)="RELEASED IN PROD","Delivered","")))))))) -> Delivered | E18: 17 | G18: Siddu | H18: Sarath | I18: Kelvin | K18: 46173 | L18: May | P18: 46175 | R18: 46175 | S18: 46179 | U18: 46179 | X18: Kelvin Hu | Y18: Yes | Z18: 46179 | AA18: https://app.powerbi.com/groups/me/apps/eedba83d-be9a-45f9-9504-7bfa41e6051a/reports/efc0a204-1a7b-4be6-8334-c7582c9093b8/ReportSection81bc1123208781ca563a?experience=power-bi | AC18: No | AD18: =IF($B18="","",IF(AND(LEFT($AC18,3)="Yes",SUMPRODUCT((TRIM('Rework Log'!$A$3:$A$500)=TRIM($B18))*('Rework Log'!$G$3:$G$500<>"Yes")*('Rework Log'!$G$3:$G$500<>"Did not pass re-test"))=0),"Blocked - log it on Rework Log",IF(AND(LEFT($AC18,3)<>"Yes",SUMPRODUCT((TRIM('Rework Log'!$A$3:$A$500)=TRIM($B18))*('Rework Log'!$G$3:$G$500<>"Yes")*('Rework Log'!$G$3:$G$500<>"Did not pass re-test"))>0),"Open rework row - mark Blocked? or close it",IF(AND(LEFT($AC18,3)<>"Yes",SUMPRODUCT((TRIM('Rework Log'!$A$3:$A$500)=TRIM($B18))*('Rework Log'!$G$3:$G$500<>"Yes")*('Rework Log'!$G$3:$G$500<>"Did not pass re-test"))=0,COUNTIF('Rework Log'!$A$3:$A$500,$B18)>0,IFERROR(INDEX('Rework Log'!$G:$G,SUMPRODUCT(MAX((TRIM('Rework Log'!$A$3:$A$500)=TRIM($B18))*ROW('Rework Log'!$A$3:$A$500)))),"")="Did not pass re-test"),"Last fix rejected - re-block or log next attempt",IF(AND(LEFT($AC18,3)="Yes",ISNUMBER(SEARCH("needs DB Dev",$AC18)),O18<>"",SUMPRODUCT(MAX(((TRIM('Rework Log'!$A$3:$A$500)=TRIM($B18))*('Rework Log'!$G$3:$G$500<>"Yes")*('Rework Log'!$G$3:$G$500<>"Did not pass re-test"))*IFERROR('Rework Log'!$I$3:$I$500*1,0)))>0),"Move old DB Dev completion date to Rework Log (col H)",IF(AND(LEFT($AC18,3)="Yes",ISNUMBER(SEARCH("needs PBI Dev",$AC18)),R18<>"",SUMPRODUCT(MAX(((TRIM('Rework Log'!$A$3:$A$500)=TRIM($B18))*('Rework Log'!$G$3:$G$500<>"Yes")*('Rework Log'!$G$3:$G$500<>"Did not pass re-test"))*IFERROR('Rework Log'!$I$3:$I$500*1,0)))>0),"Move old PBI Dev completion date to Rework Log (col H)",IF(AND(LEFT($AC18,3)="Yes",ISNUMBER(SEARCH("needs QA",$AC18)),U18<>"",SUMPRODUCT(MAX(((TRIM('Rework Log'!$A$3:$A$500)=TRIM($B18))*('Rework Log'!$G$3:$G$500<>"Yes")*('Rework Log'!$G$3:$G$500<>"Did not pass re-test"))*IFERROR('Rework Log'!$I$3:$I$500*1,0)))>0),"Move old QA completion date to Rework Log (col H)",IF(AND(LEFT($AC18,3)="Yes",ISNUMBER(SEARCH("needs DB Dev",$AC18)),TRIM(C18)<>"DB Dev"),"Set Current Status back to DB Dev",IF(AND(LEFT($AC18,3)="Yes",ISNUMBER(SEARCH("needs PBI Dev",$AC18)),TRIM(C18)<>"PBI Dev"),"Set Current Status back to PBI Dev",IF(AND(LEFT($AC18,3)="Yes",ISNUMBER(SEARCH("needs QA",$AC18)),TRIM(C18)<>"QA"),"Set Current Status back to QA",IF(COUNTIF($B$2:$B$500,$B18)>1,"Duplicate name - check row",IF(AND(TRIM(C18)="RELEASED IN PROD",Y18<>"Yes"),"Released but Confirmed Deployed? is not Yes",IF(COUNTIF('Rework Log'!$A$3:$A$500,$B18)>0,"",IF(AND(S18<>"",M18<>"",S18<M18),"QA target is before DB Dev target",IF(AND(S18<>"",P18<>"",S18<P18),"QA target is before PBI Dev target",IF(AND(V18<>"",S18<>"",V18<S18),"DPO Approval target is before QA target",IF(AND(Z18<>"",V18<>"",Z18<V18),"Confirmed Deployed date is before DPO Approval target","")))))))))))))))))
A19: Leaks | B19: RPT_04_Leak Summary Status | C19: RELEASED IN PROD | D19: =IF($B19="","",IF(LEFT($AC19,3)="Yes",IF(LEN($AC19)>5,"Blocked - "&MID($AC19,7,100),"Blocked")&IF(SUMPRODUCT((TRIM('Rework Log'!$A$3:$A$500)=TRIM($B19))*('Rework Log'!$G$3:$G$500<>"Yes")*('Rework Log'!$G$3:$G$500<>"Did not pass re-test"))=0,"",IF(SUMPRODUCT(((TRIM('Rework Log'!$A$3:$A$500)=TRIM($B19))*('Rework Log'!$G$3:$G$500<>"Yes")*('Rework Log'!$G$3:$G$500<>"Did not pass re-test"))*ISNUMBER('Rework Log'!$J$3:$J$500))>0," - fixed, awaiting re-test",IF(SUMPRODUCT(MAX(((TRIM('Rework Log'!$A$3:$A$500)=TRIM($B19))*('Rework Log'!$G$3:$G$500<>"Yes")*('Rework Log'!$G$3:$G$500<>"Did not pass re-test"))*IFERROR('Rework Log'!$I$3:$I$500*1,0)))=0," - unclaimed"," - promised "&TEXT(SUMPRODUCT(MAX(((TRIM('Rework Log'!$A$3:$A$500)=TRIM($B19))*('Rework Log'!$G$3:$G$500<>"Yes")*('Rework Log'!$G$3:$G$500<>"Did not pass re-test"))*IFERROR('Rework Log'!$I$3:$I$500*1,0))),"m/d")))),IF(TRIM(C19)="NOT STARTED",IF(K19="","No plan date set",IF(K19<TODAY(),"Review - planned start passed","On track")),IF(TRIM(C19)="DB Dev",IF(M19="","No target set",IF(AND(M19<TODAY(),O19=""),"Overdue","On track")),IF(TRIM(C19)="PBI Dev",IF(P19="","No target set",IF(AND(P19<TODAY(),R19=""),"Overdue","On track")),IF(TRIM(C19)="QA",IF(S19="","No target set",IF(AND(S19<TODAY(),U19=""),"Overdue","On track")),IF(TRIM(C19)="DPO Approval",IF(V19="","No target set",IF(V19<TODAY(),"Overdue","On track")),IF(TRIM(C19)="RELEASED IN PROD","Delivered","")))))))) -> Delivered | E19: 18 | G19: Fetwi | H19: Navya | I19: Kelvin | K19: 46173 | L19: May | P19: 46143 | R19: 46143 | S19: 46175 | U19: 46175 | V19: 46184 | X19: Kelvin Hu | Y19: Yes | Z19: 46184 | AA19: https://app.powerbi.com/groups/me/apps/7767030c-f4c8-4488-b3cb-36a860cb6ff2/reports/184a9cdc-83f5-40b0-940d-d901ad9fb404/ReportSection6d915001f68ea4805272?ctid=f98a6a53-25f3-4212-901c-c7787fcd3495&experience=power-bi | AB19: https://app.powerbi.com/groups/me/apps/5b29b0dd-a398-4801-84ce-f3a7d8435827/reports/f7af2903-2d63-497e-b262-100f5a3b500b/ReportSection6d915001f68ea4805272?ctid=f98a6a53-25f3-4212-901c-c7787fcd3495&experience=power-bi | AC19: No | AD19: =IF($B19="","",IF(AND(LEFT($AC19,3)="Yes",SUMPRODUCT((TRIM('Rework Log'!$A$3:$A$500)=TRIM($B19))*('Rework Log'!$G$3:$G$500<>"Yes")*('Rework Log'!$G$3:$G$500<>"Did not pass re-test"))=0),"Blocked - log it on Rework Log",IF(AND(LEFT($AC19,3)<>"Yes",SUMPRODUCT((TRIM('Rework Log'!$A$3:$A$500)=TRIM($B19))*('Rework Log'!$G$3:$G$500<>"Yes")*('Rework Log'!$G$3:$G$500<>"Did not pass re-test"))>0),"Open rework row - mark Blocked? or close it",IF(AND(LEFT($AC19,3)<>"Yes",SUMPRODUCT((TRIM('Rework Log'!$A$3:$A$500)=TRIM($B19))*('Rework Log'!$G$3:$G$500<>"Yes")*('Rework Log'!$G$3:$G$500<>"Did not pass re-test"))=0,COUNTIF('Rework Log'!$A$3:$A$500,$B19)>0,IFERROR(INDEX('Rework Log'!$G:$G,SUMPRODUCT(MAX((TRIM('Rework Log'!$A$3:$A$500)=TRIM($B19))*ROW('Rework Log'!$A$3:$A$500)))),"")="Did not pass re-test"),"Last fix rejected - re-block or log next attempt",IF(AND(LEFT($AC19,3)="Yes",ISNUMBER(SEARCH("needs DB Dev",$AC19)),O19<>"",SUMPRODUCT(MAX(((TRIM('Rework Log'!$A$3:$A$500)=TRIM($B19))*('Rework Log'!$G$3:$G$500<>"Yes")*('Rework Log'!$G$3:$G$500<>"Did not pass re-test"))*IFERROR('Rework Log'!$I$3:$I$500*1,0)))>0),"Move old DB Dev completion date to Rework Log (col H)",IF(AND(LEFT($AC19,3)="Yes",ISNUMBER(SEARCH("needs PBI Dev",$AC19)),R19<>"",SUMPRODUCT(MAX(((TRIM('Rework Log'!$A$3:$A$500)=TRIM($B19))*('Rework Log'!$G$3:$G$500<>"Yes")*('Rework Log'!$G$3:$G$500<>"Did not pass re-test"))*IFERROR('Rework Log'!$I$3:$I$500*1,0)))>0),"Move old PBI Dev completion date to Rework Log (col H)",IF(AND(LEFT($AC19,3)="Yes",ISNUMBER(SEARCH("needs QA",$AC19)),U19<>"",SUMPRODUCT(MAX(((TRIM('Rework Log'!$A$3:$A$500)=TRIM($B19))*('Rework Log'!$G$3:$G$500<>"Yes")*('Rework Log'!$G$3:$G$500<>"Did not pass re-test"))*IFERROR('Rework Log'!$I$3:$I$500*1,0)))>0),"Move old QA completion date to Rework Log (col H)",IF(AND(LEFT($AC19,3)="Yes",ISNUMBER(SEARCH("needs DB Dev",$AC19)),TRIM(C19)<>"DB Dev"),"Set Current Status back to DB Dev",IF(AND(LEFT($AC19,3)="Yes",ISNUMBER(SEARCH("needs PBI Dev",$AC19)),TRIM(C19)<>"PBI Dev"),"Set Current Status back to PBI Dev",IF(AND(LEFT($AC19,3)="Yes",ISNUMBER(SEARCH("needs QA",$AC19)),TRIM(C19)<>"QA"),"Set Current Status back to QA",IF(COUNTIF($B$2:$B$500,$B19)>1,"Duplicate name - check row",IF(AND(TRIM(C19)="RELEASED IN PROD",Y19<>"Yes"),"Released but Confirmed Deployed? is not Yes",IF(COUNTIF('Rework Log'!$A$3:$A$500,$B19)>0,"",IF(AND(S19<>"",M19<>"",S19<M19),"QA target is before DB Dev target",IF(AND(S19<>"",P19<>"",S19<P19),"QA target is before PBI Dev target",IF(AND(V19<>"",S19<>"",V19<S19),"DPO Approval target is before QA target",IF(AND(Z19<>"",V19<>"",Z19<V19),"Confirmed Deployed date is before DPO Approval target","")))))))))))))))))
A20: Leaks | B20: RPT_04_PSC Leak Printout | C20: RELEASED IN PROD | D20: =IF($B20="","",IF(LEFT($AC20,3)="Yes",IF(LEN($AC20)>5,"Blocked - "&MID($AC20,7,100),"Blocked")&IF(SUMPRODUCT((TRIM('Rework Log'!$A$3:$A$500)=TRIM($B20))*('Rework Log'!$G$3:$G$500<>"Yes")*('Rework Log'!$G$3:$G$500<>"Did not pass re-test"))=0,"",IF(SUMPRODUCT(((TRIM('Rework Log'!$A$3:$A$500)=TRIM($B20))*('Rework Log'!$G$3:$G$500<>"Yes")*('Rework Log'!$G$3:$G$500<>"Did not pass re-test"))*ISNUMBER('Rework Log'!$J$3:$J$500))>0," - fixed, awaiting re-test",IF(SUMPRODUCT(MAX(((TRIM('Rework Log'!$A$3:$A$500)=TRIM($B20))*('Rework Log'!$G$3:$G$500<>"Yes")*('Rework Log'!$G$3:$G$500<>"Did not pass re-test"))*IFERROR('Rework Log'!$I$3:$I$500*1,0)))=0," - unclaimed"," - promised "&TEXT(SUMPRODUCT(MAX(((TRIM('Rework Log'!$A$3:$A$500)=TRIM($B20))*('Rework Log'!$G$3:$G$500<>"Yes")*('Rework Log'!$G$3:$G$500<>"Did not pass re-test"))*IFERROR('Rework Log'!$I$3:$I$500*1,0))),"m/d")))),IF(TRIM(C20)="NOT STARTED",IF(K20="","No plan date set",IF(K20<TODAY(),"Review - planned start passed","On track")),IF(TRIM(C20)="DB Dev",IF(M20="","No target set",IF(AND(M20<TODAY(),O20=""),"Overdue","On track")),IF(TRIM(C20)="PBI Dev",IF(P20="","No target set",IF(AND(P20<TODAY(),R20=""),"Overdue","On track")),IF(TRIM(C20)="QA",IF(S20="","No target set",IF(AND(S20<TODAY(),U20=""),"Overdue","On track")),IF(TRIM(C20)="DPO Approval",IF(V20="","No target set",IF(V20<TODAY(),"Overdue","On track")),IF(TRIM(C20)="RELEASED IN PROD","Delivered","")))))))) -> Delivered | E20: 19 | G20: Fetwi | H20: Shraddha | I20: Preety | K20: 46173 | L20: May | M20: 46175 | O20: 46175 | P20: 46178 | R20: 46178 | S20: 46175 | U20: 46175 | V20: 46192 | X20: Kelvin Hu | Y20: Yes | Z20: 46192 | AA20: https://app.powerbi.com/groups/me/apps/61b18507-2848-49b9-aacc-32c49ffe1e0b/rdlreports/84ee7713-075e-496c-8610-43022c6a55ab?ctid=f98a6a53-25f3-4212-901c-c7787fcd3495&experience=power-bi | AC20: No | AD20: =IF($B20="","",IF(AND(LEFT($AC20,3)="Yes",SUMPRODUCT((TRIM('Rework Log'!$A$3:$A$500)=TRIM($B20))*('Rework Log'!$G$3:$G$500<>"Yes")*('Rework Log'!$G$3:$G$500<>"Did not pass re-test"))=0),"Blocked - log it on Rework Log",IF(AND(LEFT($AC20,3)<>"Yes",SUMPRODUCT((TRIM('Rework Log'!$A$3:$A$500)=TRIM($B20))*('Rework Log'!$G$3:$G$500<>"Yes")*('Rework Log'!$G$3:$G$500<>"Did not pass re-test"))>0),"Open rework row - mark Blocked? or close it",IF(AND(LEFT($AC20,3)<>"Yes",SUMPRODUCT((TRIM('Rework Log'!$A$3:$A$500)=TRIM($B20))*('Rework Log'!$G$3:$G$500<>"Yes")*('Rework Log'!$G$3:$G$500<>"Did not pass re-test"))=0,COUNTIF('Rework Log'!$A$3:$A$500,$B20)>0,IFERROR(INDEX('Rework Log'!$G:$G,SUMPRODUCT(MAX((TRIM('Rework Log'!$A$3:$A$500)=TRIM($B20))*ROW('Rework Log'!$A$3:$A$500)))),"")="Did not pass re-test"),"Last fix rejected - re-block or log next attempt",IF(AND(LEFT($AC20,3)="Yes",ISNUMBER(SEARCH("needs DB Dev",$AC20)),O20<>"",SUMPRODUCT(MAX(((TRIM('Rework Log'!$A$3:$A$500)=TRIM($B20))*('Rework Log'!$G$3:$G$500<>"Yes")*('Rework Log'!$G$3:$G$500<>"Did not pass re-test"))*IFERROR('Rework Log'!$I$3:$I$500*1,0)))>0),"Move old DB Dev completion date to Rework Log (col H)",IF(AND(LEFT($AC20,3)="Yes",ISNUMBER(SEARCH("needs PBI Dev",$AC20)),R20<>"",SUMPRODUCT(MAX(((TRIM('Rework Log'!$A$3:$A$500)=TRIM($B20))*('Rework Log'!$G$3:$G$500<>"Yes")*('Rework Log'!$G$3:$G$500<>"Did not pass re-test"))*IFERROR('Rework Log'!$I$3:$I$500*1,0)))>0),"Move old PBI Dev completion date to Rework Log (col H)",IF(AND(LEFT($AC20,3)="Yes",ISNUMBER(SEARCH("needs QA",$AC20)),U20<>"",SUMPRODUCT(MAX(((TRIM('Rework Log'!$A$3:$A$500)=TRIM($B20))*('Rework Log'!$G$3:$G$500<>"Yes")*('Rework Log'!$G$3:$G$500<>"Did not pass re-test"))*IFERROR('Rework Log'!$I$3:$I$500*1,0)))>0),"Move old QA completion date to Rework Log (col H)",IF(AND(LEFT($AC20,3)="Yes",ISNUMBER(SEARCH("needs DB Dev",$AC20)),TRIM(C20)<>"DB Dev"),"Set Current Status back to DB Dev",IF(AND(LEFT($AC20,3)="Yes",ISNUMBER(SEARCH("needs PBI Dev",$AC20)),TRIM(C20)<>"PBI Dev"),"Set Current Status back to PBI Dev",IF(AND(LEFT($AC20,3)="Yes",ISNUMBER(SEARCH("needs QA",$AC20)),TRIM(C20)<>"QA"),"Set Current Status back to QA",IF(COUNTIF($B$2:$B$500,$B20)>1,"Duplicate name - check row",IF(AND(TRIM(C20)="RELEASED IN PROD",Y20<>"Yes"),"Released but Confirmed Deployed? is not Yes",IF(COUNTIF('Rework Log'!$A$3:$A$500,$B20)>0,"",IF(AND(S20<>"",M20<>"",S20<M20),"QA target is before DB Dev target",IF(AND(S20<>"",P20<>"",S20<P20),"QA target is before PBI Dev target",IF(AND(V20<>"",S20<>"",V20<S20),"DPO Approval target is before QA target",IF(AND(Z20<>"",V20<>"",Z20<V20),"Confirmed Deployed date is before DPO Approval target",""))))))))))))))))) -> QA target is before PBI Dev target | AE20: [Historical, May/June 2026]: Fetwi was investigating a slowness issue in this report.
A21: Leaks | B21: RPT_04_Leak Control Report | C21: RELEASED IN PROD | D21: =IF($B21="","",IF(LEFT($AC21,3)="Yes",IF(LEN($AC21)>5,"Blocked - "&MID($AC21,7,100),"Blocked")&IF(SUMPRODUCT((TRIM('Rework Log'!$A$3:$A$500)=TRIM($B21))*('Rework Log'!$G$3:$G$500<>"Yes")*('Rework Log'!$G$3:$G$500<>"Did not pass re-test"))=0,"",IF(SUMPRODUCT(((TRIM('Rework Log'!$A$3:$A$500)=TRIM($B21))*('Rework Log'!$G$3:$G$500<>"Yes")*('Rework Log'!$G$3:$G$500<>"Did not pass re-test"))*ISNUMBER('Rework Log'!$J$3:$J$500))>0," - fixed, awaiting re-test",IF(SUMPRODUCT(MAX(((TRIM('Rework Log'!$A$3:$A$500)=TRIM($B21))*('Rework Log'!$G$3:$G$500<>"Yes")*('Rework Log'!$G$3:$G$500<>"Did not pass re-test"))*IFERROR('Rework Log'!$I$3:$I$500*1,0)))=0," - unclaimed"," - promised "&TEXT(SUMPRODUCT(MAX(((TRIM('Rework Log'!$A$3:$A$500)=TRIM($B21))*('Rework Log'!$G$3:$G$500<>"Yes")*('Rework Log'!$G$3:$G$500<>"Did not pass re-test"))*IFERROR('Rework Log'!$I$3:$I$500*1,0))),"m/d")))),IF(TRIM(C21)="NOT STARTED",IF(K21="","No plan date set",IF(K21<TODAY(),"Review - planned start passed","On track")),IF(TRIM(C21)="DB Dev",IF(M21="","No target set",IF(AND(M21<TODAY(),O21=""),"Overdue","On track")),IF(TRIM(C21)="PBI Dev",IF(P21="","No target set",IF(AND(P21<TODAY(),R21=""),"Overdue","On track")),IF(TRIM(C21)="QA",IF(S21="","No target set",IF(AND(S21<TODAY(),U21=""),"Overdue","On track")),IF(TRIM(C21)="DPO Approval",IF(V21="","No target set",IF(V21<TODAY(),"Overdue","On track")),IF(TRIM(C21)="RELEASED IN PROD","Delivered","")))))))) -> Delivered | E21: 20 | G21: Geetha | H21: Navya | I21: Preety | K21: 46203 | L21: June | M21: 46148 | O21: 46148 | P21: 46183 | R21: 46183 | S21: 46195 | U21: 46195 | Y21: Yes | Z21: 46195 | AC21: No | AD21: =IF($B21="","",IF(AND(LEFT($AC21,3)="Yes",SUMPRODUCT((TRIM('Rework Log'!$A$3:$A$500)=TRIM($B21))*('Rework Log'!$G$3:$G$500<>"Yes")*('Rework Log'!$G$3:$G$500<>"Did not pass re-test"))=0),"Blocked - log it on Rework Log",IF(AND(LEFT($AC21,3)<>"Yes",SUMPRODUCT((TRIM('Rework Log'!$A$3:$A$500)=TRIM($B21))*('Rework Log'!$G$3:$G$500<>"Yes")*('Rework Log'!$G$3:$G$500<>"Did not pass re-test"))>0),"Open rework row - mark Blocked? or close it",IF(AND(LEFT($AC21,3)<>"Yes",SUMPRODUCT((TRIM('Rework Log'!$A$3:$A$500)=TRIM($B21))*('Rework Log'!$G$3:$G$500<>"Yes")*('Rework Log'!$G$3:$G$500<>"Did not pass re-test"))=0,COUNTIF('Rework Log'!$A$3:$A$500,$B21)>0,IFERROR(INDEX('Rework Log'!$G:$G,SUMPRODUCT(MAX((TRIM('Rework Log'!$A$3:$A$500)=TRIM($B21))*ROW('Rework Log'!$A$3:$A$500)))),"")="Did not pass re-test"),"Last fix rejected - re-block or log next attempt",IF(AND(LEFT($AC21,3)="Yes",ISNUMBER(SEARCH("needs DB Dev",$AC21)),O21<>"",SUMPRODUCT(MAX(((TRIM('Rework Log'!$A$3:$A$500)=TRIM($B21))*('Rework Log'!$G$3:$G$500<>"Yes")*('Rework Log'!$G$3:$G$500<>"Did not pass re-test"))*IFERROR('Rework Log'!$I$3:$I$500*1,0)))>0),"Move old DB Dev completion date to Rework Log (col H)",IF(AND(LEFT($AC21,3)="Yes",ISNUMBER(SEARCH("needs PBI Dev",$AC21)),R21<>"",SUMPRODUCT(MAX(((TRIM('Rework Log'!$A$3:$A$500)=TRIM($B21))*('Rework Log'!$G$3:$G$500<>"Yes")*('Rework Log'!$G$3:$G$500<>"Did not pass re-test"))*IFERROR('Rework Log'!$I$3:$I$500*1,0)))>0),"Move old PBI Dev completion date to Rework Log (col H)",IF(AND(LEFT($AC21,3)="Yes",ISNUMBER(SEARCH("needs QA",$AC21)),U21<>"",SUMPRODUCT(MAX(((TRIM('Rework Log'!$A$3:$A$500)=TRIM($B21))*('Rework Log'!$G$3:$G$500<>"Yes")*('Rework Log'!$G$3:$G$500<>"Did not pass re-test"))*IFERROR('Rework Log'!$I$3:$I$500*1,0)))>0),"Move old QA completion date to Rework Log (col H)",IF(AND(LEFT($AC21,3)="Yes",ISNUMBER(SEARCH("needs DB Dev",$AC21)),TRIM(C21)<>"DB Dev"),"Set Current Status back to DB Dev",IF(AND(LEFT($AC21,3)="Yes",ISNUMBER(SEARCH("needs PBI Dev",$AC21)),TRIM(C21)<>"PBI Dev"),"Set Current Status back to PBI Dev",IF(AND(LEFT($AC21,3)="Yes",ISNUMBER(SEARCH("needs QA",$AC21)),TRIM(C21)<>"QA"),"Set Current Status back to QA",IF(COUNTIF($B$2:$B$500,$B21)>1,"Duplicate name - check row",IF(AND(TRIM(C21)="RELEASED IN PROD",Y21<>"Yes"),"Released but Confirmed Deployed? is not Yes",IF(COUNTIF('Rework Log'!$A$3:$A$500,$B21)>0,"",IF(AND(S21<>"",M21<>"",S21<M21),"QA target is before DB Dev target",IF(AND(S21<>"",P21<>"",S21<P21),"QA target is before PBI Dev target",IF(AND(V21<>"",S21<>"",V21<S21),"DPO Approval target is before QA target",IF(AND(Z21<>"",V21<>"",Z21<V21),"Confirmed Deployed date is before DPO Approval target","")))))))))))))))))
A22: Leaks | B22: RPT_04_Leak Life Cycle | C22: RELEASED IN PROD | D22: =IF($B22="","",IF(LEFT($AC22,3)="Yes",IF(LEN($AC22)>5,"Blocked - "&MID($AC22,7,100),"Blocked")&IF(SUMPRODUCT((TRIM('Rework Log'!$A$3:$A$500)=TRIM($B22))*('Rework Log'!$G$3:$G$500<>"Yes")*('Rework Log'!$G$3:$G$500<>"Did not pass re-test"))=0,"",IF(SUMPRODUCT(((TRIM('Rework Log'!$A$3:$A$500)=TRIM($B22))*('Rework Log'!$G$3:$G$500<>"Yes")*('Rework Log'!$G$3:$G$500<>"Did not pass re-test"))*ISNUMBER('Rework Log'!$J$3:$J$500))>0," - fixed, awaiting re-test",IF(SUMPRODUCT(MAX(((TRIM('Rework Log'!$A$3:$A$500)=TRIM($B22))*('Rework Log'!$G$3:$G$500<>"Yes")*('Rework Log'!$G$3:$G$500<>"Did not pass re-test"))*IFERROR('Rework Log'!$I$3:$I$500*1,0)))=0," - unclaimed"," - promised "&TEXT(SUMPRODUCT(MAX(((TRIM('Rework Log'!$A$3:$A$500)=TRIM($B22))*('Rework Log'!$G$3:$G$500<>"Yes")*('Rework Log'!$G$3:$G$500<>"Did not pass re-test"))*IFERROR('Rework Log'!$I$3:$I$500*1,0))),"m/d")))),IF(TRIM(C22)="NOT STARTED",IF(K22="","No plan date set",IF(K22<TODAY(),"Review - planned start passed","On track")),IF(TRIM(C22)="DB Dev",IF(M22="","No target set",IF(AND(M22<TODAY(),O22=""),"Overdue","On track")),IF(TRIM(C22)="PBI Dev",IF(P22="","No target set",IF(AND(P22<TODAY(),R22=""),"Overdue","On track")),IF(TRIM(C22)="QA",IF(S22="","No target set",IF(AND(S22<TODAY(),U22=""),"Overdue","On track")),IF(TRIM(C22)="DPO Approval",IF(V22="","No target set",IF(V22<TODAY(),"Overdue","On track")),IF(TRIM(C22)="RELEASED IN PROD","Delivered","")))))))) -> Delivered | E22: 21 | G22: Geetha | H22: Shraddha | I22: Preety | K22: 46203 | L22: June | M22: 46162 | O22: 46162 | P22: 46182 | R22: 46182 | S22: 46198 | U22: 46198 | Y22: Yes | Z22: 46198 | AC22: No | AD22: =IF($B22="","",IF(AND(LEFT($AC22,3)="Yes",SUMPRODUCT((TRIM('Rework Log'!$A$3:$A$500)=TRIM($B22))*('Rework Log'!$G$3:$G$500<>"Yes")*('Rework Log'!$G$3:$G$500<>"Did not pass re-test"))=0),"Blocked - log it on Rework Log",IF(AND(LEFT($AC22,3)<>"Yes",SUMPRODUCT((TRIM('Rework Log'!$A$3:$A$500)=TRIM($B22))*('Rework Log'!$G$3:$G$500<>"Yes")*('Rework Log'!$G$3:$G$500<>"Did not pass re-test"))>0),"Open rework row - mark Blocked? or close it",IF(AND(LEFT($AC22,3)<>"Yes",SUMPRODUCT((TRIM('Rework Log'!$A$3:$A$500)=TRIM($B22))*('Rework Log'!$G$3:$G$500<>"Yes")*('Rework Log'!$G$3:$G$500<>"Did not pass re-test"))=0,COUNTIF('Rework Log'!$A$3:$A$500,$B22)>0,IFERROR(INDEX('Rework Log'!$G:$G,SUMPRODUCT(MAX((TRIM('Rework Log'!$A$3:$A$500)=TRIM($B22))*ROW('Rework Log'!$A$3:$A$500)))),"")="Did not pass re-test"),"Last fix rejected - re-block or log next attempt",IF(AND(LEFT($AC22,3)="Yes",ISNUMBER(SEARCH("needs DB Dev",$AC22)),O22<>"",SUMPRODUCT(MAX(((TRIM('Rework Log'!$A$3:$A$500)=TRIM($B22))*('Rework Log'!$G$3:$G$500<>"Yes")*('Rework Log'!$G$3:$G$500<>"Did not pass re-test"))*IFERROR('Rework Log'!$I$3:$I$500*1,0)))>0),"Move old DB Dev completion date to Rework Log (col H)",IF(AND(LEFT($AC22,3)="Yes",ISNUMBER(SEARCH("needs PBI Dev",$AC22)),R22<>"",SUMPRODUCT(MAX(((TRIM('Rework Log'!$A$3:$A$500)=TRIM($B22))*('Rework Log'!$G$3:$G$500<>"Yes")*('Rework Log'!$G$3:$G$500<>"Did not pass re-test"))*IFERROR('Rework Log'!$I$3:$I$500*1,0)))>0),"Move old PBI Dev completion date to Rework Log (col H)",IF(AND(LEFT($AC22,3)="Yes",ISNUMBER(SEARCH("needs QA",$AC22)),U22<>"",SUMPRODUCT(MAX(((TRIM('Rework Log'!$A$3:$A$500)=TRIM($B22))*('Rework Log'!$G$3:$G$500<>"Yes")*('Rework Log'!$G$3:$G$500<>"Did not pass re-test"))*IFERROR('Rework Log'!$I$3:$I$500*1,0)))>0),"Move old QA completion date to Rework Log (col H)",IF(AND(LEFT($AC22,3)="Yes",ISNUMBER(SEARCH("needs DB Dev",$AC22)),TRIM(C22)<>"DB Dev"),"Set Current Status back to DB Dev",IF(AND(LEFT($AC22,3)="Yes",ISNUMBER(SEARCH("needs PBI Dev",$AC22)),TRIM(C22)<>"PBI Dev"),"Set Current Status back to PBI Dev",IF(AND(LEFT($AC22,3)="Yes",ISNUMBER(SEARCH("needs QA",$AC22)),TRIM(C22)<>"QA"),"Set Current Status back to QA",IF(COUNTIF($B$2:$B$500,$B22)>1,"Duplicate name - check row",IF(AND(TRIM(C22)="RELEASED IN PROD",Y22<>"Yes"),"Released but Confirmed Deployed? is not Yes",IF(COUNTIF('Rework Log'!$A$3:$A$500,$B22)>0,"",IF(AND(S22<>"",M22<>"",S22<M22),"QA target is before DB Dev target",IF(AND(S22<>"",P22<>"",S22<P22),"QA target is before PBI Dev target",IF(AND(V22<>"",S22<>"",V22<S22),"DPO Approval target is before QA target",IF(AND(Z22<>"",V22<>"",Z22<V22),"Confirmed Deployed date is before DPO Approval target",""))))))))))))))))) | AE22: [Historical, June 2026]: Waiting on Kelvin's approval to deploy to UAT.
A23: Leaks | B23: RPT_04_Leak Life Cycle Legacy LMS LI | C23: RELEASED IN PROD | D23: =IF($B23="","",IF(LEFT($AC23,3)="Yes",IF(LEN($AC23)>5,"Blocked - "&MID($AC23,7,100),"Blocked")&IF(SUMPRODUCT((TRIM('Rework Log'!$A$3:$A$500)=TRIM($B23))*('Rework Log'!$G$3:$G$500<>"Yes")*('Rework Log'!$G$3:$G$500<>"Did not pass re-test"))=0,"",IF(SUMPRODUCT(((TRIM('Rework Log'!$A$3:$A$500)=TRIM($B23))*('Rework Log'!$G$3:$G$500<>"Yes")*('Rework Log'!$G$3:$G$500<>"Did not pass re-test"))*ISNUMBER('Rework Log'!$J$3:$J$500))>0," - fixed, awaiting re-test",IF(SUMPRODUCT(MAX(((TRIM('Rework Log'!$A$3:$A$500)=TRIM($B23))*('Rework Log'!$G$3:$G$500<>"Yes")*('Rework Log'!$G$3:$G$500<>"Did not pass re-test"))*IFERROR('Rework Log'!$I$3:$I$500*1,0)))=0," - unclaimed"," - promised "&TEXT(SUMPRODUCT(MAX(((TRIM('Rework Log'!$A$3:$A$500)=TRIM($B23))*('Rework Log'!$G$3:$G$500<>"Yes")*('Rework Log'!$G$3:$G$500<>"Did not pass re-test"))*IFERROR('Rework Log'!$I$3:$I$500*1,0))),"m/d")))),IF(TRIM(C23)="NOT STARTED",IF(K23="","No plan date set",IF(K23<TODAY(),"Review - planned start passed","On track")),IF(TRIM(C23)="DB Dev",IF(M23="","No target set",IF(AND(M23<TODAY(),O23=""),"Overdue","On track")),IF(TRIM(C23)="PBI Dev",IF(P23="","No target set",IF(AND(P23<TODAY(),R23=""),"Overdue","On track")),IF(TRIM(C23)="QA",IF(S23="","No target set",IF(AND(S23<TODAY(),U23=""),"Overdue","On track")),IF(TRIM(C23)="DPO Approval",IF(V23="","No target set",IF(V23<TODAY(),"Overdue","On track")),IF(TRIM(C23)="RELEASED IN PROD","Delivered","")))))))) -> Delivered | E23: 22 | G23: Fetwi | H23: Navya | I23: Preety | K23: 46203 | L23: June | M23: 46168 | O23: 46168 | P23: 46183 | R23: 46183 | S23: 46198 | U23: 46198 | Y23: Yes | Z23: 46198 | AC23: No | AD23: =IF($B23="","",IF(AND(LEFT($AC23,3)="Yes",SUMPRODUCT((TRIM('Rework Log'!$A$3:$A$500)=TRIM($B23))*('Rework Log'!$G$3:$G$500<>"Yes")*('Rework Log'!$G$3:$G$500<>"Did not pass re-test"))=0),"Blocked - log it on Rework Log",IF(AND(LEFT($AC23,3)<>"Yes",SUMPRODUCT((TRIM('Rework Log'!$A$3:$A$500)=TRIM($B23))*('Rework Log'!$G$3:$G$500<>"Yes")*('Rework Log'!$G$3:$G$500<>"Did not pass re-test"))>0),"Open rework row - mark Blocked? or close it",IF(AND(LEFT($AC23,3)<>"Yes",SUMPRODUCT((TRIM('Rework Log'!$A$3:$A$500)=TRIM($B23))*('Rework Log'!$G$3:$G$500<>"Yes")*('Rework Log'!$G$3:$G$500<>"Did not pass re-test"))=0,COUNTIF('Rework Log'!$A$3:$A$500,$B23)>0,IFERROR(INDEX('Rework Log'!$G:$G,SUMPRODUCT(MAX((TRIM('Rework Log'!$A$3:$A$500)=TRIM($B23))*ROW('Rework Log'!$A$3:$A$500)))),"")="Did not pass re-test"),"Last fix rejected - re-block or log next attempt",IF(AND(LEFT($AC23,3)="Yes",ISNUMBER(SEARCH("needs DB Dev",$AC23)),O23<>"",SUMPRODUCT(MAX(((TRIM('Rework Log'!$A$3:$A$500)=TRIM($B23))*('Rework Log'!$G$3:$G$500<>"Yes")*('Rework Log'!$G$3:$G$500<>"Did not pass re-test"))*IFERROR('Rework Log'!$I$3:$I$500*1,0)))>0),"Move old DB Dev completion date to Rework Log (col H)",IF(AND(LEFT($AC23,3)="Yes",ISNUMBER(SEARCH("needs PBI Dev",$AC23)),R23<>"",SUMPRODUCT(MAX(((TRIM('Rework Log'!$A$3:$A$500)=TRIM($B23))*('Rework Log'!$G$3:$G$500<>"Yes")*('Rework Log'!$G$3:$G$500<>"Did not pass re-test"))*IFERROR('Rework Log'!$I$3:$I$500*1,0)))>0),"Move old PBI Dev completion date to Rework Log (col H)",IF(AND(LEFT($AC23,3)="Yes",ISNUMBER(SEARCH("needs QA",$AC23)),U23<>"",SUMPRODUCT(MAX(((TRIM('Rework Log'!$A$3:$A$500)=TRIM($B23))*('Rework Log'!$G$3:$G$500<>"Yes")*('Rework Log'!$G$3:$G$500<>"Did not pass re-test"))*IFERROR('Rework Log'!$I$3:$I$500*1,0)))>0),"Move old QA completion date to Rework Log (col H)",IF(AND(LEFT($AC23,3)="Yes",ISNUMBER(SEARCH("needs DB Dev",$AC23)),TRIM(C23)<>"DB Dev"),"Set Current Status back to DB Dev",IF(AND(LEFT($AC23,3)="Yes",ISNUMBER(SEARCH("needs PBI Dev",$AC23)),TRIM(C23)<>"PBI Dev"),"Set Current Status back to PBI Dev",IF(AND(LEFT($AC23,3)="Yes",ISNUMBER(SEARCH("needs QA",$AC23)),TRIM(C23)<>"QA"),"Set Current Status back to QA",IF(COUNTIF($B$2:$B$500,$B23)>1,"Duplicate name - check row",IF(AND(TRIM(C23)="RELEASED IN PROD",Y23<>"Yes"),"Released but Confirmed Deployed? is not Yes",IF(COUNTIF('Rework Log'!$A$3:$A$500,$B23)>0,"",IF(AND(S23<>"",M23<>"",S23<M23),"QA target is before DB Dev target",IF(AND(S23<>"",P23<>"",S23<P23),"QA target is before PBI Dev target",IF(AND(V23<>"",S23<>"",V23<S23),"DPO Approval target is before QA target",IF(AND(Z23<>"",V23<>"",Z23<V23),"Confirmed Deployed date is before DPO Approval target","")))))))))))))))))
A24: Leaks | B24: RPT_04_Leak Increase Reads | C24: RELEASED IN PROD | D24: =IF($B24="","",IF(LEFT($AC24,3)="Yes",IF(LEN($AC24)>5,"Blocked - "&MID($AC24,7,100),"Blocked")&IF(SUMPRODUCT((TRIM('Rework Log'!$A$3:$A$500)=TRIM($B24))*('Rework Log'!$G$3:$G$500<>"Yes")*('Rework Log'!$G$3:$G$500<>"Did not pass re-test"))=0,"",IF(SUMPRODUCT(((TRIM('Rework Log'!$A$3:$A$500)=TRIM($B24))*('Rework Log'!$G$3:$G$500<>"Yes")*('Rework Log'!$G$3:$G$500<>"Did not pass re-test"))*ISNUMBER('Rework Log'!$J$3:$J$500))>0," - fixed, awaiting re-test",IF(SUMPRODUCT(MAX(((TRIM('Rework Log'!$A$3:$A$500)=TRIM($B24))*('Rework Log'!$G$3:$G$500<>"Yes")*('Rework Log'!$G$3:$G$500<>"Did not pass re-test"))*IFERROR('Rework Log'!$I$3:$I$500*1,0)))=0," - unclaimed"," - promised "&TEXT(SUMPRODUCT(MAX(((TRIM('Rework Log'!$A$3:$A$500)=TRIM($B24))*('Rework Log'!$G$3:$G$500<>"Yes")*('Rework Log'!$G$3:$G$500<>"Did not pass re-test"))*IFERROR('Rework Log'!$I$3:$I$500*1,0))),"m/d")))),IF(TRIM(C24)="NOT STARTED",IF(K24="","No plan date set",IF(K24<TODAY(),"Review - planned start passed","On track")),IF(TRIM(C24)="DB Dev",IF(M24="","No target set",IF(AND(M24<TODAY(),O24=""),"Overdue","On track")),IF(TRIM(C24)="PBI Dev",IF(P24="","No target set",IF(AND(P24<TODAY(),R24=""),"Overdue","On track")),IF(TRIM(C24)="QA",IF(S24="","No target set",IF(AND(S24<TODAY(),U24=""),"Overdue","On track")),IF(TRIM(C24)="DPO Approval",IF(V24="","No target set",IF(V24<TODAY(),"Overdue","On track")),IF(TRIM(C24)="RELEASED IN PROD","Delivered","")))))))) -> Delivered | E24: 23 | G24: Fetwi | H24: Navya | I24: Preety | K24: 46203 | L24: June | M24: 46165 | O24: 46165 | P24: 46153 | R24: 46153 | S24: 46154 | U24: 46154 | V24: 46184 | Y24: Yes | Z24: 46184 | AA24: https://app.powerbi.com/groups/me/apps/eedba83d-be9a-45f9-9504-7bfa41e6051a/reports/a410b442-fd2f-43d1-a053-40f2e4966d4d/ea184ec020032ecbdd43?ctid=f98a6a53-25f3-4212-901c-c7787fcd3495&experience=power-bi | AB24: https://app.powerbi.com/groups/me/apps/2c7180b1-0d3d-45be-979e-f7dc86b3557d/reports/1cec238a-ce10-4ed5-8e56-50efa21bb327/ea184ec020032ecbdd43?ctid=f98a6a53-25f3-4212-901c-c7787fcd3495&experience=power-bi | AC24: No | AD24: =IF($B24="","",IF(AND(LEFT($AC24,3)="Yes",SUMPRODUCT((TRIM('Rework Log'!$A$3:$A$500)=TRIM($B24))*('Rework Log'!$G$3:$G$500<>"Yes")*('Rework Log'!$G$3:$G$500<>"Did not pass re-test"))=0),"Blocked - log it on Rework Log",IF(AND(LEFT($AC24,3)<>"Yes",SUMPRODUCT((TRIM('Rework Log'!$A$3:$A$500)=TRIM($B24))*('Rework Log'!$G$3:$G$500<>"Yes")*('Rework Log'!$G$3:$G$500<>"Did not pass re-test"))>0),"Open rework row - mark Blocked? or close it",IF(AND(LEFT($AC24,3)<>"Yes",SUMPRODUCT((TRIM('Rework Log'!$A$3:$A$500)=TRIM($B24))*('Rework Log'!$G$3:$G$500<>"Yes")*('Rework Log'!$G$3:$G$500<>"Did not pass re-test"))=0,COUNTIF('Rework Log'!$A$3:$A$500,$B24)>0,IFERROR(INDEX('Rework Log'!$G:$G,SUMPRODUCT(MAX((TRIM('Rework Log'!$A$3:$A$500)=TRIM($B24))*ROW('Rework Log'!$A$3:$A$500)))),"")="Did not pass re-test"),"Last fix rejected - re-block or log next attempt",IF(AND(LEFT($AC24,3)="Yes",ISNUMBER(SEARCH("needs DB Dev",$AC24)),O24<>"",SUMPRODUCT(MAX(((TRIM('Rework Log'!$A$3:$A$500)=TRIM($B24))*('Rework Log'!$G$3:$G$500<>"Yes")*('Rework Log'!$G$3:$G$500<>"Did not pass re-test"))*IFERROR('Rework Log'!$I$3:$I$500*1,0)))>0),"Move old DB Dev completion date to Rework Log (col H)",IF(AND(LEFT($AC24,3)="Yes",ISNUMBER(SEARCH("needs PBI Dev",$AC24)),R24<>"",SUMPRODUCT(MAX(((TRIM('Rework Log'!$A$3:$A$500)=TRIM($B24))*('Rework Log'!$G$3:$G$500<>"Yes")*('Rework Log'!$G$3:$G$500<>"Did not pass re-test"))*IFERROR('Rework Log'!$I$3:$I$500*1,0)))>0),"Move old PBI Dev completion date to Rework Log (col H)",IF(AND(LEFT($AC24,3)="Yes",ISNUMBER(SEARCH("needs QA",$AC24)),U24<>"",SUMPRODUCT(MAX(((TRIM('Rework Log'!$A$3:$A$500)=TRIM($B24))*('Rework Log'!$G$3:$G$500<>"Yes")*('Rework Log'!$G$3:$G$500<>"Did not pass re-test"))*IFERROR('Rework Log'!$I$3:$I$500*1,0)))>0),"Move old QA completion date to Rework Log (col H)",IF(AND(LEFT($AC24,3)="Yes",ISNUMBER(SEARCH("needs DB Dev",$AC24)),TRIM(C24)<>"DB Dev"),"Set Current Status back to DB Dev",IF(AND(LEFT($AC24,3)="Yes",ISNUMBER(SEARCH("needs PBI Dev",$AC24)),TRIM(C24)<>"PBI Dev"),"Set Current Status back to PBI Dev",IF(AND(LEFT($AC24,3)="Yes",ISNUMBER(SEARCH("needs QA",$AC24)),TRIM(C24)<>"QA"),"Set Current Status back to QA",IF(COUNTIF($B$2:$B$500,$B24)>1,"Duplicate name - check row",IF(AND(TRIM(C24)="RELEASED IN PROD",Y24<>"Yes"),"Released but Confirmed Deployed? is not Yes",IF(COUNTIF('Rework Log'!$A$3:$A$500,$B24)>0,"",IF(AND(S24<>"",M24<>"",S24<M24),"QA target is before DB Dev target",IF(AND(S24<>"",P24<>"",S24<P24),"QA target is before PBI Dev target",IF(AND(V24<>"",S24<>"",V24<S24),"DPO Approval target is before QA target",IF(AND(Z24<>"",V24<>"",Z24<V24),"Confirmed Deployed date is before DPO Approval target",""))))))))))))))))) -> QA target is before DB Dev target
A25: Leaks | B25: Leak 360 Dashboard | C25: RELEASED IN PROD | D25: =IF($B25="","",IF(LEFT($AC25,3)="Yes",IF(LEN($AC25)>5,"Blocked - "&MID($AC25,7,100),"Blocked")&IF(SUMPRODUCT((TRIM('Rework Log'!$A$3:$A$500)=TRIM($B25))*('Rework Log'!$G$3:$G$500<>"Yes")*('Rework Log'!$G$3:$G$500<>"Did not pass re-test"))=0,"",IF(SUMPRODUCT(((TRIM('Rework Log'!$A$3:$A$500)=TRIM($B25))*('Rework Log'!$G$3:$G$500<>"Yes")*('Rework Log'!$G$3:$G$500<>"Did not pass re-test"))*ISNUMBER('Rework Log'!$J$3:$J$500))>0," - fixed, awaiting re-test",IF(SUMPRODUCT(MAX(((TRIM('Rework Log'!$A$3:$A$500)=TRIM($B25))*('Rework Log'!$G$3:$G$500<>"Yes")*('Rework Log'!$G$3:$G$500<>"Did not pass re-test"))*IFERROR('Rework Log'!$I$3:$I$500*1,0)))=0," - unclaimed"," - promised "&TEXT(SUMPRODUCT(MAX(((TRIM('Rework Log'!$A$3:$A$500)=TRIM($B25))*('Rework Log'!$G$3:$G$500<>"Yes")*('Rework Log'!$G$3:$G$500<>"Did not pass re-test"))*IFERROR('Rework Log'!$I$3:$I$500*1,0))),"m/d")))),IF(TRIM(C25)="NOT STARTED",IF(K25="","No plan date set",IF(K25<TODAY(),"Review - planned start passed","On track")),IF(TRIM(C25)="DB Dev",IF(M25="","No target set",IF(AND(M25<TODAY(),O25=""),"Overdue","On track")),IF(TRIM(C25)="PBI Dev",IF(P25="","No target set",IF(AND(P25<TODAY(),R25=""),"Overdue","On track")),IF(TRIM(C25)="QA",IF(S25="","No target set",IF(AND(S25<TODAY(),U25=""),"Overdue","On track")),IF(TRIM(C25)="DPO Approval",IF(V25="","No target set",IF(V25<TODAY(),"Overdue","On track")),IF(TRIM(C25)="RELEASED IN PROD","Delivered","")))))))) -> Delivered | E25: 24 | G25: Siva | H25: Sarath | I25: Kelvin | K25: 46203 | L25: June | M25: 46162 | O25: 46162 | P25: 46186 | R25: 46186 | S25: 46227 | Y25: Yes | Z25: 46227 | AC25: No | AD25: =IF($B25="","",IF(AND(LEFT($AC25,3)="Yes",SUMPRODUCT((TRIM('Rework Log'!$A$3:$A$500)=TRIM($B25))*('Rework Log'!$G$3:$G$500<>"Yes")*('Rework Log'!$G$3:$G$500<>"Did not pass re-test"))=0),"Blocked - log it on Rework Log",IF(AND(LEFT($AC25,3)<>"Yes",SUMPRODUCT((TRIM('Rework Log'!$A$3:$A$500)=TRIM($B25))*('Rework Log'!$G$3:$G$500<>"Yes")*('Rework Log'!$G$3:$G$500<>"Did not pass re-test"))>0),"Open rework row - mark Blocked? or close it",IF(AND(LEFT($AC25,3)<>"Yes",SUMPRODUCT((TRIM('Rework Log'!$A$3:$A$500)=TRIM($B25))*('Rework Log'!$G$3:$G$500<>"Yes")*('Rework Log'!$G$3:$G$500<>"Did not pass re-test"))=0,COUNTIF('Rework Log'!$A$3:$A$500,$B25)>0,IFERROR(INDEX('Rework Log'!$G:$G,SUMPRODUCT(MAX((TRIM('Rework Log'!$A$3:$A$500)=TRIM($B25))*ROW('Rework Log'!$A$3:$A$500)))),"")="Did not pass re-test"),"Last fix rejected - re-block or log next attempt",IF(AND(LEFT($AC25,3)="Yes",ISNUMBER(SEARCH("needs DB Dev",$AC25)),O25<>"",SUMPRODUCT(MAX(((TRIM('Rework Log'!$A$3:$A$500)=TRIM($B25))*('Rework Log'!$G$3:$G$500<>"Yes")*('Rework Log'!$G$3:$G$500<>"Did not pass re-test"))*IFERROR('Rework Log'!$I$3:$I$500*1,0)))>0),"Move old DB Dev completion date to Rework Log (col H)",IF(AND(LEFT($AC25,3)="Yes",ISNUMBER(SEARCH("needs PBI Dev",$AC25)),R25<>"",SUMPRODUCT(MAX(((TRIM('Rework Log'!$A$3:$A$500)=TRIM($B25))*('Rework Log'!$G$3:$G$500<>"Yes")*('Rework Log'!$G$3:$G$500<>"Did not pass re-test"))*IFERROR('Rework Log'!$I$3:$I$500*1,0)))>0),"Move old PBI Dev completion date to Rework Log (col H)",IF(AND(LEFT($AC25,3)="Yes",ISNUMBER(SEARCH("needs QA",$AC25)),U25<>"",SUMPRODUCT(MAX(((TRIM('Rework Log'!$A$3:$A$500)=TRIM($B25))*('Rework Log'!$G$3:$G$500<>"Yes")*('Rework Log'!$G$3:$G$500<>"Did not pass re-test"))*IFERROR('Rework Log'!$I$3:$I$500*1,0)))>0),"Move old QA completion date to Rework Log (col H)",IF(AND(LEFT($AC25,3)="Yes",ISNUMBER(SEARCH("needs DB Dev",$AC25)),TRIM(C25)<>"DB Dev"),"Set Current Status back to DB Dev",IF(AND(LEFT($AC25,3)="Yes",ISNUMBER(SEARCH("needs PBI Dev",$AC25)),TRIM(C25)<>"PBI Dev"),"Set Current Status back to PBI Dev",IF(AND(LEFT($AC25,3)="Yes",ISNUMBER(SEARCH("needs QA",$AC25)),TRIM(C25)<>"QA"),"Set Current Status back to QA",IF(COUNTIF($B$2:$B$500,$B25)>1,"Duplicate name - check row",IF(AND(TRIM(C25)="RELEASED IN PROD",Y25<>"Yes"),"Released but Confirmed Deployed? is not Yes",IF(COUNTIF('Rework Log'!$A$3:$A$500,$B25)>0,"",IF(AND(S25<>"",M25<>"",S25<M25),"QA target is before DB Dev target",IF(AND(S25<>"",P25<>"",S25<P25),"QA target is before PBI Dev target",IF(AND(V25<>"",S25<>"",V25<S25),"DPO Approval target is before QA target",IF(AND(Z25<>"",V25<>"",Z25<V25),"Confirmed Deployed date is before DPO Approval target",""))))))))))))))))) | AE25: [Source confirms QA complete but gives no exact date - using QA Expected date as the closest evidence-backed proxy]
A26: Leaks | B26: RPT_04_Leak Recheck Control | C26: RELEASED IN PROD | D26: =IF($B26="","",IF(LEFT($AC26,3)="Yes",IF(LEN($AC26)>5,"Blocked - "&MID($AC26,7,100),"Blocked")&IF(SUMPRODUCT((TRIM('Rework Log'!$A$3:$A$500)=TRIM($B26))*('Rework Log'!$G$3:$G$500<>"Yes")*('Rework Log'!$G$3:$G$500<>"Did not pass re-test"))=0,"",IF(SUMPRODUCT(((TRIM('Rework Log'!$A$3:$A$500)=TRIM($B26))*('Rework Log'!$G$3:$G$500<>"Yes")*('Rework Log'!$G$3:$G$500<>"Did not pass re-test"))*ISNUMBER('Rework Log'!$J$3:$J$500))>0," - fixed, awaiting re-test",IF(SUMPRODUCT(MAX(((TRIM('Rework Log'!$A$3:$A$500)=TRIM($B26))*('Rework Log'!$G$3:$G$500<>"Yes")*('Rework Log'!$G$3:$G$500<>"Did not pass re-test"))*IFERROR('Rework Log'!$I$3:$I$500*1,0)))=0," - unclaimed"," - promised "&TEXT(SUMPRODUCT(MAX(((TRIM('Rework Log'!$A$3:$A$500)=TRIM($B26))*('Rework Log'!$G$3:$G$500<>"Yes")*('Rework Log'!$G$3:$G$500<>"Did not pass re-test"))*IFERROR('Rework Log'!$I$3:$I$500*1,0))),"m/d")))),IF(TRIM(C26)="NOT STARTED",IF(K26="","No plan date set",IF(K26<TODAY(),"Review - planned start passed","On track")),IF(TRIM(C26)="DB Dev",IF(M26="","No target set",IF(AND(M26<TODAY(),O26=""),"Overdue","On track")),IF(TRIM(C26)="PBI Dev",IF(P26="","No target set",IF(AND(P26<TODAY(),R26=""),"Overdue","On track")),IF(TRIM(C26)="QA",IF(S26="","No target set",IF(AND(S26<TODAY(),U26=""),"Overdue","On track")),IF(TRIM(C26)="DPO Approval",IF(V26="","No target set",IF(V26<TODAY(),"Overdue","On track")),IF(TRIM(C26)="RELEASED IN PROD","Delivered","")))))))) -> Delivered | E26: 25 | G26: Siva | H26: Shraddha | I26: Preety | K26: 46203 | L26: June | M26: 46162 | O26: 46162 | P26: 46164 | R26: 46164 | S26: 46204 | U26: 46204 | Y26: Yes | Z26: 46204 | AC26: No | AD26: =IF($B26="","",IF(AND(LEFT($AC26,3)="Yes",SUMPRODUCT((TRIM('Rework Log'!$A$3:$A$500)=TRIM($B26))*('Rework Log'!$G$3:$G$500<>"Yes")*('Rework Log'!$G$3:$G$500<>"Did not pass re-test"))=0),"Blocked - log it on Rework Log",IF(AND(LEFT($AC26,3)<>"Yes",SUMPRODUCT((TRIM('Rework Log'!$A$3:$A$500)=TRIM($B26))*('Rework Log'!$G$3:$G$500<>"Yes")*('Rework Log'!$G$3:$G$500<>"Did not pass re-test"))>0),"Open rework row - mark Blocked? or close it",IF(AND(LEFT($AC26,3)<>"Yes",SUMPRODUCT((TRIM('Rework Log'!$A$3:$A$500)=TRIM($B26))*('Rework Log'!$G$3:$G$500<>"Yes")*('Rework Log'!$G$3:$G$500<>"Did not pass re-test"))=0,COUNTIF('Rework Log'!$A$3:$A$500,$B26)>0,IFERROR(INDEX('Rework Log'!$G:$G,SUMPRODUCT(MAX((TRIM('Rework Log'!$A$3:$A$500)=TRIM($B26))*ROW('Rework Log'!$A$3:$A$500)))),"")="Did not pass re-test"),"Last fix rejected - re-block or log next attempt",IF(AND(LEFT($AC26,3)="Yes",ISNUMBER(SEARCH("needs DB Dev",$AC26)),O26<>"",SUMPRODUCT(MAX(((TRIM('Rework Log'!$A$3:$A$500)=TRIM($B26))*('Rework Log'!$G$3:$G$500<>"Yes")*('Rework Log'!$G$3:$G$500<>"Did not pass re-test"))*IFERROR('Rework Log'!$I$3:$I$500*1,0)))>0),"Move old DB Dev completion date to Rework Log (col H)",IF(AND(LEFT($AC26,3)="Yes",ISNUMBER(SEARCH("needs PBI Dev",$AC26)),R26<>"",SUMPRODUCT(MAX(((TRIM('Rework Log'!$A$3:$A$500)=TRIM($B26))*('Rework Log'!$G$3:$G$500<>"Yes")*('Rework Log'!$G$3:$G$500<>"Did not pass re-test"))*IFERROR('Rework Log'!$I$3:$I$500*1,0)))>0),"Move old PBI Dev completion date to Rework Log (col H)",IF(AND(LEFT($AC26,3)="Yes",ISNUMBER(SEARCH("needs QA",$AC26)),U26<>"",SUMPRODUCT(MAX(((TRIM('Rework Log'!$A$3:$A$500)=TRIM($B26))*('Rework Log'!$G$3:$G$500<>"Yes")*('Rework Log'!$G$3:$G$500<>"Did not pass re-test"))*IFERROR('Rework Log'!$I$3:$I$500*1,0)))>0),"Move old QA completion date to Rework Log (col H)",IF(AND(LEFT($AC26,3)="Yes",ISNUMBER(SEARCH("needs DB Dev",$AC26)),TRIM(C26)<>"DB Dev"),"Set Current Status back to DB Dev",IF(AND(LEFT($AC26,3)="Yes",ISNUMBER(SEARCH("needs PBI Dev",$AC26)),TRIM(C26)<>"PBI Dev"),"Set Current Status back to PBI Dev",IF(AND(LEFT($AC26,3)="Yes",ISNUMBER(SEARCH("needs QA",$AC26)),TRIM(C26)<>"QA"),"Set Current Status back to QA",IF(COUNTIF($B$2:$B$500,$B26)>1,"Duplicate name - check row",IF(AND(TRIM(C26)="RELEASED IN PROD",Y26<>"Yes"),"Released but Confirmed Deployed? is not Yes",IF(COUNTIF('Rework Log'!$A$3:$A$500,$B26)>0,"",IF(AND(S26<>"",M26<>"",S26<M26),"QA target is before DB Dev target",IF(AND(S26<>"",P26<>"",S26<P26),"QA target is before PBI Dev target",IF(AND(V26<>"",S26<>"",V26<S26),"DPO Approval target is before QA target",IF(AND(Z26<>"",V26<>"",Z26<V26),"Confirmed Deployed date is before DPO Approval target",""))))))))))))))))) | AE26: [Source confirms QA complete but gives no exact date - using QA Expected date as the closest evidence-backed proxy]
A27: Leaks | B27: RPT_04_Main_Replacement Report | C27: RELEASED IN PROD | D27: =IF($B27="","",IF(LEFT($AC27,3)="Yes",IF(LEN($AC27)>5,"Blocked - "&MID($AC27,7,100),"Blocked")&IF(SUMPRODUCT((TRIM('Rework Log'!$A$3:$A$500)=TRIM($B27))*('Rework Log'!$G$3:$G$500<>"Yes")*('Rework Log'!$G$3:$G$500<>"Did not pass re-test"))=0,"",IF(SUMPRODUCT(((TRIM('Rework Log'!$A$3:$A$500)=TRIM($B27))*('Rework Log'!$G$3:$G$500<>"Yes")*('Rework Log'!$G$3:$G$500<>"Did not pass re-test"))*ISNUMBER('Rework Log'!$J$3:$J$500))>0," - fixed, awaiting re-test",IF(SUMPRODUCT(MAX(((TRIM('Rework Log'!$A$3:$A$500)=TRIM($B27))*('Rework Log'!$G$3:$G$500<>"Yes")*('Rework Log'!$G$3:$G$500<>"Did not pass re-test"))*IFERROR('Rework Log'!$I$3:$I$500*1,0)))=0," - unclaimed"," - promised "&TEXT(SUMPRODUCT(MAX(((TRIM('Rework Log'!$A$3:$A$500)=TRIM($B27))*('Rework Log'!$G$3:$G$500<>"Yes")*('Rework Log'!$G$3:$G$500<>"Did not pass re-test"))*IFERROR('Rework Log'!$I$3:$I$500*1,0))),"m/d")))),IF(TRIM(C27)="NOT STARTED",IF(K27="","No plan date set",IF(K27<TODAY(),"Review - planned start passed","On track")),IF(TRIM(C27)="DB Dev",IF(M27="","No target set",IF(AND(M27<TODAY(),O27=""),"Overdue","On track")),IF(TRIM(C27)="PBI Dev",IF(P27="","No target set",IF(AND(P27<TODAY(),R27=""),"Overdue","On track")),IF(TRIM(C27)="QA",IF(S27="","No target set",IF(AND(S27<TODAY(),U27=""),"Overdue","On track")),IF(TRIM(C27)="DPO Approval",IF(V27="","No target set",IF(V27<TODAY(),"Overdue","On track")),IF(TRIM(C27)="RELEASED IN PROD","Delivered","")))))))) -> Delivered | E27: 26 | G27: Sree | H27: Navya | I27: Kelvin | K27: 46203 | L27: June | M27: 46169 | O27: 46169 | P27: 46191 | R27: 46191 | S27: 46196 | U27: 46196 | Y27: Yes | Z27: 46196 | AA27: https://app.powerbi.com/Redirect?action=OpenApp&appId=eedba83d-be9a-45f9-9504-7bfa41e6051a&ctid=f98a6a53-25f3-4212-901c-c7787fcd3495&experience=power-bi | AB27: https://app.powerbi.com/groups/me/apps/2c7180b1-0d3d-45be-979e-f7dc86b3557d/reports/3a63d51e-dbb3-4d03-8e38-924376751299/3122b8024291693794eb?ctid=f98a6a53-25f3-4212-901c-c7787fcd3495&experience=power-bi | AC27: No | AD27: =IF($B27="","",IF(AND(LEFT($AC27,3)="Yes",SUMPRODUCT((TRIM('Rework Log'!$A$3:$A$500)=TRIM($B27))*('Rework Log'!$G$3:$G$500<>"Yes")*('Rework Log'!$G$3:$G$500<>"Did not pass re-test"))=0),"Blocked - log it on Rework Log",IF(AND(LEFT($AC27,3)<>"Yes",SUMPRODUCT((TRIM('Rework Log'!$A$3:$A$500)=TRIM($B27))*('Rework Log'!$G$3:$G$500<>"Yes")*('Rework Log'!$G$3:$G$500<>"Did not pass re-test"))>0),"Open rework row - mark Blocked? or close it",IF(AND(LEFT($AC27,3)<>"Yes",SUMPRODUCT((TRIM('Rework Log'!$A$3:$A$500)=TRIM($B27))*('Rework Log'!$G$3:$G$500<>"Yes")*('Rework Log'!$G$3:$G$500<>"Did not pass re-test"))=0,COUNTIF('Rework Log'!$A$3:$A$500,$B27)>0,IFERROR(INDEX('Rework Log'!$G:$G,SUMPRODUCT(MAX((TRIM('Rework Log'!$A$3:$A$500)=TRIM($B27))*ROW('Rework Log'!$A$3:$A$500)))),"")="Did not pass re-test"),"Last fix rejected - re-block or log next attempt",IF(AND(LEFT($AC27,3)="Yes",ISNUMBER(SEARCH("needs DB Dev",$AC27)),O27<>"",SUMPRODUCT(MAX(((TRIM('Rework Log'!$A$3:$A$500)=TRIM($B27))*('Rework Log'!$G$3:$G$500<>"Yes")*('Rework Log'!$G$3:$G$500<>"Did not pass re-test"))*IFERROR('Rework Log'!$I$3:$I$500*1,0)))>0),"Move old DB Dev completion date to Rework Log (col H)",IF(AND(LEFT($AC27,3)="Yes",ISNUMBER(SEARCH("needs PBI Dev",$AC27)),R27<>"",SUMPRODUCT(MAX(((TRIM('Rework Log'!$A$3:$A$500)=TRIM($B27))*('Rework Log'!$G$3:$G$500<>"Yes")*('Rework Log'!$G$3:$G$500<>"Did not pass re-test"))*IFERROR('Rework Log'!$I$3:$I$500*1,0)))>0),"Move old PBI Dev completion date to Rework Log (col H)",IF(AND(LEFT($AC27,3)="Yes",ISNUMBER(SEARCH("needs QA",$AC27)),U27<>"",SUMPRODUCT(MAX(((TRIM('Rework Log'!$A$3:$A$500)=TRIM($B27))*('Rework Log'!$G$3:$G$500<>"Yes")*('Rework Log'!$G$3:$G$500<>"Did not pass re-test"))*IFERROR('Rework Log'!$I$3:$I$500*1,0)))>0),"Move old QA completion date to Rework Log (col H)",IF(AND(LEFT($AC27,3)="Yes",ISNUMBER(SEARCH("needs DB Dev",$AC27)),TRIM(C27)<>"DB Dev"),"Set Current Status back to DB Dev",IF(AND(LEFT($AC27,3)="Yes",ISNUMBER(SEARCH("needs PBI Dev",$AC27)),TRIM(C27)<>"PBI Dev"),"Set Current Status back to PBI Dev",IF(AND(LEFT($AC27,3)="Yes",ISNUMBER(SEARCH("needs QA",$AC27)),TRIM(C27)<>"QA"),"Set Current Status back to QA",IF(COUNTIF($B$2:$B$500,$B27)>1,"Duplicate name - check row",IF(AND(TRIM(C27)="RELEASED IN PROD",Y27<>"Yes"),"Released but Confirmed Deployed? is not Yes",IF(COUNTIF('Rework Log'!$A$3:$A$500,$B27)>0,"",IF(AND(S27<>"",M27<>"",S27<M27),"QA target is before DB Dev target",IF(AND(S27<>"",P27<>"",S27<P27),"QA target is before PBI Dev target",IF(AND(V27<>"",S27<>"",V27<S27),"DPO Approval target is before QA target",IF(AND(Z27<>"",V27<>"",Z27<V27),"Confirmed Deployed date is before DPO Approval target","")))))))))))))))))
A28: Leaks | B28: New Report: Leak Repair Exception | C28: RELEASED IN PROD | D28: =IF($B28="","",IF(LEFT($AC28,3)="Yes",IF(LEN($AC28)>5,"Blocked - "&MID($AC28,7,100),"Blocked")&IF(SUMPRODUCT((TRIM('Rework Log'!$A$3:$A$500)=TRIM($B28))*('Rework Log'!$G$3:$G$500<>"Yes")*('Rework Log'!$G$3:$G$500<>"Did not pass re-test"))=0,"",IF(SUMPRODUCT(((TRIM('Rework Log'!$A$3:$A$500)=TRIM($B28))*('Rework Log'!$G$3:$G$500<>"Yes")*('Rework Log'!$G$3:$G$500<>"Did not pass re-test"))*ISNUMBER('Rework Log'!$J$3:$J$500))>0," - fixed, awaiting re-test",IF(SUMPRODUCT(MAX(((TRIM('Rework Log'!$A$3:$A$500)=TRIM($B28))*('Rework Log'!$G$3:$G$500<>"Yes")*('Rework Log'!$G$3:$G$500<>"Did not pass re-test"))*IFERROR('Rework Log'!$I$3:$I$500*1,0)))=0," - unclaimed"," - promised "&TEXT(SUMPRODUCT(MAX(((TRIM('Rework Log'!$A$3:$A$500)=TRIM($B28))*('Rework Log'!$G$3:$G$500<>"Yes")*('Rework Log'!$G$3:$G$500<>"Did not pass re-test"))*IFERROR('Rework Log'!$I$3:$I$500*1,0))),"m/d")))),IF(TRIM(C28)="NOT STARTED",IF(K28="","No plan date set",IF(K28<TODAY(),"Review - planned start passed","On track")),IF(TRIM(C28)="DB Dev",IF(M28="","No target set",IF(AND(M28<TODAY(),O28=""),"Overdue","On track")),IF(TRIM(C28)="PBI Dev",IF(P28="","No target set",IF(AND(P28<TODAY(),R28=""),"Overdue","On track")),IF(TRIM(C28)="QA",IF(S28="","No target set",IF(AND(S28<TODAY(),U28=""),"Overdue","On track")),IF(TRIM(C28)="DPO Approval",IF(V28="","No target set",IF(V28<TODAY(),"Overdue","On track")),IF(TRIM(C28)="RELEASED IN PROD","Delivered","")))))))) -> Delivered | E28: 27 | G28: Geetha | H28: Shraddha | I28: Kelvin | K28: 46203 | L28: June | M28: 46168 | O28: 46168 | P28: 46189 | R28: 46189 | S28: 46189 | U28: 46189 | V28: 46192 | Y28: Yes | Z28: 46192 | AA28: https://app.powerbi.com/groups/me/apps/eedba83d-be9a-45f9-9504-7bfa41e6051a/reports/f32957e8-b826-44b0-8c00-67ff417ed57e/e94cbcb8509576e1c578?ctid=f98a6a53-25f3-4212-901c-c7787fcd3495&experience=power-bi | AC28: No | AD28: =IF($B28="","",IF(AND(LEFT($AC28,3)="Yes",SUMPRODUCT((TRIM('Rework Log'!$A$3:$A$500)=TRIM($B28))*('Rework Log'!$G$3:$G$500<>"Yes")*('Rework Log'!$G$3:$G$500<>"Did not pass re-test"))=0),"Blocked - log it on Rework Log",IF(AND(LEFT($AC28,3)<>"Yes",SUMPRODUCT((TRIM('Rework Log'!$A$3:$A$500)=TRIM($B28))*('Rework Log'!$G$3:$G$500<>"Yes")*('Rework Log'!$G$3:$G$500<>"Did not pass re-test"))>0),"Open rework row - mark Blocked? or close it",IF(AND(LEFT($AC28,3)<>"Yes",SUMPRODUCT((TRIM('Rework Log'!$A$3:$A$500)=TRIM($B28))*('Rework Log'!$G$3:$G$500<>"Yes")*('Rework Log'!$G$3:$G$500<>"Did not pass re-test"))=0,COUNTIF('Rework Log'!$A$3:$A$500,$B28)>0,IFERROR(INDEX('Rework Log'!$G:$G,SUMPRODUCT(MAX((TRIM('Rework Log'!$A$3:$A$500)=TRIM($B28))*ROW('Rework Log'!$A$3:$A$500)))),"")="Did not pass re-test"),"Last fix rejected - re-block or log next attempt",IF(AND(LEFT($AC28,3)="Yes",ISNUMBER(SEARCH("needs DB Dev",$AC28)),O28<>"",SUMPRODUCT(MAX(((TRIM('Rework Log'!$A$3:$A$500)=TRIM($B28))*('Rework Log'!$G$3:$G$500<>"Yes")*('Rework Log'!$G$3:$G$500<>"Did not pass re-test"))*IFERROR('Rework Log'!$I$3:$I$500*1,0)))>0),"Move old DB Dev completion date to Rework Log (col H)",IF(AND(LEFT($AC28,3)="Yes",ISNUMBER(SEARCH("needs PBI Dev",$AC28)),R28<>"",SUMPRODUCT(MAX(((TRIM('Rework Log'!$A$3:$A$500)=TRIM($B28))*('Rework Log'!$G$3:$G$500<>"Yes")*('Rework Log'!$G$3:$G$500<>"Did not pass re-test"))*IFERROR('Rework Log'!$I$3:$I$500*1,0)))>0),"Move old PBI Dev completion date to Rework Log (col H)",IF(AND(LEFT($AC28,3)="Yes",ISNUMBER(SEARCH("needs QA",$AC28)),U28<>"",SUMPRODUCT(MAX(((TRIM('Rework Log'!$A$3:$A$500)=TRIM($B28))*('Rework Log'!$G$3:$G$500<>"Yes")*('Rework Log'!$G$3:$G$500<>"Did not pass re-test"))*IFERROR('Rework Log'!$I$3:$I$500*1,0)))>0),"Move old QA completion date to Rework Log (col H)",IF(AND(LEFT($AC28,3)="Yes",ISNUMBER(SEARCH("needs DB Dev",$AC28)),TRIM(C28)<>"DB Dev"),"Set Current Status back to DB Dev",IF(AND(LEFT($AC28,3)="Yes",ISNUMBER(SEARCH("needs PBI Dev",$AC28)),TRIM(C28)<>"PBI Dev"),"Set Current Status back to PBI Dev",IF(AND(LEFT($AC28,3)="Yes",ISNUMBER(SEARCH("needs QA",$AC28)),TRIM(C28)<>"QA"),"Set Current Status back to QA",IF(COUNTIF($B$2:$B$500,$B28)>1,"Duplicate name - check row",IF(AND(TRIM(C28)="RELEASED IN PROD",Y28<>"Yes"),"Released but Confirmed Deployed? is not Yes",IF(COUNTIF('Rework Log'!$A$3:$A$500,$B28)>0,"",IF(AND(S28<>"",M28<>"",S28<M28),"QA target is before DB Dev target",IF(AND(S28<>"",P28<>"",S28<P28),"QA target is before PBI Dev target",IF(AND(V28<>"",S28<>"",V28<S28),"DPO Approval target is before QA target",IF(AND(Z28<>"",V28<>"",Z28<V28),"Confirmed Deployed date is before DPO Approval target","")))))))))))))))))
A29: Leaks | B29: New Report: (Leak reading sample point mismatch ) Creating a new report that... | C29: RELEASED IN PROD | D29: =IF($B29="","",IF(LEFT($AC29,3)="Yes",IF(LEN($AC29)>5,"Blocked - "&MID($AC29,7,100),"Blocked")&IF(SUMPRODUCT((TRIM('Rework Log'!$A$3:$A$500)=TRIM($B29))*('Rework Log'!$G$3:$G$500<>"Yes")*('Rework Log'!$G$3:$G$500<>"Did not pass re-test"))=0,"",IF(SUMPRODUCT(((TRIM('Rework Log'!$A$3:$A$500)=TRIM($B29))*('Rework Log'!$G$3:$G$500<>"Yes")*('Rework Log'!$G$3:$G$500<>"Did not pass re-test"))*ISNUMBER('Rework Log'!$J$3:$J$500))>0," - fixed, awaiting re-test",IF(SUMPRODUCT(MAX(((TRIM('Rework Log'!$A$3:$A$500)=TRIM($B29))*('Rework Log'!$G$3:$G$500<>"Yes")*('Rework Log'!$G$3:$G$500<>"Did not pass re-test"))*IFERROR('Rework Log'!$I$3:$I$500*1,0)))=0," - unclaimed"," - promised "&TEXT(SUMPRODUCT(MAX(((TRIM('Rework Log'!$A$3:$A$500)=TRIM($B29))*('Rework Log'!$G$3:$G$500<>"Yes")*('Rework Log'!$G$3:$G$500<>"Did not pass re-test"))*IFERROR('Rework Log'!$I$3:$I$500*1,0))),"m/d")))),IF(TRIM(C29)="NOT STARTED",IF(K29="","No plan date set",IF(K29<TODAY(),"Review - planned start passed","On track")),IF(TRIM(C29)="DB Dev",IF(M29="","No target set",IF(AND(M29<TODAY(),O29=""),"Overdue","On track")),IF(TRIM(C29)="PBI Dev",IF(P29="","No target set",IF(AND(P29<TODAY(),R29=""),"Overdue","On track")),IF(TRIM(C29)="QA",IF(S29="","No target set",IF(AND(S29<TODAY(),U29=""),"Overdue","On track")),IF(TRIM(C29)="DPO Approval",IF(V29="","No target set",IF(V29<TODAY(),"Overdue","On track")),IF(TRIM(C29)="RELEASED IN PROD","Delivered","")))))))) -> Delivered | G29: Siddu | H29: Shraddha | K29: 46203 | L29: June | M29: 46169 | O29: 46169 | P29: 46195 | R29: 46195 | S29: 46197 | U29: 46197 | Y29: Yes | Z29: 46197 | AC29: No | AD29: =IF($B29="","",IF(AND(LEFT($AC29,3)="Yes",SUMPRODUCT((TRIM('Rework Log'!$A$3:$A$500)=TRIM($B29))*('Rework Log'!$G$3:$G$500<>"Yes")*('Rework Log'!$G$3:$G$500<>"Did not pass re-test"))=0),"Blocked - log it on Rework Log",IF(AND(LEFT($AC29,3)<>"Yes",SUMPRODUCT((TRIM('Rework Log'!$A$3:$A$500)=TRIM($B29))*('Rework Log'!$G$3:$G$500<>"Yes")*('Rework Log'!$G$3:$G$500<>"Did not pass re-test"))>0),"Open rework row - mark Blocked? or close it",IF(AND(LEFT($AC29,3)<>"Yes",SUMPRODUCT((TRIM('Rework Log'!$A$3:$A$500)=TRIM($B29))*('Rework Log'!$G$3:$G$500<>"Yes")*('Rework Log'!$G$3:$G$500<>"Did not pass re-test"))=0,COUNTIF('Rework Log'!$A$3:$A$500,$B29)>0,IFERROR(INDEX('Rework Log'!$G:$G,SUMPRODUCT(MAX((TRIM('Rework Log'!$A$3:$A$500)=TRIM($B29))*ROW('Rework Log'!$A$3:$A$500)))),"")="Did not pass re-test"),"Last fix rejected - re-block or log next attempt",IF(AND(LEFT($AC29,3)="Yes",ISNUMBER(SEARCH("needs DB Dev",$AC29)),O29<>"",SUMPRODUCT(MAX(((TRIM('Rework Log'!$A$3:$A$500)=TRIM($B29))*('Rework Log'!$G$3:$G$500<>"Yes")*('Rework Log'!$G$3:$G$500<>"Did not pass re-test"))*IFERROR('Rework Log'!$I$3:$I$500*1,0)))>0),"Move old DB Dev completion date to Rework Log (col H)",IF(AND(LEFT($AC29,3)="Yes",ISNUMBER(SEARCH("needs PBI Dev",$AC29)),R29<>"",SUMPRODUCT(MAX(((TRIM('Rework Log'!$A$3:$A$500)=TRIM($B29))*('Rework Log'!$G$3:$G$500<>"Yes")*('Rework Log'!$G$3:$G$500<>"Did not pass re-test"))*IFERROR('Rework Log'!$I$3:$I$500*1,0)))>0),"Move old PBI Dev completion date to Rework Log (col H)",IF(AND(LEFT($AC29,3)="Yes",ISNUMBER(SEARCH("needs QA",$AC29)),U29<>"",SUMPRODUCT(MAX(((TRIM('Rework Log'!$A$3:$A$500)=TRIM($B29))*('Rework Log'!$G$3:$G$500<>"Yes")*('Rework Log'!$G$3:$G$500<>"Did not pass re-test"))*IFERROR('Rework Log'!$I$3:$I$500*1,0)))>0),"Move old QA completion date to Rework Log (col H)",IF(AND(LEFT($AC29,3)="Yes",ISNUMBER(SEARCH("needs DB Dev",$AC29)),TRIM(C29)<>"DB Dev"),"Set Current Status back to DB Dev",IF(AND(LEFT($AC29,3)="Yes",ISNUMBER(SEARCH("needs PBI Dev",$AC29)),TRIM(C29)<>"PBI Dev"),"Set Current Status back to PBI Dev",IF(AND(LEFT($AC29,3)="Yes",ISNUMBER(SEARCH("needs QA",$AC29)),TRIM(C29)<>"QA"),"Set Current Status back to QA",IF(COUNTIF($B$2:$B$500,$B29)>1,"Duplicate name - check row",IF(AND(TRIM(C29)="RELEASED IN PROD",Y29<>"Yes"),"Released but Confirmed Deployed? is not Yes",IF(COUNTIF('Rework Log'!$A$3:$A$500,$B29)>0,"",IF(AND(S29<>"",M29<>"",S29<M29),"QA target is before DB Dev target",IF(AND(S29<>"",P29<>"",S29<P29),"QA target is before PBI Dev target",IF(AND(V29<>"",S29<>"",V29<S29),"DPO Approval target is before QA target",IF(AND(Z29<>"",V29<>"",Z29<V29),"Confirmed Deployed date is before DPO Approval target",""))))))))))))))))) | AE29: [QA Actual date recovered from source text: "6/24/2026; QA Completed. Waiting for the view to be deployed to UAT"]
A30: CMS | B30: RPT_02_CO Flue Warning Tag Control | C30: QA | D30: =IF($B30="","",IF(LEFT($AC30,3)="Yes",IF(LEN($AC30)>5,"Blocked - "&MID($AC30,7,100),"Blocked")&IF(SUMPRODUCT((TRIM('Rework Log'!$A$3:$A$500)=TRIM($B30))*('Rework Log'!$G$3:$G$500<>"Yes")*('Rework Log'!$G$3:$G$500<>"Did not pass re-test"))=0,"",IF(SUMPRODUCT(((TRIM('Rework Log'!$A$3:$A$500)=TRIM($B30))*('Rework Log'!$G$3:$G$500<>"Yes")*('Rework Log'!$G$3:$G$500<>"Did not pass re-test"))*ISNUMBER('Rework Log'!$J$3:$J$500))>0," - fixed, awaiting re-test",IF(SUMPRODUCT(MAX(((TRIM('Rework Log'!$A$3:$A$500)=TRIM($B30))*('Rework Log'!$G$3:$G$500<>"Yes")*('Rework Log'!$G$3:$G$500<>"Did not pass re-test"))*IFERROR('Rework Log'!$I$3:$I$500*1,0)))=0," - unclaimed"," - promised "&TEXT(SUMPRODUCT(MAX(((TRIM('Rework Log'!$A$3:$A$500)=TRIM($B30))*('Rework Log'!$G$3:$G$500<>"Yes")*('Rework Log'!$G$3:$G$500<>"Did not pass re-test"))*IFERROR('Rework Log'!$I$3:$I$500*1,0))),"m/d")))),IF(TRIM(C30)="NOT STARTED",IF(K30="","No plan date set",IF(K30<TODAY(),"Review - planned start passed","On track")),IF(TRIM(C30)="DB Dev",IF(M30="","No target set",IF(AND(M30<TODAY(),O30=""),"Overdue","On track")),IF(TRIM(C30)="PBI Dev",IF(P30="","No target set",IF(AND(P30<TODAY(),R30=""),"Overdue","On track")),IF(TRIM(C30)="QA",IF(S30="","No target set",IF(AND(S30<TODAY(),U30=""),"Overdue","On track")),IF(TRIM(C30)="DPO Approval",IF(V30="","No target set",IF(V30<TODAY(),"Overdue","On track")),IF(TRIM(C30)="RELEASED IN PROD","Delivered","")))))))) -> Blocked - needs PBI Dev to fix | E30: 1 | F30: Kushal | G30: Rupa | H30: Navya | I30: Kushal | K30: 46234 | L30: July | P30: 46223 | R30: 46223 | S30: 46227 | U30: 46227 | AC30: Yes – needs PBI Dev to fix | AD30: =IF($B30="","",IF(AND(LEFT($AC30,3)="Yes",SUMPRODUCT((TRIM('Rework Log'!$A$3:$A$500)=TRIM($B30))*('Rework Log'!$G$3:$G$500<>"Yes")*('Rework Log'!$G$3:$G$500<>"Did not pass re-test"))=0),"Blocked - log it on Rework Log",IF(AND(LEFT($AC30,3)<>"Yes",SUMPRODUCT((TRIM('Rework Log'!$A$3:$A$500)=TRIM($B30))*('Rework Log'!$G$3:$G$500<>"Yes")*('Rework Log'!$G$3:$G$500<>"Did not pass re-test"))>0),"Open rework row - mark Blocked? or close it",IF(AND(LEFT($AC30,3)<>"Yes",SUMPRODUCT((TRIM('Rework Log'!$A$3:$A$500)=TRIM($B30))*('Rework Log'!$G$3:$G$500<>"Yes")*('Rework Log'!$G$3:$G$500<>"Did not pass re-test"))=0,COUNTIF('Rework Log'!$A$3:$A$500,$B30)>0,IFERROR(INDEX('Rework Log'!$G:$G,SUMPRODUCT(MAX((TRIM('Rework Log'!$A$3:$A$500)=TRIM($B30))*ROW('Rework Log'!$A$3:$A$500)))),"")="Did not pass re-test"),"Last fix rejected - re-block or log next attempt",IF(AND(LEFT($AC30,3)="Yes",ISNUMBER(SEARCH("needs DB Dev",$AC30)),O30<>"",SUMPRODUCT(MAX(((TRIM('Rework Log'!$A$3:$A$500)=TRIM($B30))*('Rework Log'!$G$3:$G$500<>"Yes")*('Rework Log'!$G$3:$G$500<>"Did not pass re-test"))*IFERROR('Rework Log'!$I$3:$I$500*1,0)))>0),"Move old DB Dev completion date to Rework Log (col H)",IF(AND(LEFT($AC30,3)="Yes",ISNUMBER(SEARCH("needs PBI Dev",$AC30)),R30<>"",SUMPRODUCT(MAX(((TRIM('Rework Log'!$A$3:$A$500)=TRIM($B30))*('Rework Log'!$G$3:$G$500<>"Yes")*('Rework Log'!$G$3:$G$500<>"Did not pass re-test"))*IFERROR('Rework Log'!$I$3:$I$500*1,0)))>0),"Move old PBI Dev completion date to Rework Log (col H)",IF(AND(LEFT($AC30,3)="Yes",ISNUMBER(SEARCH("needs QA",$AC30)),U30<>"",SUMPRODUCT(MAX(((TRIM('Rework Log'!$A$3:$A$500)=TRIM($B30))*('Rework Log'!$G$3:$G$500<>"Yes")*('Rework Log'!$G$3:$G$500<>"Did not pass re-test"))*IFERROR('Rework Log'!$I$3:$I$500*1,0)))>0),"Move old QA completion date to Rework Log (col H)",IF(AND(LEFT($AC30,3)="Yes",ISNUMBER(SEARCH("needs DB Dev",$AC30)),TRIM(C30)<>"DB Dev"),"Set Current Status back to DB Dev",IF(AND(LEFT($AC30,3)="Yes",ISNUMBER(SEARCH("needs PBI Dev",$AC30)),TRIM(C30)<>"PBI Dev"),"Set Current Status back to PBI Dev",IF(AND(LEFT($AC30,3)="Yes",ISNUMBER(SEARCH("needs QA",$AC30)),TRIM(C30)<>"QA"),"Set Current Status back to QA",IF(COUNTIF($B$2:$B$500,$B30)>1,"Duplicate name - check row",IF(AND(TRIM(C30)="RELEASED IN PROD",Y30<>"Yes"),"Released but Confirmed Deployed? is not Yes",IF(COUNTIF('Rework Log'!$A$3:$A$500,$B30)>0,"",IF(AND(S30<>"",M30<>"",S30<M30),"QA target is before DB Dev target",IF(AND(S30<>"",P30<>"",S30<P30),"QA target is before PBI Dev target",IF(AND(V30<>"",S30<>"",V30<S30),"DPO Approval target is before QA target",IF(AND(Z30<>"",V30<>"",Z30<V30),"Confirmed Deployed date is before DPO Approval target",""))))))))))))))))) -> Blocked - log it on Rework Log | AE30: Blocked with https://jira.prod.nationalgrid.com/browse/GDMP-2875
A31: CMS | B31: RPT_02_Warning Tag HEFPA | C31: QA | D31: =IF($B31="","",IF(LEFT($AC31,3)="Yes",IF(LEN($AC31)>5,"Blocked - "&MID($AC31,7,100),"Blocked")&IF(SUMPRODUCT((TRIM('Rework Log'!$A$3:$A$500)=TRIM($B31))*('Rework Log'!$G$3:$G$500<>"Yes")*('Rework Log'!$G$3:$G$500<>"Did not pass re-test"))=0,"",IF(SUMPRODUCT(((TRIM('Rework Log'!$A$3:$A$500)=TRIM($B31))*('Rework Log'!$G$3:$G$500<>"Yes")*('Rework Log'!$G$3:$G$500<>"Did not pass re-test"))*ISNUMBER('Rework Log'!$J$3:$J$500))>0," - fixed, awaiting re-test",IF(SUMPRODUCT(MAX(((TRIM('Rework Log'!$A$3:$A$500)=TRIM($B31))*('Rework Log'!$G$3:$G$500<>"Yes")*('Rework Log'!$G$3:$G$500<>"Did not pass re-test"))*IFERROR('Rework Log'!$I$3:$I$500*1,0)))=0," - unclaimed"," - promised "&TEXT(SUMPRODUCT(MAX(((TRIM('Rework Log'!$A$3:$A$500)=TRIM($B31))*('Rework Log'!$G$3:$G$500<>"Yes")*('Rework Log'!$G$3:$G$500<>"Did not pass re-test"))*IFERROR('Rework Log'!$I$3:$I$500*1,0))),"m/d")))),IF(TRIM(C31)="NOT STARTED",IF(K31="","No plan date set",IF(K31<TODAY(),"Review - planned start passed","On track")),IF(TRIM(C31)="DB Dev",IF(M31="","No target set",IF(AND(M31<TODAY(),O31=""),"Overdue","On track")),IF(TRIM(C31)="PBI Dev",IF(P31="","No target set",IF(AND(P31<TODAY(),R31=""),"Overdue","On track")),IF(TRIM(C31)="QA",IF(S31="","No target set",IF(AND(S31<TODAY(),U31=""),"Overdue","On track")),IF(TRIM(C31)="DPO Approval",IF(V31="","No target set",IF(V31<TODAY(),"Overdue","On track")),IF(TRIM(C31)="RELEASED IN PROD","Delivered","")))))))) -> On track | E31: 2 | F31: Kushal | G31: Sree | H31: Shraddha | I31: Kushal | K31: 46234 | L31: July | P31: 46224 | R31: 46224 | S31: 46227 | U31: 46227 | AC31: No | AD31: =IF($B31="","",IF(AND(LEFT($AC31,3)="Yes",SUMPRODUCT((TRIM('Rework Log'!$A$3:$A$500)=TRIM($B31))*('Rework Log'!$G$3:$G$500<>"Yes")*('Rework Log'!$G$3:$G$500<>"Did not pass re-test"))=0),"Blocked - log it on Rework Log",IF(AND(LEFT($AC31,3)<>"Yes",SUMPRODUCT((TRIM('Rework Log'!$A$3:$A$500)=TRIM($B31))*('Rework Log'!$G$3:$G$500<>"Yes")*('Rework Log'!$G$3:$G$500<>"Did not pass re-test"))>0),"Open rework row - mark Blocked? or close it",IF(AND(LEFT($AC31,3)<>"Yes",SUMPRODUCT((TRIM('Rework Log'!$A$3:$A$500)=TRIM($B31))*('Rework Log'!$G$3:$G$500<>"Yes")*('Rework Log'!$G$3:$G$500<>"Did not pass re-test"))=0,COUNTIF('Rework Log'!$A$3:$A$500,$B31)>0,IFERROR(INDEX('Rework Log'!$G:$G,SUMPRODUCT(MAX((TRIM('Rework Log'!$A$3:$A$500)=TRIM($B31))*ROW('Rework Log'!$A$3:$A$500)))),"")="Did not pass re-test"),"Last fix rejected - re-block or log next attempt",IF(AND(LEFT($AC31,3)="Yes",ISNUMBER(SEARCH("needs DB Dev",$AC31)),O31<>"",SUMPRODUCT(MAX(((TRIM('Rework Log'!$A$3:$A$500)=TRIM($B31))*('Rework Log'!$G$3:$G$500<>"Yes")*('Rework Log'!$G$3:$G$500<>"Did not pass re-test"))*IFERROR('Rework Log'!$I$3:$I$500*1,0)))>0),"Move old DB Dev completion date to Rework Log (col H)",IF(AND(LEFT($AC31,3)="Yes",ISNUMBER(SEARCH("needs PBI Dev",$AC31)),R31<>"",SUMPRODUCT(MAX(((TRIM('Rework Log'!$A$3:$A$500)=TRIM($B31))*('Rework Log'!$G$3:$G$500<>"Yes")*('Rework Log'!$G$3:$G$500<>"Did not pass re-test"))*IFERROR('Rework Log'!$I$3:$I$500*1,0)))>0),"Move old PBI Dev completion date to Rework Log (col H)",IF(AND(LEFT($AC31,3)="Yes",ISNUMBER(SEARCH("needs QA",$AC31)),U31<>"",SUMPRODUCT(MAX(((TRIM('Rework Log'!$A$3:$A$500)=TRIM($B31))*('Rework Log'!$G$3:$G$500<>"Yes")*('Rework Log'!$G$3:$G$500<>"Did not pass re-test"))*IFERROR('Rework Log'!$I$3:$I$500*1,0)))>0),"Move old QA completion date to Rework Log (col H)",IF(AND(LEFT($AC31,3)="Yes",ISNUMBER(SEARCH("needs DB Dev",$AC31)),TRIM(C31)<>"DB Dev"),"Set Current Status back to DB Dev",IF(AND(LEFT($AC31,3)="Yes",ISNUMBER(SEARCH("needs PBI Dev",$AC31)),TRIM(C31)<>"PBI Dev"),"Set Current Status back to PBI Dev",IF(AND(LEFT($AC31,3)="Yes",ISNUMBER(SEARCH("needs QA",$AC31)),TRIM(C31)<>"QA"),"Set Current Status back to QA",IF(COUNTIF($B$2:$B$500,$B31)>1,"Duplicate name - check row",IF(AND(TRIM(C31)="RELEASED IN PROD",Y31<>"Yes"),"Released but Confirmed Deployed? is not Yes",IF(COUNTIF('Rework Log'!$A$3:$A$500,$B31)>0,"",IF(AND(S31<>"",M31<>"",S31<M31),"QA target is before DB Dev target",IF(AND(S31<>"",P31<>"",S31<P31),"QA target is before PBI Dev target",IF(AND(V31<>"",S31<>"",V31<S31),"DPO Approval target is before QA target",IF(AND(Z31<>"",V31<>"",Z31<V31),"Confirmed Deployed date is before DPO Approval target",""))))))))))))))))) | AE31: Count Msimatches Found between ODS and GDM [QA note, 07/2026]: Observing count mismatch, Sree looking into it (07/22/2026).
A32: CMS | B32: RPT_02_Warning tag Printout | C32: QA | D32: =IF($B32="","",IF(LEFT($AC32,3)="Yes",IF(LEN($AC32)>5,"Blocked - "&MID($AC32,7,100),"Blocked")&IF(SUMPRODUCT((TRIM('Rework Log'!$A$3:$A$500)=TRIM($B32))*('Rework Log'!$G$3:$G$500<>"Yes")*('Rework Log'!$G$3:$G$500<>"Did not pass re-test"))=0,"",IF(SUMPRODUCT(((TRIM('Rework Log'!$A$3:$A$500)=TRIM($B32))*('Rework Log'!$G$3:$G$500<>"Yes")*('Rework Log'!$G$3:$G$500<>"Did not pass re-test"))*ISNUMBER('Rework Log'!$J$3:$J$500))>0," - fixed, awaiting re-test",IF(SUMPRODUCT(MAX(((TRIM('Rework Log'!$A$3:$A$500)=TRIM($B32))*('Rework Log'!$G$3:$G$500<>"Yes")*('Rework Log'!$G$3:$G$500<>"Did not pass re-test"))*IFERROR('Rework Log'!$I$3:$I$500*1,0)))=0," - unclaimed"," - promised "&TEXT(SUMPRODUCT(MAX(((TRIM('Rework Log'!$A$3:$A$500)=TRIM($B32))*('Rework Log'!$G$3:$G$500<>"Yes")*('Rework Log'!$G$3:$G$500<>"Did not pass re-test"))*IFERROR('Rework Log'!$I$3:$I$500*1,0))),"m/d")))),IF(TRIM(C32)="NOT STARTED",IF(K32="","No plan date set",IF(K32<TODAY(),"Review - planned start passed","On track")),IF(TRIM(C32)="DB Dev",IF(M32="","No target set",IF(AND(M32<TODAY(),O32=""),"Overdue","On track")),IF(TRIM(C32)="PBI Dev",IF(P32="","No target set",IF(AND(P32<TODAY(),R32=""),"Overdue","On track")),IF(TRIM(C32)="QA",IF(S32="","No target set",IF(AND(S32<TODAY(),U32=""),"Overdue","On track")),IF(TRIM(C32)="DPO Approval",IF(V32="","No target set",IF(V32<TODAY(),"Overdue","On track")),IF(TRIM(C32)="RELEASED IN PROD","Delivered","")))))))) -> No target set | E32: 3 | F32: Kushal | G32: Sree | H32: Shraddha | I32: Kushal | K32: 46234 | L32: July | P32: 46230 | AC32: No | AD32: =IF($B32="","",IF(AND(LEFT($AC32,3)="Yes",SUMPRODUCT((TRIM('Rework Log'!$A$3:$A$500)=TRIM($B32))*('Rework Log'!$G$3:$G$500<>"Yes")*('Rework Log'!$G$3:$G$500<>"Did not pass re-test"))=0),"Blocked - log it on Rework Log",IF(AND(LEFT($AC32,3)<>"Yes",SUMPRODUCT((TRIM('Rework Log'!$A$3:$A$500)=TRIM($B32))*('Rework Log'!$G$3:$G$500<>"Yes")*('Rework Log'!$G$3:$G$500<>"Did not pass re-test"))>0),"Open rework row - mark Blocked? or close it",IF(AND(LEFT($AC32,3)<>"Yes",SUMPRODUCT((TRIM('Rework Log'!$A$3:$A$500)=TRIM($B32))*('Rework Log'!$G$3:$G$500<>"Yes")*('Rework Log'!$G$3:$G$500<>"Did not pass re-test"))=0,COUNTIF('Rework Log'!$A$3:$A$500,$B32)>0,IFERROR(INDEX('Rework Log'!$G:$G,SUMPRODUCT(MAX((TRIM('Rework Log'!$A$3:$A$500)=TRIM($B32))*ROW('Rework Log'!$A$3:$A$500)))),"")="Did not pass re-test"),"Last fix rejected - re-block or log next attempt",IF(AND(LEFT($AC32,3)="Yes",ISNUMBER(SEARCH("needs DB Dev",$AC32)),O32<>"",SUMPRODUCT(MAX(((TRIM('Rework Log'!$A$3:$A$500)=TRIM($B32))*('Rework Log'!$G$3:$G$500<>"Yes")*('Rework Log'!$G$3:$G$500<>"Did not pass re-test"))*IFERROR('Rework Log'!$I$3:$I$500*1,0)))>0),"Move old DB Dev completion date to Rework Log (col H)",IF(AND(LEFT($AC32,3)="Yes",ISNUMBER(SEARCH("needs PBI Dev",$AC32)),R32<>"",SUMPRODUCT(MAX(((TRIM('Rework Log'!$A$3:$A$500)=TRIM($B32))*('Rework Log'!$G$3:$G$500<>"Yes")*('Rework Log'!$G$3:$G$500<>"Did not pass re-test"))*IFERROR('Rework Log'!$I$3:$I$500*1,0)))>0),"Move old PBI Dev completion date to Rework Log (col H)",IF(AND(LEFT($AC32,3)="Yes",ISNUMBER(SEARCH("needs QA",$AC32)),U32<>"",SUMPRODUCT(MAX(((TRIM('Rework Log'!$A$3:$A$500)=TRIM($B32))*('Rework Log'!$G$3:$G$500<>"Yes")*('Rework Log'!$G$3:$G$500<>"Did not pass re-test"))*IFERROR('Rework Log'!$I$3:$I$500*1,0)))>0),"Move old QA completion date to Rework Log (col H)",IF(AND(LEFT($AC32,3)="Yes",ISNUMBER(SEARCH("needs DB Dev",$AC32)),TRIM(C32)<>"DB Dev"),"Set Current Status back to DB Dev",IF(AND(LEFT($AC32,3)="Yes",ISNUMBER(SEARCH("needs PBI Dev",$AC32)),TRIM(C32)<>"PBI Dev"),"Set Current Status back to PBI Dev",IF(AND(LEFT($AC32,3)="Yes",ISNUMBER(SEARCH("needs QA",$AC32)),TRIM(C32)<>"QA"),"Set Current Status back to QA",IF(COUNTIF($B$2:$B$500,$B32)>1,"Duplicate name - check row",IF(AND(TRIM(C32)="RELEASED IN PROD",Y32<>"Yes"),"Released but Confirmed Deployed? is not Yes",IF(COUNTIF('Rework Log'!$A$3:$A$500,$B32)>0,"",IF(AND(S32<>"",M32<>"",S32<M32),"QA target is before DB Dev target",IF(AND(S32<>"",P32<>"",S32<P32),"QA target is before PBI Dev target",IF(AND(V32<>"",S32<>"",V32<S32),"DPO Approval target is before QA target",IF(AND(Z32<>"",V32<>"",Z32<V32),"Confirmed Deployed date is before DPO Approval target",""))))))))))))))))) | AE32: Note: this report's stage dates are not in chronological order in the source tracker (e.g. a later stage dated before an earlier one) - please verify with the assigned developer. [QA note, 07/2026]: Development is completed, waiting for the view to be deployed to QA.
A33: CMS | B33: RPT_02_Corrosion | C33: QA | D33: =IF($B33="","",IF(LEFT($AC33,3)="Yes",IF(LEN($AC33)>5,"Blocked - "&MID($AC33,7,100),"Blocked")&IF(SUMPRODUCT((TRIM('Rework Log'!$A$3:$A$500)=TRIM($B33))*('Rework Log'!$G$3:$G$500<>"Yes")*('Rework Log'!$G$3:$G$500<>"Did not pass re-test"))=0,"",IF(SUMPRODUCT(((TRIM('Rework Log'!$A$3:$A$500)=TRIM($B33))*('Rework Log'!$G$3:$G$500<>"Yes")*('Rework Log'!$G$3:$G$500<>"Did not pass re-test"))*ISNUMBER('Rework Log'!$J$3:$J$500))>0," - fixed, awaiting re-test",IF(SUMPRODUCT(MAX(((TRIM('Rework Log'!$A$3:$A$500)=TRIM($B33))*('Rework Log'!$G$3:$G$500<>"Yes")*('Rework Log'!$G$3:$G$500<>"Did not pass re-test"))*IFERROR('Rework Log'!$I$3:$I$500*1,0)))=0," - unclaimed"," - promised "&TEXT(SUMPRODUCT(MAX(((TRIM('Rework Log'!$A$3:$A$500)=TRIM($B33))*('Rework Log'!$G$3:$G$500<>"Yes")*('Rework Log'!$G$3:$G$500<>"Did not pass re-test"))*IFERROR('Rework Log'!$I$3:$I$500*1,0))),"m/d")))),IF(TRIM(C33)="NOT STARTED",IF(K33="","No plan date set",IF(K33<TODAY(),"Review - planned start passed","On track")),IF(TRIM(C33)="DB Dev",IF(M33="","No target set",IF(AND(M33<TODAY(),O33=""),"Overdue","On track")),IF(TRIM(C33)="PBI Dev",IF(P33="","No target set",IF(AND(P33<TODAY(),R33=""),"Overdue","On track")),IF(TRIM(C33)="QA",IF(S33="","No target set",IF(AND(S33<TODAY(),U33=""),"Overdue","On track")),IF(TRIM(C33)="DPO Approval",IF(V33="","No target set",IF(V33<TODAY(),"Overdue","On track")),IF(TRIM(C33)="RELEASED IN PROD","Delivered","")))))))) -> No target set | E33: 4 | F33: Kushal | G33: Siva | H33: Sarath | I33: Kushal | K33: 46234 | L33: July | P33: 46230 | AC33: No | AD33: =IF($B33="","",IF(AND(LEFT($AC33,3)="Yes",SUMPRODUCT((TRIM('Rework Log'!$A$3:$A$500)=TRIM($B33))*('Rework Log'!$G$3:$G$500<>"Yes")*('Rework Log'!$G$3:$G$500<>"Did not pass re-test"))=0),"Blocked - log it on Rework Log",IF(AND(LEFT($AC33,3)<>"Yes",SUMPRODUCT((TRIM('Rework Log'!$A$3:$A$500)=TRIM($B33))*('Rework Log'!$G$3:$G$500<>"Yes")*('Rework Log'!$G$3:$G$500<>"Did not pass re-test"))>0),"Open rework row - mark Blocked? or close it",IF(AND(LEFT($AC33,3)<>"Yes",SUMPRODUCT((TRIM('Rework Log'!$A$3:$A$500)=TRIM($B33))*('Rework Log'!$G$3:$G$500<>"Yes")*('Rework Log'!$G$3:$G$500<>"Did not pass re-test"))=0,COUNTIF('Rework Log'!$A$3:$A$500,$B33)>0,IFERROR(INDEX('Rework Log'!$G:$G,SUMPRODUCT(MAX((TRIM('Rework Log'!$A$3:$A$500)=TRIM($B33))*ROW('Rework Log'!$A$3:$A$500)))),"")="Did not pass re-test"),"Last fix rejected - re-block or log next attempt",IF(AND(LEFT($AC33,3)="Yes",ISNUMBER(SEARCH("needs DB Dev",$AC33)),O33<>"",SUMPRODUCT(MAX(((TRIM('Rework Log'!$A$3:$A$500)=TRIM($B33))*('Rework Log'!$G$3:$G$500<>"Yes")*('Rework Log'!$G$3:$G$500<>"Did not pass re-test"))*IFERROR('Rework Log'!$I$3:$I$500*1,0)))>0),"Move old DB Dev completion date to Rework Log (col H)",IF(AND(LEFT($AC33,3)="Yes",ISNUMBER(SEARCH("needs PBI Dev",$AC33)),R33<>"",SUMPRODUCT(MAX(((TRIM('Rework Log'!$A$3:$A$500)=TRIM($B33))*('Rework Log'!$G$3:$G$500<>"Yes")*('Rework Log'!$G$3:$G$500<>"Did not pass re-test"))*IFERROR('Rework Log'!$I$3:$I$500*1,0)))>0),"Move old PBI Dev completion date to Rework Log (col H)",IF(AND(LEFT($AC33,3)="Yes",ISNUMBER(SEARCH("needs QA",$AC33)),U33<>"",SUMPRODUCT(MAX(((TRIM('Rework Log'!$A$3:$A$500)=TRIM($B33))*('Rework Log'!$G$3:$G$500<>"Yes")*('Rework Log'!$G$3:$G$500<>"Did not pass re-test"))*IFERROR('Rework Log'!$I$3:$I$500*1,0)))>0),"Move old QA completion date to Rework Log (col H)",IF(AND(LEFT($AC33,3)="Yes",ISNUMBER(SEARCH("needs DB Dev",$AC33)),TRIM(C33)<>"DB Dev"),"Set Current Status back to DB Dev",IF(AND(LEFT($AC33,3)="Yes",ISNUMBER(SEARCH("needs PBI Dev",$AC33)),TRIM(C33)<>"PBI Dev"),"Set Current Status back to PBI Dev",IF(AND(LEFT($AC33,3)="Yes",ISNUMBER(SEARCH("needs QA",$AC33)),TRIM(C33)<>"QA"),"Set Current Status back to QA",IF(COUNTIF($B$2:$B$500,$B33)>1,"Duplicate name - check row",IF(AND(TRIM(C33)="RELEASED IN PROD",Y33<>"Yes"),"Released but Confirmed Deployed? is not Yes",IF(COUNTIF('Rework Log'!$A$3:$A$500,$B33)>0,"",IF(AND(S33<>"",M33<>"",S33<M33),"QA target is before DB Dev target",IF(AND(S33<>"",P33<>"",S33<P33),"QA target is before PBI Dev target",IF(AND(V33<>"",S33<>"",V33<S33),"DPO Approval target is before QA target",IF(AND(Z33<>"",V33<>"",Z33<V33),"Confirmed Deployed date is before DPO Approval target",""))))))))))))))))) | AE33: Note: this report's stage dates are not in chronological order in the source tracker (e.g. a later stage dated before an earlier one) - please verify with the assigned developer.
A34: CMS | B34: RPT_02_House Pipe Test Comment Control | C34: QA | D34: =IF($B34="","",IF(LEFT($AC34,3)="Yes",IF(LEN($AC34)>5,"Blocked - "&MID($AC34,7,100),"Blocked")&IF(SUMPRODUCT((TRIM('Rework Log'!$A$3:$A$500)=TRIM($B34))*('Rework Log'!$G$3:$G$500<>"Yes")*('Rework Log'!$G$3:$G$500<>"Did not pass re-test"))=0,"",IF(SUMPRODUCT(((TRIM('Rework Log'!$A$3:$A$500)=TRIM($B34))*('Rework Log'!$G$3:$G$500<>"Yes")*('Rework Log'!$G$3:$G$500<>"Did not pass re-test"))*ISNUMBER('Rework Log'!$J$3:$J$500))>0," - fixed, awaiting re-test",IF(SUMPRODUCT(MAX(((TRIM('Rework Log'!$A$3:$A$500)=TRIM($B34))*('Rework Log'!$G$3:$G$500<>"Yes")*('Rework Log'!$G$3:$G$500<>"Did not pass re-test"))*IFERROR('Rework Log'!$I$3:$I$500*1,0)))=0," - unclaimed"," - promised "&TEXT(SUMPRODUCT(MAX(((TRIM('Rework Log'!$A$3:$A$500)=TRIM($B34))*('Rework Log'!$G$3:$G$500<>"Yes")*('Rework Log'!$G$3:$G$500<>"Did not pass re-test"))*IFERROR('Rework Log'!$I$3:$I$500*1,0))),"m/d")))),IF(TRIM(C34)="NOT STARTED",IF(K34="","No plan date set",IF(K34<TODAY(),"Review - planned start passed","On track")),IF(TRIM(C34)="DB Dev",IF(M34="","No target set",IF(AND(M34<TODAY(),O34=""),"Overdue","On track")),IF(TRIM(C34)="PBI Dev",IF(P34="","No target set",IF(AND(P34<TODAY(),R34=""),"Overdue","On track")),IF(TRIM(C34)="QA",IF(S34="","No target set",IF(AND(S34<TODAY(),U34=""),"Overdue","On track")),IF(TRIM(C34)="DPO Approval",IF(V34="","No target set",IF(V34<TODAY(),"Overdue","On track")),IF(TRIM(C34)="RELEASED IN PROD","Delivered","")))))))) -> On track | E34: 5 | F34: Kushal | G34: Geetha | H34: Shraddha | I34: Preety | K34: 46234 | L34: July | P34: 46218 | R34: 46226 | S34: 46225 | U34: 46225 | AC34: No | AD34: =IF($B34="","",IF(AND(LEFT($AC34,3)="Yes",SUMPRODUCT((TRIM('Rework Log'!$A$3:$A$500)=TRIM($B34))*('Rework Log'!$G$3:$G$500<>"Yes")*('Rework Log'!$G$3:$G$500<>"Did not pass re-test"))=0),"Blocked - log it on Rework Log",IF(AND(LEFT($AC34,3)<>"Yes",SUMPRODUCT((TRIM('Rework Log'!$A$3:$A$500)=TRIM($B34))*('Rework Log'!$G$3:$G$500<>"Yes")*('Rework Log'!$G$3:$G$500<>"Did not pass re-test"))>0),"Open rework row - mark Blocked? or close it",IF(AND(LEFT($AC34,3)<>"Yes",SUMPRODUCT((TRIM('Rework Log'!$A$3:$A$500)=TRIM($B34))*('Rework Log'!$G$3:$G$500<>"Yes")*('Rework Log'!$G$3:$G$500<>"Did not pass re-test"))=0,COUNTIF('Rework Log'!$A$3:$A$500,$B34)>0,IFERROR(INDEX('Rework Log'!$G:$G,SUMPRODUCT(MAX((TRIM('Rework Log'!$A$3:$A$500)=TRIM($B34))*ROW('Rework Log'!$A$3:$A$500)))),"")="Did not pass re-test"),"Last fix rejected - re-block or log next attempt",IF(AND(LEFT($AC34,3)="Yes",ISNUMBER(SEARCH("needs DB Dev",$AC34)),O34<>"",SUMPRODUCT(MAX(((TRIM('Rework Log'!$A$3:$A$500)=TRIM($B34))*('Rework Log'!$G$3:$G$500<>"Yes")*('Rework Log'!$G$3:$G$500<>"Did not pass re-test"))*IFERROR('Rework Log'!$I$3:$I$500*1,0)))>0),"Move old DB Dev completion date to Rework Log (col H)",IF(AND(LEFT($AC34,3)="Yes",ISNUMBER(SEARCH("needs PBI Dev",$AC34)),R34<>"",SUMPRODUCT(MAX(((TRIM('Rework Log'!$A$3:$A$500)=TRIM($B34))*('Rework Log'!$G$3:$G$500<>"Yes")*('Rework Log'!$G$3:$G$500<>"Did not pass re-test"))*IFERROR('Rework Log'!$I$3:$I$500*1,0)))>0),"Move old PBI Dev completion date to Rework Log (col H)",IF(AND(LEFT($AC34,3)="Yes",ISNUMBER(SEARCH("needs QA",$AC34)),U34<>"",SUMPRODUCT(MAX(((TRIM('Rework Log'!$A$3:$A$500)=TRIM($B34))*('Rework Log'!$G$3:$G$500<>"Yes")*('Rework Log'!$G$3:$G$500<>"Did not pass re-test"))*IFERROR('Rework Log'!$I$3:$I$500*1,0)))>0),"Move old QA completion date to Rework Log (col H)",IF(AND(LEFT($AC34,3)="Yes",ISNUMBER(SEARCH("needs DB Dev",$AC34)),TRIM(C34)<>"DB Dev"),"Set Current Status back to DB Dev",IF(AND(LEFT($AC34,3)="Yes",ISNUMBER(SEARCH("needs PBI Dev",$AC34)),TRIM(C34)<>"PBI Dev"),"Set Current Status back to PBI Dev",IF(AND(LEFT($AC34,3)="Yes",ISNUMBER(SEARCH("needs QA",$AC34)),TRIM(C34)<>"QA"),"Set Current Status back to QA",IF(COUNTIF($B$2:$B$500,$B34)>1,"Duplicate name - check row",IF(AND(TRIM(C34)="RELEASED IN PROD",Y34<>"Yes"),"Released but Confirmed Deployed? is not Yes",IF(COUNTIF('Rework Log'!$A$3:$A$500,$B34)>0,"",IF(AND(S34<>"",M34<>"",S34<M34),"QA target is before DB Dev target",IF(AND(S34<>"",P34<>"",S34<P34),"QA target is before PBI Dev target",IF(AND(V34<>"",S34<>"",V34<S34),"DPO Approval target is before QA target",IF(AND(Z34<>"",V34<>"",Z34<V34),"Confirmed Deployed date is before DPO Approval target",""))))))))))))))))) | AE34: Blocked with https://jira.prod.nationalgrid.com/browse/GDMP-2876 , 17/7 - view don't have data in QA [QA note, 07/2026]: Ready for UAT review. [QA Actual date recovered from source text: "22/7 -Completed"]
A35: CMS | B35: RPT_02_Required Regulator Inspection Performed Control | C35: DB Dev | D35: =IF($B35="","",IF(LEFT($AC35,3)="Yes",IF(LEN($AC35)>5,"Blocked - "&MID($AC35,7,100),"Blocked")&IF(SUMPRODUCT((TRIM('Rework Log'!$A$3:$A$500)=TRIM($B35))*('Rework Log'!$G$3:$G$500<>"Yes")*('Rework Log'!$G$3:$G$500<>"Did not pass re-test"))=0,"",IF(SUMPRODUCT(((TRIM('Rework Log'!$A$3:$A$500)=TRIM($B35))*('Rework Log'!$G$3:$G$500<>"Yes")*('Rework Log'!$G$3:$G$500<>"Did not pass re-test"))*ISNUMBER('Rework Log'!$J$3:$J$500))>0," - fixed, awaiting re-test",IF(SUMPRODUCT(MAX(((TRIM('Rework Log'!$A$3:$A$500)=TRIM($B35))*('Rework Log'!$G$3:$G$500<>"Yes")*('Rework Log'!$G$3:$G$500<>"Did not pass re-test"))*IFERROR('Rework Log'!$I$3:$I$500*1,0)))=0," - unclaimed"," - promised "&TEXT(SUMPRODUCT(MAX(((TRIM('Rework Log'!$A$3:$A$500)=TRIM($B35))*('Rework Log'!$G$3:$G$500<>"Yes")*('Rework Log'!$G$3:$G$500<>"Did not pass re-test"))*IFERROR('Rework Log'!$I$3:$I$500*1,0))),"m/d")))),IF(TRIM(C35)="NOT STARTED",IF(K35="","No plan date set",IF(K35<TODAY(),"Review - planned start passed","On track")),IF(TRIM(C35)="DB Dev",IF(M35="","No target set",IF(AND(M35<TODAY(),O35=""),"Overdue","On track")),IF(TRIM(C35)="PBI Dev",IF(P35="","No target set",IF(AND(P35<TODAY(),R35=""),"Overdue","On track")),IF(TRIM(C35)="QA",IF(S35="","No target set",IF(AND(S35<TODAY(),U35=""),"Overdue","On track")),IF(TRIM(C35)="DPO Approval",IF(V35="","No target set",IF(V35<TODAY(),"Overdue","On track")),IF(TRIM(C35)="RELEASED IN PROD","Delivered","")))))))) -> Blocked - needs DB Dev to fix | E35: 6 | F35: Bardia | G35: Siddu | H35: Navya | I35: Bardia | K35: 46234 | L35: July | P35: 46220 | R35: 46220 | S35: 46225 | U35: 46225 | AC35: Yes – needs DB Dev to fix | AD35: =IF($B35="","",IF(AND(LEFT($AC35,3)="Yes",SUMPRODUCT((TRIM('Rework Log'!$A$3:$A$500)=TRIM($B35))*('Rework Log'!$G$3:$G$500<>"Yes")*('Rework Log'!$G$3:$G$500<>"Did not pass re-test"))=0),"Blocked - log it on Rework Log",IF(AND(LEFT($AC35,3)<>"Yes",SUMPRODUCT((TRIM('Rework Log'!$A$3:$A$500)=TRIM($B35))*('Rework Log'!$G$3:$G$500<>"Yes")*('Rework Log'!$G$3:$G$500<>"Did not pass re-test"))>0),"Open rework row - mark Blocked? or close it",IF(AND(LEFT($AC35,3)<>"Yes",SUMPRODUCT((TRIM('Rework Log'!$A$3:$A$500)=TRIM($B35))*('Rework Log'!$G$3:$G$500<>"Yes")*('Rework Log'!$G$3:$G$500<>"Did not pass re-test"))=0,COUNTIF('Rework Log'!$A$3:$A$500,$B35)>0,IFERROR(INDEX('Rework Log'!$G:$G,SUMPRODUCT(MAX((TRIM('Rework Log'!$A$3:$A$500)=TRIM($B35))*ROW('Rework Log'!$A$3:$A$500)))),"")="Did not pass re-test"),"Last fix rejected - re-block or log next attempt",IF(AND(LEFT($AC35,3)="Yes",ISNUMBER(SEARCH("needs DB Dev",$AC35)),O35<>"",SUMPRODUCT(MAX(((TRIM('Rework Log'!$A$3:$A$500)=TRIM($B35))*('Rework Log'!$G$3:$G$500<>"Yes")*('Rework Log'!$G$3:$G$500<>"Did not pass re-test"))*IFERROR('Rework Log'!$I$3:$I$500*1,0)))>0),"Move old DB Dev completion date to Rework Log (col H)",IF(AND(LEFT($AC35,3)="Yes",ISNUMBER(SEARCH("needs PBI Dev",$AC35)),R35<>"",SUMPRODUCT(MAX(((TRIM('Rework Log'!$A$3:$A$500)=TRIM($B35))*('Rework Log'!$G$3:$G$500<>"Yes")*('Rework Log'!$G$3:$G$500<>"Did not pass re-test"))*IFERROR('Rework Log'!$I$3:$I$500*1,0)))>0),"Move old PBI Dev completion date to Rework Log (col H)",IF(AND(LEFT($AC35,3)="Yes",ISNUMBER(SEARCH("needs QA",$AC35)),U35<>"",SUMPRODUCT(MAX(((TRIM('Rework Log'!$A$3:$A$500)=TRIM($B35))*('Rework Log'!$G$3:$G$500<>"Yes")*('Rework Log'!$G$3:$G$500<>"Did not pass re-test"))*IFERROR('Rework Log'!$I$3:$I$500*1,0)))>0),"Move old QA completion date to Rework Log (col H)",IF(AND(LEFT($AC35,3)="Yes",ISNUMBER(SEARCH("needs DB Dev",$AC35)),TRIM(C35)<>"DB Dev"),"Set Current Status back to DB Dev",IF(AND(LEFT($AC35,3)="Yes",ISNUMBER(SEARCH("needs PBI Dev",$AC35)),TRIM(C35)<>"PBI Dev"),"Set Current Status back to PBI Dev",IF(AND(LEFT($AC35,3)="Yes",ISNUMBER(SEARCH("needs QA",$AC35)),TRIM(C35)<>"QA"),"Set Current Status back to QA",IF(COUNTIF($B$2:$B$500,$B35)>1,"Duplicate name - check row",IF(AND(TRIM(C35)="RELEASED IN PROD",Y35<>"Yes"),"Released but Confirmed Deployed? is not Yes",IF(COUNTIF('Rework Log'!$A$3:$A$500,$B35)>0,"",IF(AND(S35<>"",M35<>"",S35<M35),"QA target is before DB Dev target",IF(AND(S35<>"",P35<>"",S35<P35),"QA target is before PBI Dev target",IF(AND(V35<>"",S35<>"",V35<S35),"DPO Approval target is before QA target",IF(AND(Z35<>"",V35<>"",Z35<V35),"Confirmed Deployed date is before DPO Approval target",""))))))))))))))))) -> Blocked - log it on Rework Log | AE35: GDM_RPT.VW_REQUIRED_REGULATOR_INSPECTIONS_PERFORMED_CONTROL [QA note, 07/2026]: Defects found and sent back for development.
A36: CMS | B36: RPT_02_Service Regulator Inspections | C36: DB Dev | D36: =IF($B36="","",IF(LEFT($AC36,3)="Yes",IF(LEN($AC36)>5,"Blocked - "&MID($AC36,7,100),"Blocked")&IF(SUMPRODUCT((TRIM('Rework Log'!$A$3:$A$500)=TRIM($B36))*('Rework Log'!$G$3:$G$500<>"Yes")*('Rework Log'!$G$3:$G$500<>"Did not pass re-test"))=0,"",IF(SUMPRODUCT(((TRIM('Rework Log'!$A$3:$A$500)=TRIM($B36))*('Rework Log'!$G$3:$G$500<>"Yes")*('Rework Log'!$G$3:$G$500<>"Did not pass re-test"))*ISNUMBER('Rework Log'!$J$3:$J$500))>0," - fixed, awaiting re-test",IF(SUMPRODUCT(MAX(((TRIM('Rework Log'!$A$3:$A$500)=TRIM($B36))*('Rework Log'!$G$3:$G$500<>"Yes")*('Rework Log'!$G$3:$G$500<>"Did not pass re-test"))*IFERROR('Rework Log'!$I$3:$I$500*1,0)))=0," - unclaimed"," - promised "&TEXT(SUMPRODUCT(MAX(((TRIM('Rework Log'!$A$3:$A$500)=TRIM($B36))*('Rework Log'!$G$3:$G$500<>"Yes")*('Rework Log'!$G$3:$G$500<>"Did not pass re-test"))*IFERROR('Rework Log'!$I$3:$I$500*1,0))),"m/d")))),IF(TRIM(C36)="NOT STARTED",IF(K36="","No plan date set",IF(K36<TODAY(),"Review - planned start passed","On track")),IF(TRIM(C36)="DB Dev",IF(M36="","No target set",IF(AND(M36<TODAY(),O36=""),"Overdue","On track")),IF(TRIM(C36)="PBI Dev",IF(P36="","No target set",IF(AND(P36<TODAY(),R36=""),"Overdue","On track")),IF(TRIM(C36)="QA",IF(S36="","No target set",IF(AND(S36<TODAY(),U36=""),"Overdue","On track")),IF(TRIM(C36)="DPO Approval",IF(V36="","No target set",IF(V36<TODAY(),"Overdue","On track")),IF(TRIM(C36)="RELEASED IN PROD","Delivered","")))))))) -> No target set | E36: 7 | F36: Bardia | G36: Sree | H36: Sarath | I36: Bardia | K36: 46234 | L36: July | P36: 46223 | R36: 46223 | S36: 46225 | U36: 46225 | AC36: No | AD36: =IF($B36="","",IF(AND(LEFT($AC36,3)="Yes",SUMPRODUCT((TRIM('Rework Log'!$A$3:$A$500)=TRIM($B36))*('Rework Log'!$G$3:$G$500<>"Yes")*('Rework Log'!$G$3:$G$500<>"Did not pass re-test"))=0),"Blocked - log it on Rework Log",IF(AND(LEFT($AC36,3)<>"Yes",SUMPRODUCT((TRIM('Rework Log'!$A$3:$A$500)=TRIM($B36))*('Rework Log'!$G$3:$G$500<>"Yes")*('Rework Log'!$G$3:$G$500<>"Did not pass re-test"))>0),"Open rework row - mark Blocked? or close it",IF(AND(LEFT($AC36,3)<>"Yes",SUMPRODUCT((TRIM('Rework Log'!$A$3:$A$500)=TRIM($B36))*('Rework Log'!$G$3:$G$500<>"Yes")*('Rework Log'!$G$3:$G$500<>"Did not pass re-test"))=0,COUNTIF('Rework Log'!$A$3:$A$500,$B36)>0,IFERROR(INDEX('Rework Log'!$G:$G,SUMPRODUCT(MAX((TRIM('Rework Log'!$A$3:$A$500)=TRIM($B36))*ROW('Rework Log'!$A$3:$A$500)))),"")="Did not pass re-test"),"Last fix rejected - re-block or log next attempt",IF(AND(LEFT($AC36,3)="Yes",ISNUMBER(SEARCH("needs DB Dev",$AC36)),O36<>"",SUMPRODUCT(MAX(((TRIM('Rework Log'!$A$3:$A$500)=TRIM($B36))*('Rework Log'!$G$3:$G$500<>"Yes")*('Rework Log'!$G$3:$G$500<>"Did not pass re-test"))*IFERROR('Rework Log'!$I$3:$I$500*1,0)))>0),"Move old DB Dev completion date to Rework Log (col H)",IF(AND(LEFT($AC36,3)="Yes",ISNUMBER(SEARCH("needs PBI Dev",$AC36)),R36<>"",SUMPRODUCT(MAX(((TRIM('Rework Log'!$A$3:$A$500)=TRIM($B36))*('Rework Log'!$G$3:$G$500<>"Yes")*('Rework Log'!$G$3:$G$500<>"Did not pass re-test"))*IFERROR('Rework Log'!$I$3:$I$500*1,0)))>0),"Move old PBI Dev completion date to Rework Log (col H)",IF(AND(LEFT($AC36,3)="Yes",ISNUMBER(SEARCH("needs QA",$AC36)),U36<>"",SUMPRODUCT(MAX(((TRIM('Rework Log'!$A$3:$A$500)=TRIM($B36))*('Rework Log'!$G$3:$G$500<>"Yes")*('Rework Log'!$G$3:$G$500<>"Did not pass re-test"))*IFERROR('Rework Log'!$I$3:$I$500*1,0)))>0),"Move old QA completion date to Rework Log (col H)",IF(AND(LEFT($AC36,3)="Yes",ISNUMBER(SEARCH("needs DB Dev",$AC36)),TRIM(C36)<>"DB Dev"),"Set Current Status back to DB Dev",IF(AND(LEFT($AC36,3)="Yes",ISNUMBER(SEARCH("needs PBI Dev",$AC36)),TRIM(C36)<>"PBI Dev"),"Set Current Status back to PBI Dev",IF(AND(LEFT($AC36,3)="Yes",ISNUMBER(SEARCH("needs QA",$AC36)),TRIM(C36)<>"QA"),"Set Current Status back to QA",IF(COUNTIF($B$2:$B$500,$B36)>1,"Duplicate name - check row",IF(AND(TRIM(C36)="RELEASED IN PROD",Y36<>"Yes"),"Released but Confirmed Deployed? is not Yes",IF(COUNTIF('Rework Log'!$A$3:$A$500,$B36)>0,"",IF(AND(S36<>"",M36<>"",S36<M36),"QA target is before DB Dev target",IF(AND(S36<>"",P36<>"",S36<P36),"QA target is before PBI Dev target",IF(AND(V36<>"",S36<>"",V36<S36),"DPO Approval target is before QA target",IF(AND(Z36<>"",V36<>"",Z36<V36),"Confirmed Deployed date is before DPO Approval target",""))))))))))))))))) | AE36: select * from DEV_GDM_DEV_DB.GDM_RPT.VW_SERVICE_REGULATOR_INSPECTIONS [QA note, 07/2026]: Defects found and sent back for development.
A37: CMS | B37: RPT_02_Service Regulator Inspection Printout | C37: QA | D37: =IF($B37="","",IF(LEFT($AC37,3)="Yes",IF(LEN($AC37)>5,"Blocked - "&MID($AC37,7,100),"Blocked")&IF(SUMPRODUCT((TRIM('Rework Log'!$A$3:$A$500)=TRIM($B37))*('Rework Log'!$G$3:$G$500<>"Yes")*('Rework Log'!$G$3:$G$500<>"Did not pass re-test"))=0,"",IF(SUMPRODUCT(((TRIM('Rework Log'!$A$3:$A$500)=TRIM($B37))*('Rework Log'!$G$3:$G$500<>"Yes")*('Rework Log'!$G$3:$G$500<>"Did not pass re-test"))*ISNUMBER('Rework Log'!$J$3:$J$500))>0," - fixed, awaiting re-test",IF(SUMPRODUCT(MAX(((TRIM('Rework Log'!$A$3:$A$500)=TRIM($B37))*('Rework Log'!$G$3:$G$500<>"Yes")*('Rework Log'!$G$3:$G$500<>"Did not pass re-test"))*IFERROR('Rework Log'!$I$3:$I$500*1,0)))=0," - unclaimed"," - promised "&TEXT(SUMPRODUCT(MAX(((TRIM('Rework Log'!$A$3:$A$500)=TRIM($B37))*('Rework Log'!$G$3:$G$500<>"Yes")*('Rework Log'!$G$3:$G$500<>"Did not pass re-test"))*IFERROR('Rework Log'!$I$3:$I$500*1,0))),"m/d")))),IF(TRIM(C37)="NOT STARTED",IF(K37="","No plan date set",IF(K37<TODAY(),"Review - planned start passed","On track")),IF(TRIM(C37)="DB Dev",IF(M37="","No target set",IF(AND(M37<TODAY(),O37=""),"Overdue","On track")),IF(TRIM(C37)="PBI Dev",IF(P37="","No target set",IF(AND(P37<TODAY(),R37=""),"Overdue","On track")),IF(TRIM(C37)="QA",IF(S37="","No target set",IF(AND(S37<TODAY(),U37=""),"Overdue","On track")),IF(TRIM(C37)="DPO Approval",IF(V37="","No target set",IF(V37<TODAY(),"Overdue","On track")),IF(TRIM(C37)="RELEASED IN PROD","Delivered","")))))))) -> No target set | E37: 8 | F37: Bardia | G37: Sree | H37: Sarath | I37: Bardia | K37: 46234 | L37: July | P37: 46224 | AC37: No | AD37: =IF($B37="","",IF(AND(LEFT($AC37,3)="Yes",SUMPRODUCT((TRIM('Rework Log'!$A$3:$A$500)=TRIM($B37))*('Rework Log'!$G$3:$G$500<>"Yes")*('Rework Log'!$G$3:$G$500<>"Did not pass re-test"))=0),"Blocked - log it on Rework Log",IF(AND(LEFT($AC37,3)<>"Yes",SUMPRODUCT((TRIM('Rework Log'!$A$3:$A$500)=TRIM($B37))*('Rework Log'!$G$3:$G$500<>"Yes")*('Rework Log'!$G$3:$G$500<>"Did not pass re-test"))>0),"Open rework row - mark Blocked? or close it",IF(AND(LEFT($AC37,3)<>"Yes",SUMPRODUCT((TRIM('Rework Log'!$A$3:$A$500)=TRIM($B37))*('Rework Log'!$G$3:$G$500<>"Yes")*('Rework Log'!$G$3:$G$500<>"Did not pass re-test"))=0,COUNTIF('Rework Log'!$A$3:$A$500,$B37)>0,IFERROR(INDEX('Rework Log'!$G:$G,SUMPRODUCT(MAX((TRIM('Rework Log'!$A$3:$A$500)=TRIM($B37))*ROW('Rework Log'!$A$3:$A$500)))),"")="Did not pass re-test"),"Last fix rejected - re-block or log next attempt",IF(AND(LEFT($AC37,3)="Yes",ISNUMBER(SEARCH("needs DB Dev",$AC37)),O37<>"",SUMPRODUCT(MAX(((TRIM('Rework Log'!$A$3:$A$500)=TRIM($B37))*('Rework Log'!$G$3:$G$500<>"Yes")*('Rework Log'!$G$3:$G$500<>"Did not pass re-test"))*IFERROR('Rework Log'!$I$3:$I$500*1,0)))>0),"Move old DB Dev completion date to Rework Log (col H)",IF(AND(LEFT($AC37,3)="Yes",ISNUMBER(SEARCH("needs PBI Dev",$AC37)),R37<>"",SUMPRODUCT(MAX(((TRIM('Rework Log'!$A$3:$A$500)=TRIM($B37))*('Rework Log'!$G$3:$G$500<>"Yes")*('Rework Log'!$G$3:$G$500<>"Did not pass re-test"))*IFERROR('Rework Log'!$I$3:$I$500*1,0)))>0),"Move old PBI Dev completion date to Rework Log (col H)",IF(AND(LEFT($AC37,3)="Yes",ISNUMBER(SEARCH("needs QA",$AC37)),U37<>"",SUMPRODUCT(MAX(((TRIM('Rework Log'!$A$3:$A$500)=TRIM($B37))*('Rework Log'!$G$3:$G$500<>"Yes")*('Rework Log'!$G$3:$G$500<>"Did not pass re-test"))*IFERROR('Rework Log'!$I$3:$I$500*1,0)))>0),"Move old QA completion date to Rework Log (col H)",IF(AND(LEFT($AC37,3)="Yes",ISNUMBER(SEARCH("needs DB Dev",$AC37)),TRIM(C37)<>"DB Dev"),"Set Current Status back to DB Dev",IF(AND(LEFT($AC37,3)="Yes",ISNUMBER(SEARCH("needs PBI Dev",$AC37)),TRIM(C37)<>"PBI Dev"),"Set Current Status back to PBI Dev",IF(AND(LEFT($AC37,3)="Yes",ISNUMBER(SEARCH("needs QA",$AC37)),TRIM(C37)<>"QA"),"Set Current Status back to QA",IF(COUNTIF($B$2:$B$500,$B37)>1,"Duplicate name - check row",IF(AND(TRIM(C37)="RELEASED IN PROD",Y37<>"Yes"),"Released but Confirmed Deployed? is not Yes",IF(COUNTIF('Rework Log'!$A$3:$A$500,$B37)>0,"",IF(AND(S37<>"",M37<>"",S37<M37),"QA target is before DB Dev target",IF(AND(S37<>"",P37<>"",S37<P37),"QA target is before PBI Dev target",IF(AND(V37<>"",S37<>"",V37<S37),"DPO Approval target is before QA target",IF(AND(Z37<>"",V37<>"",Z37<V37),"Confirmed Deployed date is before DPO Approval target",""))))))))))))))))) | AE37: this has a dependency on dt_wospecattributes , 15 attributes need to be addted eg NG_REGINVLVREM
A38: CMS | B38: RPT_02_20 Year Regulator Inspection | C38: QA | D38: =IF($B38="","",IF(LEFT($AC38,3)="Yes",IF(LEN($AC38)>5,"Blocked - "&MID($AC38,7,100),"Blocked")&IF(SUMPRODUCT((TRIM('Rework Log'!$A$3:$A$500)=TRIM($B38))*('Rework Log'!$G$3:$G$500<>"Yes")*('Rework Log'!$G$3:$G$500<>"Did not pass re-test"))=0,"",IF(SUMPRODUCT(((TRIM('Rework Log'!$A$3:$A$500)=TRIM($B38))*('Rework Log'!$G$3:$G$500<>"Yes")*('Rework Log'!$G$3:$G$500<>"Did not pass re-test"))*ISNUMBER('Rework Log'!$J$3:$J$500))>0," - fixed, awaiting re-test",IF(SUMPRODUCT(MAX(((TRIM('Rework Log'!$A$3:$A$500)=TRIM($B38))*('Rework Log'!$G$3:$G$500<>"Yes")*('Rework Log'!$G$3:$G$500<>"Did not pass re-test"))*IFERROR('Rework Log'!$I$3:$I$500*1,0)))=0," - unclaimed"," - promised "&TEXT(SUMPRODUCT(MAX(((TRIM('Rework Log'!$A$3:$A$500)=TRIM($B38))*('Rework Log'!$G$3:$G$500<>"Yes")*('Rework Log'!$G$3:$G$500<>"Did not pass re-test"))*IFERROR('Rework Log'!$I$3:$I$500*1,0))),"m/d")))),IF(TRIM(C38)="NOT STARTED",IF(K38="","No plan date set",IF(K38<TODAY(),"Review - planned start passed","On track")),IF(TRIM(C38)="DB Dev",IF(M38="","No target set",IF(AND(M38<TODAY(),O38=""),"Overdue","On track")),IF(TRIM(C38)="PBI Dev",IF(P38="","No target set",IF(AND(P38<TODAY(),R38=""),"Overdue","On track")),IF(TRIM(C38)="QA",IF(S38="","No target set",IF(AND(S38<TODAY(),U38=""),"Overdue","On track")),IF(TRIM(C38)="DPO Approval",IF(V38="","No target set",IF(V38<TODAY(),"Overdue","On track")),IF(TRIM(C38)="RELEASED IN PROD","Delivered","")))))))) -> No target set | E38: 9 | F38: Bardia | G38: Siddu | H38: Navya | I38: Bardia | K38: 46234 | L38: July | P38: 46230 | AC38: No | AD38: =IF($B38="","",IF(AND(LEFT($AC38,3)="Yes",SUMPRODUCT((TRIM('Rework Log'!$A$3:$A$500)=TRIM($B38))*('Rework Log'!$G$3:$G$500<>"Yes")*('Rework Log'!$G$3:$G$500<>"Did not pass re-test"))=0),"Blocked - log it on Rework Log",IF(AND(LEFT($AC38,3)<>"Yes",SUMPRODUCT((TRIM('Rework Log'!$A$3:$A$500)=TRIM($B38))*('Rework Log'!$G$3:$G$500<>"Yes")*('Rework Log'!$G$3:$G$500<>"Did not pass re-test"))>0),"Open rework row - mark Blocked? or close it",IF(AND(LEFT($AC38,3)<>"Yes",SUMPRODUCT((TRIM('Rework Log'!$A$3:$A$500)=TRIM($B38))*('Rework Log'!$G$3:$G$500<>"Yes")*('Rework Log'!$G$3:$G$500<>"Did not pass re-test"))=0,COUNTIF('Rework Log'!$A$3:$A$500,$B38)>0,IFERROR(INDEX('Rework Log'!$G:$G,SUMPRODUCT(MAX((TRIM('Rework Log'!$A$3:$A$500)=TRIM($B38))*ROW('Rework Log'!$A$3:$A$500)))),"")="Did not pass re-test"),"Last fix rejected - re-block or log next attempt",IF(AND(LEFT($AC38,3)="Yes",ISNUMBER(SEARCH("needs DB Dev",$AC38)),O38<>"",SUMPRODUCT(MAX(((TRIM('Rework Log'!$A$3:$A$500)=TRIM($B38))*('Rework Log'!$G$3:$G$500<>"Yes")*('Rework Log'!$G$3:$G$500<>"Did not pass re-test"))*IFERROR('Rework Log'!$I$3:$I$500*1,0)))>0),"Move old DB Dev completion date to Rework Log (col H)",IF(AND(LEFT($AC38,3)="Yes",ISNUMBER(SEARCH("needs PBI Dev",$AC38)),R38<>"",SUMPRODUCT(MAX(((TRIM('Rework Log'!$A$3:$A$500)=TRIM($B38))*('Rework Log'!$G$3:$G$500<>"Yes")*('Rework Log'!$G$3:$G$500<>"Did not pass re-test"))*IFERROR('Rework Log'!$I$3:$I$500*1,0)))>0),"Move old PBI Dev completion date to Rework Log (col H)",IF(AND(LEFT($AC38,3)="Yes",ISNUMBER(SEARCH("needs QA",$AC38)),U38<>"",SUMPRODUCT(MAX(((TRIM('Rework Log'!$A$3:$A$500)=TRIM($B38))*('Rework Log'!$G$3:$G$500<>"Yes")*('Rework Log'!$G$3:$G$500<>"Did not pass re-test"))*IFERROR('Rework Log'!$I$3:$I$500*1,0)))>0),"Move old QA completion date to Rework Log (col H)",IF(AND(LEFT($AC38,3)="Yes",ISNUMBER(SEARCH("needs DB Dev",$AC38)),TRIM(C38)<>"DB Dev"),"Set Current Status back to DB Dev",IF(AND(LEFT($AC38,3)="Yes",ISNUMBER(SEARCH("needs PBI Dev",$AC38)),TRIM(C38)<>"PBI Dev"),"Set Current Status back to PBI Dev",IF(AND(LEFT($AC38,3)="Yes",ISNUMBER(SEARCH("needs QA",$AC38)),TRIM(C38)<>"QA"),"Set Current Status back to QA",IF(COUNTIF($B$2:$B$500,$B38)>1,"Duplicate name - check row",IF(AND(TRIM(C38)="RELEASED IN PROD",Y38<>"Yes"),"Released but Confirmed Deployed? is not Yes",IF(COUNTIF('Rework Log'!$A$3:$A$500,$B38)>0,"",IF(AND(S38<>"",M38<>"",S38<M38),"QA target is before DB Dev target",IF(AND(S38<>"",P38<>"",S38<P38),"QA target is before PBI Dev target",IF(AND(V38<>"",S38<>"",V38<S38),"DPO Approval target is before QA target",IF(AND(Z38<>"",V38<>"",Z38<V38),"Confirmed Deployed date is before DPO Approval target",""))))))))))))))))) | AE38: GDM_RPT.VW_20_YEAR_REGULATOR_INSPECTION_COMPLETED, GDM_RPT.VW_20_YEAR_REGULATOR_INSPECTION_MANDATED
A39: CMS | B39: RPT_02_Fixed Factor | C39: QA | D39: =IF($B39="","",IF(LEFT($AC39,3)="Yes",IF(LEN($AC39)>5,"Blocked - "&MID($AC39,7,100),"Blocked")&IF(SUMPRODUCT((TRIM('Rework Log'!$A$3:$A$500)=TRIM($B39))*('Rework Log'!$G$3:$G$500<>"Yes")*('Rework Log'!$G$3:$G$500<>"Did not pass re-test"))=0,"",IF(SUMPRODUCT(((TRIM('Rework Log'!$A$3:$A$500)=TRIM($B39))*('Rework Log'!$G$3:$G$500<>"Yes")*('Rework Log'!$G$3:$G$500<>"Did not pass re-test"))*ISNUMBER('Rework Log'!$J$3:$J$500))>0," - fixed, awaiting re-test",IF(SUMPRODUCT(MAX(((TRIM('Rework Log'!$A$3:$A$500)=TRIM($B39))*('Rework Log'!$G$3:$G$500<>"Yes")*('Rework Log'!$G$3:$G$500<>"Did not pass re-test"))*IFERROR('Rework Log'!$I$3:$I$500*1,0)))=0," - unclaimed"," - promised "&TEXT(SUMPRODUCT(MAX(((TRIM('Rework Log'!$A$3:$A$500)=TRIM($B39))*('Rework Log'!$G$3:$G$500<>"Yes")*('Rework Log'!$G$3:$G$500<>"Did not pass re-test"))*IFERROR('Rework Log'!$I$3:$I$500*1,0))),"m/d")))),IF(TRIM(C39)="NOT STARTED",IF(K39="","No plan date set",IF(K39<TODAY(),"Review - planned start passed","On track")),IF(TRIM(C39)="DB Dev",IF(M39="","No target set",IF(AND(M39<TODAY(),O39=""),"Overdue","On track")),IF(TRIM(C39)="PBI Dev",IF(P39="","No target set",IF(AND(P39<TODAY(),R39=""),"Overdue","On track")),IF(TRIM(C39)="QA",IF(S39="","No target set",IF(AND(S39<TODAY(),U39=""),"Overdue","On track")),IF(TRIM(C39)="DPO Approval",IF(V39="","No target set",IF(V39<TODAY(),"Overdue","On track")),IF(TRIM(C39)="RELEASED IN PROD","Delivered","")))))))) -> No target set | E39: 10,12 | F39: Bardia | G39: Nick | H39: Navya | I39: Bardia | K39: 46234 | L39: July | P39: 46230 | AC39: No | AD39: =IF($B39="","",IF(AND(LEFT($AC39,3)="Yes",SUMPRODUCT((TRIM('Rework Log'!$A$3:$A$500)=TRIM($B39))*('Rework Log'!$G$3:$G$500<>"Yes")*('Rework Log'!$G$3:$G$500<>"Did not pass re-test"))=0),"Blocked - log it on Rework Log",IF(AND(LEFT($AC39,3)<>"Yes",SUMPRODUCT((TRIM('Rework Log'!$A$3:$A$500)=TRIM($B39))*('Rework Log'!$G$3:$G$500<>"Yes")*('Rework Log'!$G$3:$G$500<>"Did not pass re-test"))>0),"Open rework row - mark Blocked? or close it",IF(AND(LEFT($AC39,3)<>"Yes",SUMPRODUCT((TRIM('Rework Log'!$A$3:$A$500)=TRIM($B39))*('Rework Log'!$G$3:$G$500<>"Yes")*('Rework Log'!$G$3:$G$500<>"Did not pass re-test"))=0,COUNTIF('Rework Log'!$A$3:$A$500,$B39)>0,IFERROR(INDEX('Rework Log'!$G:$G,SUMPRODUCT(MAX((TRIM('Rework Log'!$A$3:$A$500)=TRIM($B39))*ROW('Rework Log'!$A$3:$A$500)))),"")="Did not pass re-test"),"Last fix rejected - re-block or log next attempt",IF(AND(LEFT($AC39,3)="Yes",ISNUMBER(SEARCH("needs DB Dev",$AC39)),O39<>"",SUMPRODUCT(MAX(((TRIM('Rework Log'!$A$3:$A$500)=TRIM($B39))*('Rework Log'!$G$3:$G$500<>"Yes")*('Rework Log'!$G$3:$G$500<>"Did not pass re-test"))*IFERROR('Rework Log'!$I$3:$I$500*1,0)))>0),"Move old DB Dev completion date to Rework Log (col H)",IF(AND(LEFT($AC39,3)="Yes",ISNUMBER(SEARCH("needs PBI Dev",$AC39)),R39<>"",SUMPRODUCT(MAX(((TRIM('Rework Log'!$A$3:$A$500)=TRIM($B39))*('Rework Log'!$G$3:$G$500<>"Yes")*('Rework Log'!$G$3:$G$500<>"Did not pass re-test"))*IFERROR('Rework Log'!$I$3:$I$500*1,0)))>0),"Move old PBI Dev completion date to Rework Log (col H)",IF(AND(LEFT($AC39,3)="Yes",ISNUMBER(SEARCH("needs QA",$AC39)),U39<>"",SUMPRODUCT(MAX(((TRIM('Rework Log'!$A$3:$A$500)=TRIM($B39))*('Rework Log'!$G$3:$G$500<>"Yes")*('Rework Log'!$G$3:$G$500<>"Did not pass re-test"))*IFERROR('Rework Log'!$I$3:$I$500*1,0)))>0),"Move old QA completion date to Rework Log (col H)",IF(AND(LEFT($AC39,3)="Yes",ISNUMBER(SEARCH("needs DB Dev",$AC39)),TRIM(C39)<>"DB Dev"),"Set Current Status back to DB Dev",IF(AND(LEFT($AC39,3)="Yes",ISNUMBER(SEARCH("needs PBI Dev",$AC39)),TRIM(C39)<>"PBI Dev"),"Set Current Status back to PBI Dev",IF(AND(LEFT($AC39,3)="Yes",ISNUMBER(SEARCH("needs QA",$AC39)),TRIM(C39)<>"QA"),"Set Current Status back to QA",IF(COUNTIF($B$2:$B$500,$B39)>1,"Duplicate name - check row",IF(AND(TRIM(C39)="RELEASED IN PROD",Y39<>"Yes"),"Released but Confirmed Deployed? is not Yes",IF(COUNTIF('Rework Log'!$A$3:$A$500,$B39)>0,"",IF(AND(S39<>"",M39<>"",S39<M39),"QA target is before DB Dev target",IF(AND(S39<>"",P39<>"",S39<P39),"QA target is before PBI Dev target",IF(AND(V39<>"",S39<>"",V39<S39),"DPO Approval target is before QA target",IF(AND(Z39<>"",V39<>"",Z39<V39),"Confirmed Deployed date is before DPO Approval target","")))))))))))))))))
A40: CMS | B40: RPT_02_Fixed Factor Printout | C40: QA | D40: =IF($B40="","",IF(LEFT($AC40,3)="Yes",IF(LEN($AC40)>5,"Blocked - "&MID($AC40,7,100),"Blocked")&IF(SUMPRODUCT((TRIM('Rework Log'!$A$3:$A$500)=TRIM($B40))*('Rework Log'!$G$3:$G$500<>"Yes")*('Rework Log'!$G$3:$G$500<>"Did not pass re-test"))=0,"",IF(SUMPRODUCT(((TRIM('Rework Log'!$A$3:$A$500)=TRIM($B40))*('Rework Log'!$G$3:$G$500<>"Yes")*('Rework Log'!$G$3:$G$500<>"Did not pass re-test"))*ISNUMBER('Rework Log'!$J$3:$J$500))>0," - fixed, awaiting re-test",IF(SUMPRODUCT(MAX(((TRIM('Rework Log'!$A$3:$A$500)=TRIM($B40))*('Rework Log'!$G$3:$G$500<>"Yes")*('Rework Log'!$G$3:$G$500<>"Did not pass re-test"))*IFERROR('Rework Log'!$I$3:$I$500*1,0)))=0," - unclaimed"," - promised "&TEXT(SUMPRODUCT(MAX(((TRIM('Rework Log'!$A$3:$A$500)=TRIM($B40))*('Rework Log'!$G$3:$G$500<>"Yes")*('Rework Log'!$G$3:$G$500<>"Did not pass re-test"))*IFERROR('Rework Log'!$I$3:$I$500*1,0))),"m/d")))),IF(TRIM(C40)="NOT STARTED",IF(K40="","No plan date set",IF(K40<TODAY(),"Review - planned start passed","On track")),IF(TRIM(C40)="DB Dev",IF(M40="","No target set",IF(AND(M40<TODAY(),O40=""),"Overdue","On track")),IF(TRIM(C40)="PBI Dev",IF(P40="","No target set",IF(AND(P40<TODAY(),R40=""),"Overdue","On track")),IF(TRIM(C40)="QA",IF(S40="","No target set",IF(AND(S40<TODAY(),U40=""),"Overdue","On track")),IF(TRIM(C40)="DPO Approval",IF(V40="","No target set",IF(V40<TODAY(),"Overdue","On track")),IF(TRIM(C40)="RELEASED IN PROD","Delivered","")))))))) -> No target set | E40: 11 | F40: Bardia | G40: Nick | H40: Shraddha | I40: Preety | K40: 46234 | L40: July | M40: 46223 | O40: 46223 | P40: 46230 | R40: 46226 | AC40: No | AD40: =IF($B40="","",IF(AND(LEFT($AC40,3)="Yes",SUMPRODUCT((TRIM('Rework Log'!$A$3:$A$500)=TRIM($B40))*('Rework Log'!$G$3:$G$500<>"Yes")*('Rework Log'!$G$3:$G$500<>"Did not pass re-test"))=0),"Blocked - log it on Rework Log",IF(AND(LEFT($AC40,3)<>"Yes",SUMPRODUCT((TRIM('Rework Log'!$A$3:$A$500)=TRIM($B40))*('Rework Log'!$G$3:$G$500<>"Yes")*('Rework Log'!$G$3:$G$500<>"Did not pass re-test"))>0),"Open rework row - mark Blocked? or close it",IF(AND(LEFT($AC40,3)<>"Yes",SUMPRODUCT((TRIM('Rework Log'!$A$3:$A$500)=TRIM($B40))*('Rework Log'!$G$3:$G$500<>"Yes")*('Rework Log'!$G$3:$G$500<>"Did not pass re-test"))=0,COUNTIF('Rework Log'!$A$3:$A$500,$B40)>0,IFERROR(INDEX('Rework Log'!$G:$G,SUMPRODUCT(MAX((TRIM('Rework Log'!$A$3:$A$500)=TRIM($B40))*ROW('Rework Log'!$A$3:$A$500)))),"")="Did not pass re-test"),"Last fix rejected - re-block or log next attempt",IF(AND(LEFT($AC40,3)="Yes",ISNUMBER(SEARCH("needs DB Dev",$AC40)),O40<>"",SUMPRODUCT(MAX(((TRIM('Rework Log'!$A$3:$A$500)=TRIM($B40))*('Rework Log'!$G$3:$G$500<>"Yes")*('Rework Log'!$G$3:$G$500<>"Did not pass re-test"))*IFERROR('Rework Log'!$I$3:$I$500*1,0)))>0),"Move old DB Dev completion date to Rework Log (col H)",IF(AND(LEFT($AC40,3)="Yes",ISNUMBER(SEARCH("needs PBI Dev",$AC40)),R40<>"",SUMPRODUCT(MAX(((TRIM('Rework Log'!$A$3:$A$500)=TRIM($B40))*('Rework Log'!$G$3:$G$500<>"Yes")*('Rework Log'!$G$3:$G$500<>"Did not pass re-test"))*IFERROR('Rework Log'!$I$3:$I$500*1,0)))>0),"Move old PBI Dev completion date to Rework Log (col H)",IF(AND(LEFT($AC40,3)="Yes",ISNUMBER(SEARCH("needs QA",$AC40)),U40<>"",SUMPRODUCT(MAX(((TRIM('Rework Log'!$A$3:$A$500)=TRIM($B40))*('Rework Log'!$G$3:$G$500<>"Yes")*('Rework Log'!$G$3:$G$500<>"Did not pass re-test"))*IFERROR('Rework Log'!$I$3:$I$500*1,0)))>0),"Move old QA completion date to Rework Log (col H)",IF(AND(LEFT($AC40,3)="Yes",ISNUMBER(SEARCH("needs DB Dev",$AC40)),TRIM(C40)<>"DB Dev"),"Set Current Status back to DB Dev",IF(AND(LEFT($AC40,3)="Yes",ISNUMBER(SEARCH("needs PBI Dev",$AC40)),TRIM(C40)<>"PBI Dev"),"Set Current Status back to PBI Dev",IF(AND(LEFT($AC40,3)="Yes",ISNUMBER(SEARCH("needs QA",$AC40)),TRIM(C40)<>"QA"),"Set Current Status back to QA",IF(COUNTIF($B$2:$B$500,$B40)>1,"Duplicate name - check row",IF(AND(TRIM(C40)="RELEASED IN PROD",Y40<>"Yes"),"Released but Confirmed Deployed? is not Yes",IF(COUNTIF('Rework Log'!$A$3:$A$500,$B40)>0,"",IF(AND(S40<>"",M40<>"",S40<M40),"QA target is before DB Dev target",IF(AND(S40<>"",P40<>"",S40<P40),"QA target is before PBI Dev target",IF(AND(V40<>"",S40<>"",V40<S40),"DPO Approval target is before QA target",IF(AND(Z40<>"",V40<>"",Z40<V40),"Confirmed Deployed date is before DPO Approval target",""))))))))))))))))) | AE40: [QA note, 07/2026]: Development is completed, QA validation in progress.
A41: CMS | B41: RPT_02_Work Order Completion Printout | C41: QA | D41: =IF($B41="","",IF(LEFT($AC41,3)="Yes",IF(LEN($AC41)>5,"Blocked - "&MID($AC41,7,100),"Blocked")&IF(SUMPRODUCT((TRIM('Rework Log'!$A$3:$A$500)=TRIM($B41))*('Rework Log'!$G$3:$G$500<>"Yes")*('Rework Log'!$G$3:$G$500<>"Did not pass re-test"))=0,"",IF(SUMPRODUCT(((TRIM('Rework Log'!$A$3:$A$500)=TRIM($B41))*('Rework Log'!$G$3:$G$500<>"Yes")*('Rework Log'!$G$3:$G$500<>"Did not pass re-test"))*ISNUMBER('Rework Log'!$J$3:$J$500))>0," - fixed, awaiting re-test",IF(SUMPRODUCT(MAX(((TRIM('Rework Log'!$A$3:$A$500)=TRIM($B41))*('Rework Log'!$G$3:$G$500<>"Yes")*('Rework Log'!$G$3:$G$500<>"Did not pass re-test"))*IFERROR('Rework Log'!$I$3:$I$500*1,0)))=0," - unclaimed"," - promised "&TEXT(SUMPRODUCT(MAX(((TRIM('Rework Log'!$A$3:$A$500)=TRIM($B41))*('Rework Log'!$G$3:$G$500<>"Yes")*('Rework Log'!$G$3:$G$500<>"Did not pass re-test"))*IFERROR('Rework Log'!$I$3:$I$500*1,0))),"m/d")))),IF(TRIM(C41)="NOT STARTED",IF(K41="","No plan date set",IF(K41<TODAY(),"Review - planned start passed","On track")),IF(TRIM(C41)="DB Dev",IF(M41="","No target set",IF(AND(M41<TODAY(),O41=""),"Overdue","On track")),IF(TRIM(C41)="PBI Dev",IF(P41="","No target set",IF(AND(P41<TODAY(),R41=""),"Overdue","On track")),IF(TRIM(C41)="QA",IF(S41="","No target set",IF(AND(S41<TODAY(),U41=""),"Overdue","On track")),IF(TRIM(C41)="DPO Approval",IF(V41="","No target set",IF(V41<TODAY(),"Overdue","On track")),IF(TRIM(C41)="RELEASED IN PROD","Delivered","")))))))) -> No target set | E41: 13 | F41: Kushal | G41: Rupa | H41: Sarath | I41: Preety | K41: 46234 | L41: July | P41: 46230 | AC41: No | AD41: =IF($B41="","",IF(AND(LEFT($AC41,3)="Yes",SUMPRODUCT((TRIM('Rework Log'!$A$3:$A$500)=TRIM($B41))*('Rework Log'!$G$3:$G$500<>"Yes")*('Rework Log'!$G$3:$G$500<>"Did not pass re-test"))=0),"Blocked - log it on Rework Log",IF(AND(LEFT($AC41,3)<>"Yes",SUMPRODUCT((TRIM('Rework Log'!$A$3:$A$500)=TRIM($B41))*('Rework Log'!$G$3:$G$500<>"Yes")*('Rework Log'!$G$3:$G$500<>"Did not pass re-test"))>0),"Open rework row - mark Blocked? or close it",IF(AND(LEFT($AC41,3)<>"Yes",SUMPRODUCT((TRIM('Rework Log'!$A$3:$A$500)=TRIM($B41))*('Rework Log'!$G$3:$G$500<>"Yes")*('Rework Log'!$G$3:$G$500<>"Did not pass re-test"))=0,COUNTIF('Rework Log'!$A$3:$A$500,$B41)>0,IFERROR(INDEX('Rework Log'!$G:$G,SUMPRODUCT(MAX((TRIM('Rework Log'!$A$3:$A$500)=TRIM($B41))*ROW('Rework Log'!$A$3:$A$500)))),"")="Did not pass re-test"),"Last fix rejected - re-block or log next attempt",IF(AND(LEFT($AC41,3)="Yes",ISNUMBER(SEARCH("needs DB Dev",$AC41)),O41<>"",SUMPRODUCT(MAX(((TRIM('Rework Log'!$A$3:$A$500)=TRIM($B41))*('Rework Log'!$G$3:$G$500<>"Yes")*('Rework Log'!$G$3:$G$500<>"Did not pass re-test"))*IFERROR('Rework Log'!$I$3:$I$500*1,0)))>0),"Move old DB Dev completion date to Rework Log (col H)",IF(AND(LEFT($AC41,3)="Yes",ISNUMBER(SEARCH("needs PBI Dev",$AC41)),R41<>"",SUMPRODUCT(MAX(((TRIM('Rework Log'!$A$3:$A$500)=TRIM($B41))*('Rework Log'!$G$3:$G$500<>"Yes")*('Rework Log'!$G$3:$G$500<>"Did not pass re-test"))*IFERROR('Rework Log'!$I$3:$I$500*1,0)))>0),"Move old PBI Dev completion date to Rework Log (col H)",IF(AND(LEFT($AC41,3)="Yes",ISNUMBER(SEARCH("needs QA",$AC41)),U41<>"",SUMPRODUCT(MAX(((TRIM('Rework Log'!$A$3:$A$500)=TRIM($B41))*('Rework Log'!$G$3:$G$500<>"Yes")*('Rework Log'!$G$3:$G$500<>"Did not pass re-test"))*IFERROR('Rework Log'!$I$3:$I$500*1,0)))>0),"Move old QA completion date to Rework Log (col H)",IF(AND(LEFT($AC41,3)="Yes",ISNUMBER(SEARCH("needs DB Dev",$AC41)),TRIM(C41)<>"DB Dev"),"Set Current Status back to DB Dev",IF(AND(LEFT($AC41,3)="Yes",ISNUMBER(SEARCH("needs PBI Dev",$AC41)),TRIM(C41)<>"PBI Dev"),"Set Current Status back to PBI Dev",IF(AND(LEFT($AC41,3)="Yes",ISNUMBER(SEARCH("needs QA",$AC41)),TRIM(C41)<>"QA"),"Set Current Status back to QA",IF(COUNTIF($B$2:$B$500,$B41)>1,"Duplicate name - check row",IF(AND(TRIM(C41)="RELEASED IN PROD",Y41<>"Yes"),"Released but Confirmed Deployed? is not Yes",IF(COUNTIF('Rework Log'!$A$3:$A$500,$B41)>0,"",IF(AND(S41<>"",M41<>"",S41<M41),"QA target is before DB Dev target",IF(AND(S41<>"",P41<>"",S41<P41),"QA target is before PBI Dev target",IF(AND(V41<>"",S41<>"",V41<S41),"DPO Approval target is before QA target",IF(AND(Z41<>"",V41<>"",Z41<V41),"Confirmed Deployed date is before DPO Approval target","")))))))))))))))))
A42: CMS | B42: RPT_02_GRO Control | C42: QA | D42: =IF($B42="","",IF(LEFT($AC42,3)="Yes",IF(LEN($AC42)>5,"Blocked - "&MID($AC42,7,100),"Blocked")&IF(SUMPRODUCT((TRIM('Rework Log'!$A$3:$A$500)=TRIM($B42))*('Rework Log'!$G$3:$G$500<>"Yes")*('Rework Log'!$G$3:$G$500<>"Did not pass re-test"))=0,"",IF(SUMPRODUCT(((TRIM('Rework Log'!$A$3:$A$500)=TRIM($B42))*('Rework Log'!$G$3:$G$500<>"Yes")*('Rework Log'!$G$3:$G$500<>"Did not pass re-test"))*ISNUMBER('Rework Log'!$J$3:$J$500))>0," - fixed, awaiting re-test",IF(SUMPRODUCT(MAX(((TRIM('Rework Log'!$A$3:$A$500)=TRIM($B42))*('Rework Log'!$G$3:$G$500<>"Yes")*('Rework Log'!$G$3:$G$500<>"Did not pass re-test"))*IFERROR('Rework Log'!$I$3:$I$500*1,0)))=0," - unclaimed"," - promised "&TEXT(SUMPRODUCT(MAX(((TRIM('Rework Log'!$A$3:$A$500)=TRIM($B42))*('Rework Log'!$G$3:$G$500<>"Yes")*('Rework Log'!$G$3:$G$500<>"Did not pass re-test"))*IFERROR('Rework Log'!$I$3:$I$500*1,0))),"m/d")))),IF(TRIM(C42)="NOT STARTED",IF(K42="","No plan date set",IF(K42<TODAY(),"Review - planned start passed","On track")),IF(TRIM(C42)="DB Dev",IF(M42="","No target set",IF(AND(M42<TODAY(),O42=""),"Overdue","On track")),IF(TRIM(C42)="PBI Dev",IF(P42="","No target set",IF(AND(P42<TODAY(),R42=""),"Overdue","On track")),IF(TRIM(C42)="QA",IF(S42="","No target set",IF(AND(S42<TODAY(),U42=""),"Overdue","On track")),IF(TRIM(C42)="DPO Approval",IF(V42="","No target set",IF(V42<TODAY(),"Overdue","On track")),IF(TRIM(C42)="RELEASED IN PROD","Delivered","")))))))) -> No target set | E42: 14 | F42: Kushal | G42: Siva | H42: Navya | I42: Preety | K42: 46234 | L42: July | P42: 46230 | AC42: No | AD42: =IF($B42="","",IF(AND(LEFT($AC42,3)="Yes",SUMPRODUCT((TRIM('Rework Log'!$A$3:$A$500)=TRIM($B42))*('Rework Log'!$G$3:$G$500<>"Yes")*('Rework Log'!$G$3:$G$500<>"Did not pass re-test"))=0),"Blocked - log it on Rework Log",IF(AND(LEFT($AC42,3)<>"Yes",SUMPRODUCT((TRIM('Rework Log'!$A$3:$A$500)=TRIM($B42))*('Rework Log'!$G$3:$G$500<>"Yes")*('Rework Log'!$G$3:$G$500<>"Did not pass re-test"))>0),"Open rework row - mark Blocked? or close it",IF(AND(LEFT($AC42,3)<>"Yes",SUMPRODUCT((TRIM('Rework Log'!$A$3:$A$500)=TRIM($B42))*('Rework Log'!$G$3:$G$500<>"Yes")*('Rework Log'!$G$3:$G$500<>"Did not pass re-test"))=0,COUNTIF('Rework Log'!$A$3:$A$500,$B42)>0,IFERROR(INDEX('Rework Log'!$G:$G,SUMPRODUCT(MAX((TRIM('Rework Log'!$A$3:$A$500)=TRIM($B42))*ROW('Rework Log'!$A$3:$A$500)))),"")="Did not pass re-test"),"Last fix rejected - re-block or log next attempt",IF(AND(LEFT($AC42,3)="Yes",ISNUMBER(SEARCH("needs DB Dev",$AC42)),O42<>"",SUMPRODUCT(MAX(((TRIM('Rework Log'!$A$3:$A$500)=TRIM($B42))*('Rework Log'!$G$3:$G$500<>"Yes")*('Rework Log'!$G$3:$G$500<>"Did not pass re-test"))*IFERROR('Rework Log'!$I$3:$I$500*1,0)))>0),"Move old DB Dev completion date to Rework Log (col H)",IF(AND(LEFT($AC42,3)="Yes",ISNUMBER(SEARCH("needs PBI Dev",$AC42)),R42<>"",SUMPRODUCT(MAX(((TRIM('Rework Log'!$A$3:$A$500)=TRIM($B42))*('Rework Log'!$G$3:$G$500<>"Yes")*('Rework Log'!$G$3:$G$500<>"Did not pass re-test"))*IFERROR('Rework Log'!$I$3:$I$500*1,0)))>0),"Move old PBI Dev completion date to Rework Log (col H)",IF(AND(LEFT($AC42,3)="Yes",ISNUMBER(SEARCH("needs QA",$AC42)),U42<>"",SUMPRODUCT(MAX(((TRIM('Rework Log'!$A$3:$A$500)=TRIM($B42))*('Rework Log'!$G$3:$G$500<>"Yes")*('Rework Log'!$G$3:$G$500<>"Did not pass re-test"))*IFERROR('Rework Log'!$I$3:$I$500*1,0)))>0),"Move old QA completion date to Rework Log (col H)",IF(AND(LEFT($AC42,3)="Yes",ISNUMBER(SEARCH("needs DB Dev",$AC42)),TRIM(C42)<>"DB Dev"),"Set Current Status back to DB Dev",IF(AND(LEFT($AC42,3)="Yes",ISNUMBER(SEARCH("needs PBI Dev",$AC42)),TRIM(C42)<>"PBI Dev"),"Set Current Status back to PBI Dev",IF(AND(LEFT($AC42,3)="Yes",ISNUMBER(SEARCH("needs QA",$AC42)),TRIM(C42)<>"QA"),"Set Current Status back to QA",IF(COUNTIF($B$2:$B$500,$B42)>1,"Duplicate name - check row",IF(AND(TRIM(C42)="RELEASED IN PROD",Y42<>"Yes"),"Released but Confirmed Deployed? is not Yes",IF(COUNTIF('Rework Log'!$A$3:$A$500,$B42)>0,"",IF(AND(S42<>"",M42<>"",S42<M42),"QA target is before DB Dev target",IF(AND(S42<>"",P42<>"",S42<P42),"QA target is before PBI Dev target",IF(AND(V42<>"",S42<>"",V42<S42),"DPO Approval target is before QA target",IF(AND(Z42<>"",V42<>"",Z42<V42),"Confirmed Deployed date is before DPO Approval target","")))))))))))))))))
A43: CMS | B43: RPT_02_GRO Monitor | C43: QA | D43: =IF($B43="","",IF(LEFT($AC43,3)="Yes",IF(LEN($AC43)>5,"Blocked - "&MID($AC43,7,100),"Blocked")&IF(SUMPRODUCT((TRIM('Rework Log'!$A$3:$A$500)=TRIM($B43))*('Rework Log'!$G$3:$G$500<>"Yes")*('Rework Log'!$G$3:$G$500<>"Did not pass re-test"))=0,"",IF(SUMPRODUCT(((TRIM('Rework Log'!$A$3:$A$500)=TRIM($B43))*('Rework Log'!$G$3:$G$500<>"Yes")*('Rework Log'!$G$3:$G$500<>"Did not pass re-test"))*ISNUMBER('Rework Log'!$J$3:$J$500))>0," - fixed, awaiting re-test",IF(SUMPRODUCT(MAX(((TRIM('Rework Log'!$A$3:$A$500)=TRIM($B43))*('Rework Log'!$G$3:$G$500<>"Yes")*('Rework Log'!$G$3:$G$500<>"Did not pass re-test"))*IFERROR('Rework Log'!$I$3:$I$500*1,0)))=0," - unclaimed"," - promised "&TEXT(SUMPRODUCT(MAX(((TRIM('Rework Log'!$A$3:$A$500)=TRIM($B43))*('Rework Log'!$G$3:$G$500<>"Yes")*('Rework Log'!$G$3:$G$500<>"Did not pass re-test"))*IFERROR('Rework Log'!$I$3:$I$500*1,0))),"m/d")))),IF(TRIM(C43)="NOT STARTED",IF(K43="","No plan date set",IF(K43<TODAY(),"Review - planned start passed","On track")),IF(TRIM(C43)="DB Dev",IF(M43="","No target set",IF(AND(M43<TODAY(),O43=""),"Overdue","On track")),IF(TRIM(C43)="PBI Dev",IF(P43="","No target set",IF(AND(P43<TODAY(),R43=""),"Overdue","On track")),IF(TRIM(C43)="QA",IF(S43="","No target set",IF(AND(S43<TODAY(),U43=""),"Overdue","On track")),IF(TRIM(C43)="DPO Approval",IF(V43="","No target set",IF(V43<TODAY(),"Overdue","On track")),IF(TRIM(C43)="RELEASED IN PROD","Delivered","")))))))) -> No target set | E43: 15 | F43: Bardia | G43: Rupa | H43: Shraddha | I43: Preety | K43: 46234 | L43: July | P43: 46230 | AC43: No | AD43: =IF($B43="","",IF(AND(LEFT($AC43,3)="Yes",SUMPRODUCT((TRIM('Rework Log'!$A$3:$A$500)=TRIM($B43))*('Rework Log'!$G$3:$G$500<>"Yes")*('Rework Log'!$G$3:$G$500<>"Did not pass re-test"))=0),"Blocked - log it on Rework Log",IF(AND(LEFT($AC43,3)<>"Yes",SUMPRODUCT((TRIM('Rework Log'!$A$3:$A$500)=TRIM($B43))*('Rework Log'!$G$3:$G$500<>"Yes")*('Rework Log'!$G$3:$G$500<>"Did not pass re-test"))>0),"Open rework row - mark Blocked? or close it",IF(AND(LEFT($AC43,3)<>"Yes",SUMPRODUCT((TRIM('Rework Log'!$A$3:$A$500)=TRIM($B43))*('Rework Log'!$G$3:$G$500<>"Yes")*('Rework Log'!$G$3:$G$500<>"Did not pass re-test"))=0,COUNTIF('Rework Log'!$A$3:$A$500,$B43)>0,IFERROR(INDEX('Rework Log'!$G:$G,SUMPRODUCT(MAX((TRIM('Rework Log'!$A$3:$A$500)=TRIM($B43))*ROW('Rework Log'!$A$3:$A$500)))),"")="Did not pass re-test"),"Last fix rejected - re-block or log next attempt",IF(AND(LEFT($AC43,3)="Yes",ISNUMBER(SEARCH("needs DB Dev",$AC43)),O43<>"",SUMPRODUCT(MAX(((TRIM('Rework Log'!$A$3:$A$500)=TRIM($B43))*('Rework Log'!$G$3:$G$500<>"Yes")*('Rework Log'!$G$3:$G$500<>"Did not pass re-test"))*IFERROR('Rework Log'!$I$3:$I$500*1,0)))>0),"Move old DB Dev completion date to Rework Log (col H)",IF(AND(LEFT($AC43,3)="Yes",ISNUMBER(SEARCH("needs PBI Dev",$AC43)),R43<>"",SUMPRODUCT(MAX(((TRIM('Rework Log'!$A$3:$A$500)=TRIM($B43))*('Rework Log'!$G$3:$G$500<>"Yes")*('Rework Log'!$G$3:$G$500<>"Did not pass re-test"))*IFERROR('Rework Log'!$I$3:$I$500*1,0)))>0),"Move old PBI Dev completion date to Rework Log (col H)",IF(AND(LEFT($AC43,3)="Yes",ISNUMBER(SEARCH("needs QA",$AC43)),U43<>"",SUMPRODUCT(MAX(((TRIM('Rework Log'!$A$3:$A$500)=TRIM($B43))*('Rework Log'!$G$3:$G$500<>"Yes")*('Rework Log'!$G$3:$G$500<>"Did not pass re-test"))*IFERROR('Rework Log'!$I$3:$I$500*1,0)))>0),"Move old QA completion date to Rework Log (col H)",IF(AND(LEFT($AC43,3)="Yes",ISNUMBER(SEARCH("needs DB Dev",$AC43)),TRIM(C43)<>"DB Dev"),"Set Current Status back to DB Dev",IF(AND(LEFT($AC43,3)="Yes",ISNUMBER(SEARCH("needs PBI Dev",$AC43)),TRIM(C43)<>"PBI Dev"),"Set Current Status back to PBI Dev",IF(AND(LEFT($AC43,3)="Yes",ISNUMBER(SEARCH("needs QA",$AC43)),TRIM(C43)<>"QA"),"Set Current Status back to QA",IF(COUNTIF($B$2:$B$500,$B43)>1,"Duplicate name - check row",IF(AND(TRIM(C43)="RELEASED IN PROD",Y43<>"Yes"),"Released but Confirmed Deployed? is not Yes",IF(COUNTIF('Rework Log'!$A$3:$A$500,$B43)>0,"",IF(AND(S43<>"",M43<>"",S43<M43),"QA target is before DB Dev target",IF(AND(S43<>"",P43<>"",S43<P43),"QA target is before PBI Dev target",IF(AND(V43<>"",S43<>"",V43<S43),"DPO Approval target is before QA target",IF(AND(Z43<>"",V43<>"",Z43<V43),"Confirmed Deployed date is before DPO Approval target","")))))))))))))))))
