Workbook

Sheet README - Instructions
A1: GDM Tracker
A2: One tracker, built so a Manager, Director, PM, QA tester, or PBI/DB developer can each get what they need without hunting for it.
A4: QUICK GUIDE BY ROLE
A5: Manager / Director - look at: Status Flag (col D, color-coded), Business Value Rank (col E) to see what matters most, Blocked At (col AG) for an instant 'blocked at [stage]' read - plus that stage's own date columns turn red too, so it's visible without even reading the text. Auto Rework Alert (col AM, red = something bounced backward), Confirmed Deployed? (col AB) for real proof of what's actually live. UAT/Prod URLs (cols AD-AE) are clickable.
A7: The pipeline
A8: NOT STARTED -> DB Dev -> PBI Dev -> QA -> DPO Approval -> RELEASED IN PROD. Current Status (col C) is a manual dropdown - set it to wherever the report actually is. Each stage (except Not Started and Released) has its own Status Assigned / Expected / Estimated / Actual date columns, except DPO Approval, which just has Status Assigned, Expected, and a Reviewer name (col AA) - there's no separate Actual for DPO Approval; use Confirmed Deployed? (col AB) instead once it's truly live.
A10: Expected vs. Estimated - the one habit that matters most
A11: Expected Completion Date is the original target - set it once, when a report enters that stage, and don't change it again. Estimated Completion Date is the one that moves - update it whenever a timeline shifts or a rework changes the plan. This way you always know both what was originally promised and what's realistically true now, without losing either. This is guidance, not an enforced rule - nothing is locked, it's on the honor system.
A13: Status Flag (col D) - automatic
A14: Reads Current Status plus that stage's own dates: 'No target set', 'Overdue', 'Review - planned start passed', 'On track', or 'Delivered'. Color-coded. Once a report is Released, Status Flag always just says 'Delivered' - a missing date never downgrades or flags a released report; Confirmed Deployed? is extra evidence on top, never a condition for the status itself.
A16: Rework tracking - three layers now
A17: Layer 1, fully automatic (cols AM-AN): 'Furthest Stage Reached' figures out from the dates already filled in how far a report has actually gotten. 'Auto Rework Alert' flags it in red if Current Status has been moved backward from that point - e.g. QA already has a date, but Current Status now says DB Dev. No logging required for this to work, ever. Layer 2, optional manual detail (Rework Log tab + cols AH-AK here): log who sent it back, why, the Defect/Jira Ticket if there is one, and the new expected fix date. Combined Delivery Data automatically pulls the most recent entry into 'Last Sent Back From', 'Last Defect/Jira Ticket', and 'Rework Est. Fix Date' - maintain history in one place, it shows up here without re-typing it. Rework Count tallies how many times each report appears on the log. Any stage can go back to any previous stage - it's not QA-specific. Layer 3 - Blocked with a known cause (cols AF-AH): Blocked? stays a simple Yes/No. If the block is just something stuck in its current stage (waiting on a normal review, etc.), leave 'Blocked - Needs Return To' blank - Blocked At will say 'Blocked at [stage]'. If a PREVIOUS stage actually needs to fix something (e.g. QA found a bug only DB Dev can resolve), set 'Blocked - Needs Return To' to that stage - Blocked At will instead say 'Blocked - needs DB Dev to fix', and that stage's own date columns light up red too, so whoever owns that stage sees it without reading anything. Rework Log also now has a live summary table (columns J-N) mirroring the same counts per report, so you can see them without switching tabs.
... A42: By specific request, the live dashboard's Fact Table populates its "PO" field from this sheet's QA Tester column, not the real PO column - so the PO name shown in the app's drill-down table, Coming Your Way table, and Stage Progression Gaps table is actually the QA Tester's name. This is a deliberate app-side choice, not a data error: the real PO column here is untouched and still populated normally for everyone's own reference, and any other tool reading this file directly will see the real PO value. Only the dashboard app's own display substitutes QA Tester in that spot.

Sheet Combined Delivery Data
A1: Domain | B1: Report Name | C1: Current Status | D1: Status Flag | E1: Business Value Rank | F1: PO | G1: DB Developer | H1: PBI Developer | I1: QA Tester | J1: Schema | K1: Plan Delivery Date | L1: Plan Delivery Month | M1: DB Dev Status Assigned Date | N1: DB Dev Expected Completion Date | O1: DB Dev Estimated Completion Date | P1: DB Dev Actual Completion Date | Q1: PBI Dev Status Assigned Date | R1: PBI Dev Expected Completion Date | S1: PBI Dev Estimated Completion Date | T1: PBI Dev Actual Completion Date | U1: QA Status Assigned Date | V1: QA Expected Completion Date | W1: QA Estimated Completion Date | X1: QA Actual Completion Date | Y1: DPO Approval Status Assigned Date | Z1: DPO Approval Expected Completion Date | AA1: DPO Approval Reviewer | AB1: Confirmed Deployed? | AC1: Confirmed Deployed Date | AD1: UAT Report URL | AE1: Production URL | AF1: Blocked? | AG1: Blocked - Needs Return To | AH1: Blocked At | AI1: Rework Count | AJ1: Last Sent Back From | AK1: Rework Est. Fix Date | AL1: Last Defect/Jira Ticket | AM1: Furthest Stage Reached | AN1: Auto Rework Alert | AO1: Chronology Check | AP1: Duplicate Name Check | AQ1: Comments | AR1: _Last Rework Row
A2: Leaks | B2: RPT_04_Active Leaks | C2: RELEASED IN PROD | D2: =IF($B2="","",IF(C2="NOT STARTED",IF(K2="","No plan date set",IF(K2<TODAY(),"Review - planned start passed","On track")),IF(C2="DB Dev",IF(N2="","No target set",IF(AND(N2<TODAY(),P2=""),"Overdue","On track")),IF(C2="PBI Dev",IF(R2="","No target set",IF(AND(R2<TODAY(),T2=""),"Overdue","On track")),IF(C2="QA",IF(V2="","No target set",IF(AND(V2<TODAY(),X2=""),"Overdue","On track")),IF(C2="DPO Approval",IF(Z2="","No target set",IF(Z2<TODAY(),"Overdue","On track")),IF(C2="RELEASED IN PROD","Delivered",""))))))) -> Delivered | E2: 1 | G2: Fetwi | H2: Sarath | I2: Preety | K2: 46142 | L2: April | P2: 46115 | T2: 46114 | X2: 46122 | AA2: Kelvin Hu | AB2: Yes | AD2: https://app.powerbi.com/groups/me/apps/eedba83d-be9a-45f9-9504-7bfa41e6051a/reports/62307ec4-3158-4457-8dcc-4acc2150cdc3/ccfe9e7f0a40d49acb85?experience=power-bi | AE2: https://app.powerbi.com/groups/me/apps/2c7180b1-0d3d-45be-979e-f7dc86b3557d/reports/8cd4a21d-3abe-4e55-a99e-3af846ab1c67/ccfe9e7f0a40d49acb85?ctid=f98a6a53-25f3-4212-901c-c7787fcd3495&experience=power-bi | AF2: No | AH2: =IF($AF2="Yes",IF($AG2<>"","Blocked - needs "&$AG2&" to fix","Blocked at "&$C2),"") | AI2: =IF($B2="","",COUNTIF('Rework Log'!$A$3:$A$500,$B2)) -> 0 | AJ2: =IF(OR($B2="",$AR2=0),"",INDEX('Rework Log'!$C:$C,$AR2)) | AK2: =IF(OR($B2="",$AR2=0),"",INDEX('Rework Log'!$H:$H,$AR2)) | AL2: =IF(OR($B2="",$AR2=0),"",INDEX('Rework Log'!$G:$G,$AR2)) | AM2: =IF($B2="","",IF(Z2<>"","DPO Approval",IF(V2<>"","QA",IF(R2<>"","PBI Dev",IF(N2<>"","DB Dev","NOT STARTED"))))) -> NOT STARTED | AN2: =IF($B2="","",IF(IF($C2="NOT STARTED",0,IF($C2="DB Dev",1,IF($C2="PBI Dev",2,IF($C2="QA",3,IF($C2="DPO Approval",4,IF($C2="RELEASED IN PROD",5,-1))))))<IF($AM2="NOT STARTED",0,IF($AM2="DB Dev",1,IF($AM2="PBI Dev",2,IF($AM2="QA",3,IF($AM2="DPO Approval",4,IF($AM2="RELEASED IN PROD",5,-1)))))),"Yes - was already at "&$AM2&", now back at "&$C2,"No")) -> No | AO2: =IF($B2="","",IF(AND(V2<>"",N2<>"",V2<N2),"QA target is before DB Dev target",IF(AND(V2<>"",R2<>"",V2<R2),"QA target is before PBI Dev target",IF(AND(Z2<>"",V2<>"",Z2<V2),"DPO Approval target is before QA target",IF(AND(AC2<>"",Z2<>"",AC2<Z2),"Confirmed Deployed date is before DPO Approval target",""))))) | AP2: =IF($B2="","",IF(COUNTIF($B$2:$B$500,$B2)>1,"Duplicate name - check row","")) | AQ2: [Historical, April 2026]: QA found an issue - date calendar dimension broken. Fetwi assigned to fix. | AR2: =IF($B2="","",SUMPRODUCT(MAX(('Rework Log'!$A$3:$A$500=$B2)*ROW('Rework Log'!$A$3:$A$500)))) -> 0
A3: Leaks | B3: RPT_04_Count of Active Leaks On Hand | C3: RELEASED IN PROD | D3: =IF($B3="","",IF(C3="NOT STARTED",IF(K3="","No plan date set",IF(K3<TODAY(),"Review - planned start passed","On track")),IF(C3="DB Dev",IF(N3="","No target set",IF(AND(N3<TODAY(),P3=""),"Overdue","On track")),IF(C3="PBI Dev",IF(R3="","No target set",IF(AND(R3<TODAY(),T3=""),"Overdue","On track")),IF(C3="QA",IF(V3="","No target set",IF(AND(V3<TODAY(),X3=""),"Overdue","On track")),IF(C3="DPO Approval",IF(Z3="","No target set",IF(Z3<TODAY(),"Overdue","On track")),IF(C3="RELEASED IN PROD","Delivered",""))))))) -> Delivered | E3: 2 | G3: Fetwi | H3: Sarath | I3: Preety | K3: 46142 | L3: April | P3: 46115 | T3: 46114 | X3: 46122 | AA3: Kelvin Hu | AB3: Yes | AD3: https://app.powerbi.com/groups/me/apps/eedba83d-be9a-45f9-9504-7bfa41e6051a/reports/c0b3f0ae-dedd-485b-8bbc-aa0e5f3fd077/24a66431d0637282f4b7?experience=power-bi | AE3: https://app.powerbi.com/groups/me/apps/2c7180b1-0d3d-45be-979e-f7dc86b3557d/reports/5ffd546f-ad77-4a7f-8e6d-94dc08bef796/24a66431d0637282f4b7?ctid=f98a6a53-25f3-4212-901c-c7787fcd3495&experience=power-bi | AF3: No | AH3: =IF($AF3="Yes",IF($AG3<>"","Blocked - needs "&$AG3&" to fix","Blocked at "&$C3),"") | AI3: =IF($B3="","",COUNTIF('Rework Log'!$A$3:$A$500,$B3)) -> 0 | AJ3: =IF(OR($B3="",$AR3=0),"",INDEX('Rework Log'!$C:$C,$AR3)) | AK3: =IF(OR($B3="",$AR3=0),"",INDEX('Rework Log'!$H:$H,$AR3)) | AL3: =IF(OR($B3="",$AR3=0),"",INDEX('Rework Log'!$G:$G,$AR3)) | AM3: =IF($B3="","",IF(Z3<>"","DPO Approval",IF(V3<>"","QA",IF(R3<>"","PBI Dev",IF(N3<>"","DB Dev","NOT STARTED"))))) -> NOT STARTED | AN3: =IF($B3="","",IF(IF($C3="NOT STARTED",0,IF($C3="DB Dev",1,IF($C3="PBI Dev",2,IF($C3="QA",3,IF($C3="DPO Approval",4,IF($C3="RELEASED IN PROD",5,-1))))))<IF($AM3="NOT STARTED",0,IF($AM3="DB Dev",1,IF($AM3="PBI Dev",2,IF($AM3="QA",3,IF($AM3="DPO Approval",4,IF($AM3="RELEASED IN PROD",5,-1)))))),"Yes - was already at "&$AM3&", now back at "&$C3,"No")) -> No | AO3: =IF($B3="","",IF(AND(V3<>"",N3<>"",V3<N3),"QA target is before DB Dev target",IF(AND(V3<>"",R3<>"",V3<R3),"QA target is before PBI Dev target",IF(AND(Z3<>"",V3<>"",Z3<V3),"DPO Approval target is before QA target",IF(AND(AC3<>"",Z3<>"",AC3<Z3),"Confirmed Deployed date is before DPO Approval target",""))))) | AP3: =IF($B3="","",IF(COUNTIF($B$2:$B$500,$B3)>1,"Duplicate name - check row","")) | AQ3: [Historical, April 2026]: QA found an issue - date calendar dimension broken. Fetwi assigned to fix. | AR3: =IF($B3="","",SUMPRODUCT(MAX(('Rework Log'!$A$3:$A$500=$B3)*ROW('Rework Log'!$A$3:$A$500)))) -> 0
A4: Leaks | B4: RPT_04_Leak Scheduling | C4: RELEASED IN PROD | D4: =IF($B4="","",IF(C4="NOT STARTED",IF(K4="","No plan date set",IF(K4<TODAY(),"Review - planned start passed","On track")),IF(C4="DB Dev",IF(N4="","No target set",IF(AND(N4<TODAY(),P4=""),"Overdue","On track")),IF(C4="PBI Dev",IF(R4="","No target set",IF(AND(R4<TODAY(),T4=""),"Overdue","On track")),IF(C4="QA",IF(V4="","No target set",IF(AND(V4<TODAY(),X4=""),"Overdue","On track")),IF(C4="DPO Approval",IF(Z4="","No target set",IF(Z4<TODAY(),"Overdue","On track")),IF(C4="RELEASED IN PROD","Delivered",""))))))) -> Delivered | E4: 4 | G4: Sreevarsha | H4: Sarath | I4: Preety | K4: 46142 | L4: April | P4: 46115 | T4: 46120 | X4: 46122 | AA4: Kelvin Hu | AF4: No | AH4: =IF($AF4="Yes",IF($AG4<>"","Blocked - needs "&$AG4&" to fix","Blocked at "&$C4),"") | AI4: =IF($B4="","",COUNTIF('Rework Log'!$A$3:$A$500,$B4)) -> 0 | AJ4: =IF(OR($B4="",$AR4=0),"",INDEX('Rework Log'!$C:$C,$AR4)) | AK4: =IF(OR($B4="",$AR4=0),"",INDEX('Rework Log'!$H:$H,$AR4)) | AL4: =IF(OR($B4="",$AR4=0),"",INDEX('Rework Log'!$G:$G,$AR4)) | AM4: =IF($B4="","",IF(Z4<>"","DPO Approval",IF(V4<>"","QA",IF(R4<>"","PBI Dev",IF(N4<>"","DB Dev","NOT STARTED"))))) -> NOT STARTED | AN4: =IF($B4="","",IF(IF($C4="NOT STARTED",0,IF($C4="DB Dev",1,IF($C4="PBI Dev",2,IF($C4="QA",3,IF($C4="DPO Approval",4,IF($C4="RELEASED IN PROD",5,-1))))))<IF($AM4="NOT STARTED",0,IF($AM4="DB Dev",1,IF($AM4="PBI Dev",2,IF($AM4="QA",3,IF($AM4="DPO Approval",4,IF($AM4="RELEASED IN PROD",5,-1)))))),"Yes - was already at "&$AM4&", now back at "&$C4,"No")) -> No | AO4: =IF($B4="","",IF(AND(V4<>"",N4<>"",V4<N4),"QA target is before DB Dev target",IF(AND(V4<>"",R4<>"",V4<R4),"QA target is before PBI Dev target",IF(AND(Z4<>"",V4<>"",Z4<V4),"DPO Approval target is before QA target",IF(AND(AC4<>"",Z4<>"",AC4<Z4),"Confirmed Deployed date is before DPO Approval target",""))))) | AP4: =IF($B4="","",IF(COUNTIF($B$2:$B$500,$B4)>1,"Duplicate name - check row","")) | AR4: =IF($B4="","",SUMPRODUCT(MAX(('Rework Log'!$A$3:$A$500=$B4)*ROW('Rework Log'!$A$3:$A$500)))) -> 0
A5: Leaks | B5: RPT_04_Leak Days Remaining | C5: RELEASED IN PROD | D5: =IF($B5="","",IF(C5="NOT STARTED",IF(K5="","No plan date set",IF(K5<TODAY(),"Review - planned start passed","On track")),IF(C5="DB Dev",IF(N5="","No target set",IF(AND(N5<TODAY(),P5=""),"Overdue","On track")),IF(C5="PBI Dev",IF(R5="","No target set",IF(AND(R5<TODAY(),T5=""),"Overdue","On track")),IF(C5="QA",IF(V5="","No target set",IF(AND(V5<TODAY(),X5=""),"Overdue","On track")),IF(C5="DPO Approval",IF(Z5="","No target set",IF(Z5<TODAY(),"Overdue","On track")),IF(C5="RELEASED IN PROD","Delivered",""))))))) -> Delivered | E5: 5 | G5: Siva | H5: Navya | I5: Preety | K5: 46142 | L5: April | P5: 46115 | T5: 46126 | X5: 46122 | AA5: Kelvin Hu | AB5: Yes | AD5: https://app.powerbi.com/groups/me/apps/eedba83d-be9a-45f9-9504-7bfa41e6051a/reports/8b9ae445-3a30-4ae6-a3fa-7a6d8e7ef349/d97da6159d0c87677529?experience=power-bi | AE5: https://app.powerbi.com/groups/me/apps/2c7180b1-0d3d-45be-979e-f7dc86b3557d/reports/848ce65a-4e47-422b-aae5-7ea9e7d68a5f/d97da6159d0c87677529?ctid=f98a6a53-25f3-4212-901c-c7787fcd3495&experience=power-bi | AF5: No | AH5: =IF($AF5="Yes",IF($AG5<>"","Blocked - needs "&$AG5&" to fix","Blocked at "&$C5),"") | AI5: =IF($B5="","",COUNTIF('Rework Log'!$A$3:$A$500,$B5)) -> 0 | AJ5: =IF(OR($B5="",$AR5=0),"",INDEX('Rework Log'!$C:$C,$AR5)) | AK5: =IF(OR($B5="",$AR5=0),"",INDEX('Rework Log'!$H:$H,$AR5)) | AL5: =IF(OR($B5="",$AR5=0),"",INDEX('Rework Log'!$G:$G,$AR5)) | AM5: =IF($B5="","",IF(Z5<>"","DPO Approval",IF(V5<>"","QA",IF(R5<>"","PBI Dev",IF(N5<>"","DB Dev","NOT STARTED"))))) -> NOT STARTED | AN5: =IF($B5="","",IF(IF($C5="NOT STARTED",0,IF($C5="DB Dev",1,IF($C5="PBI Dev",2,IF($C5="QA",3,IF($C5="DPO Approval",4,IF($C5="RELEASED IN PROD",5,-1))))))<IF($AM5="NOT STARTED",0,IF($AM5="DB Dev",1,IF($AM5="PBI Dev",2,IF($AM5="QA",3,IF($AM5="DPO Approval",4,IF($AM5="RELEASED IN PROD",5,-1)))))),"Yes - was already at "&$AM5&", now back at "&$C5,"No")) -> No | AO5: =IF($B5="","",IF(AND(V5<>"",N5<>"",V5<N5),"QA target is before DB Dev target",IF(AND(V5<>"",R5<>"",V5<R5),"QA target is before PBI Dev target",IF(AND(Z5<>"",V5<>"",Z5<V5),"DPO Approval target is before QA target",IF(AND(AC5<>"",Z5<>"",AC5<Z5),"Confirmed Deployed date is before DPO Approval target",""))))) | AP5: =IF($B5="","",IF(COUNTIF($B$2:$B$500,$B5)>1,"Duplicate name - check row","")) | AQ5: 16/04 - Testing completed in QA and created defect https://jira.prod.nationalgrid.com/browse/GDMP-2186; ETA -04/24 | AR5: =IF($B5="","",SUMPRODUCT(MAX(('Rework Log'!$A$3:$A$500=$B5)*ROW('Rework Log'!$A$3:$A$500)))) -> 0
A6: Leaks | B6: RPT_04_Cleared Leaks | C6: RELEASED IN PROD | D6: =IF($B6="","",IF(C6="NOT STARTED",IF(K6="","No plan date set",IF(K6<TODAY(),"Review - planned start passed","On track")),IF(C6="DB Dev",IF(N6="","No target set",IF(AND(N6<TODAY(),P6=""),"Overdue","On track")),IF(C6="PBI Dev",IF(R6="","No target set",IF(AND(R6<TODAY(),T6=""),"Overdue","On track")),IF(C6="QA",IF(V6="","No target set",IF(AND(V6<TODAY(),X6=""),"Overdue","On track")),IF(C6="DPO Approval",IF(Z6="","No target set",IF(Z6<TODAY(),"Overdue","On track")),IF(C6="RELEASED IN PROD","Delivered",""))))))) -> Delivered | E6: 3 | G6: Sreevarsha | H6: Sarath | I6: Preety | K6: 46142 | L6: April | P6: 46115 | T6: 46120 | X6: 46122 | AA6: Kelvin Hu | AB6: Yes | AD6: https://app.powerbi.com/groups/me/apps/eedba83d-be9a-45f9-9504-7bfa41e6051a/reports/938a9ba1-8138-440e-842a-d9a679933d8c/44bb4fce98fafb2cace2?experience=power-bi | AE6: https://app.powerbi.com/groups/me/apps/2c7180b1-0d3d-45be-979e-f7dc86b3557d/reports/677c6418-6db8-4ebf-9323-65be4cb2c960/ea184ec020032ecbdd43?ctid=f98a6a53-25f3-4212-901c-c7787fcd3495&experience=power-bi | AF6: No | AH6: =IF($AF6="Yes",IF($AG6<>"","Blocked - needs "&$AG6&" to fix","Blocked at "&$C6),"") | AI6: =IF($B6="","",COUNTIF('Rework Log'!$A$3:$A$500,$B6)) -> 0 | AJ6: =IF(OR($B6="",$AR6=0),"",INDEX('Rework Log'!$C:$C,$AR6)) | AK6: =IF(OR($B6="",$AR6=0),"",INDEX('Rework Log'!$H:$H,$AR6)) | AL6: =IF(OR($B6="",$AR6=0),"",INDEX('Rework Log'!$G:$G,$AR6)) | AM6: =IF($B6="","",IF(Z6<>"","DPO Approval",IF(V6<>"","QA",IF(R6<>"","PBI Dev",IF(N6<>"","DB Dev","NOT STARTED"))))) -> NOT STARTED | AN6: =IF($B6="","",IF(IF($C6="NOT STARTED",0,IF($C6="DB Dev",1,IF($C6="PBI Dev",2,IF($C6="QA",3,IF($C6="DPO Approval",4,IF($C6="RELEASED IN PROD",5,-1))))))<IF($AM6="NOT STARTED",0,IF($AM6="DB Dev",1,IF($AM6="PBI Dev",2,IF($AM6="QA",3,IF($AM6="DPO Approval",4,IF($AM6="RELEASED IN PROD",5,-1)))))),"Yes - was already at "&$AM6&", now back at "&$C6,"No")) -> No | AO6: =IF($B6="","",IF(AND(V6<>"",N6<>"",V6<N6),"QA target is before DB Dev target",IF(AND(V6<>"",R6<>"",V6<R6),"QA target is before PBI Dev target",IF(AND(Z6<>"",V6<>"",Z6<V6),"DPO Approval target is before QA target",IF(AND(AC6<>"",Z6<>"",AC6<Z6),"Confirmed Deployed date is before DPO Approval target",""))))) | AP6: =IF($B6="","",IF(COUNTIF($B$2:$B$500,$B6)>1,"Duplicate name - check row","")) | AQ6: [Historical, April 2026]: L_GRO_NUMBER columns had an issue in QA - DB team assigned to fix. | AR6: =IF($B6="","",SUMPRODUCT(MAX(('Rework Log'!$A$3:$A$500=$B6)*ROW('Rework Log'!$A$3:$A$500)))) -> 0
A7: Leaks | B7: RPT_04_Leaks Repaired Detail | C7: RELEASED IN PROD | D7: =IF($B7="","",IF(C7="NOT STARTED",IF(K7="","No plan date set",IF(K7<TODAY(),"Review - planned start passed","On track")),IF(C7="DB Dev",IF(N7="","No target set",IF(AND(N7<TODAY(),P7=""),"Overdue","On track")),IF(C7="PBI Dev",IF(R7="","No target set",IF(AND(R7<TODAY(),T7=""),"Overdue","On track")),IF(C7="QA",IF(V7="","No target set",IF(AND(V7<TODAY(),X7=""),"Overdue","On track")),IF(C7="DPO Approval",IF(Z7="","No target set",IF(Z7<TODAY(),"Overdue","On track")),IF(C7="RELEASED IN PROD","Delivered",""))))))) -> Delivered | E7: 6 | G7: Rupa | H7: Navya | I7: Preety | K7: 46142 | L7: April | P7: 46115 | T7: 46126 | X7: 46122 | AA7: Kelvin Hu | AB7: Yes | AD7: https://app.powerbi.com/groups/me/apps/eedba83d-be9a-45f9-9504-7bfa41e6051a/reports/cbaf2155-2cf3-4377-8af2-7e07a896e887/ea184ec020032ecbdd43?experience=power-bi | AE7: https://app.powerbi.com/groups/me/apps/2c7180b1-0d3d-45be-979e-f7dc86b3557d/reports/9c6d5e21-4e57-4a64-9973-61ff3717468e/ea184ec020032ecbdd43?ctid=f98a6a53-25f3-4212-901c-c7787fcd3495&experience=power-bi | AF7: No | AH7: =IF($AF7="Yes",IF($AG7<>"","Blocked - needs "&$AG7&" to fix","Blocked at "&$C7),"") | AI7: =IF($B7="","",COUNTIF('Rework Log'!$A$3:$A$500,$B7)) -> 0 | AJ7: =IF(OR($B7="",$AR7=0),"",INDEX('Rework Log'!$C:$C,$AR7)) | AK7: =IF(OR($B7="",$AR7=0),"",INDEX('Rework Log'!$H:$H,$AR7)) | AL7: =IF(OR($B7="",$AR7=0),"",INDEX('Rework Log'!$G:$G,$AR7)) | AM7: =IF($B7="","",IF(Z7<>"","DPO Approval",IF(V7<>"","QA",IF(R7<>"","PBI Dev",IF(N7<>"","DB Dev","NOT STARTED"))))) -> NOT STARTED | AN7: =IF($B7="","",IF(IF($C7="NOT STARTED",0,IF($C7="DB Dev",1,IF($C7="PBI Dev",2,IF($C7="QA",3,IF($C7="DPO Approval",4,IF($C7="RELEASED IN PROD",5,-1))))))<IF($AM7="NOT STARTED",0,IF($AM7="DB Dev",1,IF($AM7="PBI Dev",2,IF($AM7="QA",3,IF($AM7="DPO Approval",4,IF($AM7="RELEASED IN PROD",5,-1)))))),"Yes - was already at "&$AM7&", now back at "&$C7,"No")) -> No | AO7: =IF($B7="","",IF(AND(V7<>"",N7<>"",V7<N7),"QA target is before DB Dev target",IF(AND(V7<>"",R7<>"",V7<R7),"QA target is before PBI Dev target",IF(AND(Z7<>"",V7<>"",Z7<V7),"DPO Approval target is before QA target",IF(AND(AC7<>"",Z7<>"",AC7<Z7),"Confirmed Deployed date is before DPO Approval target",""))))) | AP7: =IF($B7="","",IF(COUNTIF($B$2:$B$500,$B7)>1,"Duplicate name - check row","")) | AQ7: 21/4 Testing completed in QA and defect raised https://jira.prod.nationalgrid.com/browse/GDMP-2190; Report ready for testing 04/23/2026 | AR7: =IF($B7="","",SUMPRODUCT(MAX(('Rework Log'!$A$3:$A$500=$B7)*ROW('Rework Log'!$A$3:$A$500)))) -> 0
A8: Leaks | B8: RPT_04_Leaks Aging | C8: RELEASED IN PROD | D8: =IF($B8="","",IF(C8="NOT STARTED",IF(K8="","No plan date set",IF(K8<TODAY(),"Review - planned start passed","On track")),IF(C8="DB Dev",IF(N8="","No target set",IF(AND(N8<TODAY(),P8=""),"Overdue","On track")),IF(C8="PBI Dev",IF(R8="","No target set",IF(AND(R8<TODAY(),T8=""),"Overdue","On track")),IF(C8="QA",IF(V8="","No target set",IF(AND(V8<TODAY(),X8=""),"Overdue","On track")),IF(C8="DPO Approval",IF(Z8="","No target set",IF(Z8<TODAY(),"Overdue","On track")),IF(C8="RELEASED IN PROD","Delivered",""))))))) -> Delivered | E8: 7 | G8: Sreevarsha | H8: Navya | I8: Preety | K8: 46142 | L8: April | P8: 46122 | T8: 46126 | X8: 46122 | AA8: Kelvin Hu | AB8: Yes | AD8: https://app.powerbi.com/groups/me/apps/eedba83d-be9a-45f9-9504-7bfa41e6051a/reports/383c1502-9c3c-4fa0-a321-321cfed3b4a1/ReportSection1e63b8fbeb9ea54074e1?experience=power-bi | AE8: https://app.powerbi.com/groups/me/apps/2c7180b1-0d3d-45be-979e-f7dc86b3557d/reports/b7f15195-22d6-4ac4-8982-a8cadb215cbf/ReportSection1e63b8fbeb9ea54074e1?ctid=f98a6a53-25f3-4212-901c-c7787fcd3495&experience=power-bi | AF8: No | AH8: =IF($AF8="Yes",IF($AG8<>"","Blocked - needs "&$AG8&" to fix","Blocked at "&$C8),"") | AI8: =IF($B8="","",COUNTIF('Rework Log'!$A$3:$A$500,$B8)) -> 0 | AJ8: =IF(OR($B8="",$AR8=0),"",INDEX('Rework Log'!$C:$C,$AR8)) | AK8: =IF(OR($B8="",$AR8=0),"",INDEX('Rework Log'!$H:$H,$AR8)) | AL8: =IF(OR($B8="",$AR8=0),"",INDEX('Rework Log'!$G:$G,$AR8)) | AM8: =IF($B8="","",IF(Z8<>"","DPO Approval",IF(V8<>"","QA",IF(R8<>"","PBI Dev",IF(N8<>"","DB Dev","NOT STARTED"))))) -> NOT STARTED | AN8: =IF($B8="","",IF(IF($C8="NOT STARTED",0,IF($C8="DB Dev",1,IF($C8="PBI Dev",2,IF($C8="QA",3,IF($C8="DPO Approval",4,IF($C8="RELEASED IN PROD",5,-1))))))<IF($AM8="NOT STARTED",0,IF($AM8="DB Dev",1,IF($AM8="PBI Dev",2,IF($AM8="QA",3,IF($AM8="DPO Approval",4,IF($AM8="RELEASED IN PROD",5,-1)))))),"Yes - was already at "&$AM8&", now back at "&$C8,"No")) -> No | AO8: =IF($B8="","",IF(AND(V8<>"",N8<>"",V8<N8),"QA target is before DB Dev target",IF(AND(V8<>"",R8<>"",V8<R8),"QA target is before PBI Dev target",IF(AND(Z8<>"",V8<>"",Z8<V8),"DPO Approval target is before QA target",IF(AND(AC8<>"",Z8<>"",AC8<Z8),"Confirmed Deployed date is before DPO Approval target",""))))) | AP8: =IF($B8="","",IF(COUNTIF($B$2:$B$500,$B8)>1,"Duplicate name - check row","")) | AR8: =IF($B8="","",SUMPRODUCT(MAX(('Rework Log'!$A$3:$A$500=$B8)*ROW('Rework Log'!$A$3:$A$500)))) -> 0
A9: Leaks | B9: RPT_04_Prior Leak Readings | C9: RELEASED IN PROD | D9: =IF($B9="","",IF(C9="NOT STARTED",IF(K9="","No plan date set",IF(K9<TODAY(),"Review - planned start passed","On track")),IF(C9="DB Dev",IF(N9="","No target set",IF(AND(N9<TODAY(),P9=""),"Overdue","On track")),IF(C9="PBI Dev",IF(R9="","No target set",IF(AND(R9<TODAY(),T9=""),"Overdue","On track")),IF(C9="QA",IF(V9="","No target set",IF(AND(V9<TODAY(),X9=""),"Overdue","On track")),IF(C9="DPO Approval",IF(Z9="","No target set",IF(Z9<TODAY(),"Overdue","On track")),IF(C9="RELEASED IN PROD","Delivered",""))))))) -> Delivered | E9: 9 | G9: Siddu | H9: Navya | I9: Preety | K9: 46142 | L9: April | P9: 46122 | T9: 46126 | X9: 46122 | AA9: Kelvin Hu | AB9: Yes | AD9: https://app.powerbi.com/groups/me/apps/7767030c-f4c8-4488-b3cb-36a860cb6ff2/reports/acc74ccc-08b7-420d-b64e-5e4d786ac711/ReportSection6d915001f68ea4805272?experience=power-bi | AE9: https://app.powerbi.com/groups/me/apps/5b29b0dd-a398-4801-84ce-f3a7d8435827/reports/5a06a5bd-88fb-4024-8841-570da23785ad/ReportSection6d915001f68ea4805272?ctid=f98a6a53-25f3-4212-901c-c7787fcd3495&experience=power-bi | AF9: No | AH9: =IF($AF9="Yes",IF($AG9<>"","Blocked - needs "&$AG9&" to fix","Blocked at "&$C9),"") | AI9: =IF($B9="","",COUNTIF('Rework Log'!$A$3:$A$500,$B9)) -> 0 | AJ9: =IF(OR($B9="",$AR9=0),"",INDEX('Rework Log'!$C:$C,$AR9)) | AK9: =IF(OR($B9="",$AR9=0),"",INDEX('Rework Log'!$H:$H,$AR9)) | AL9: =IF(OR($B9="",$AR9=0),"",INDEX('Rework Log'!$G:$G,$AR9)) | AM9: =IF($B9="","",IF(Z9<>"","DPO Approval",IF(V9<>"","QA",IF(R9<>"","PBI Dev",IF(N9<>"","DB Dev","NOT STARTED"))))) -> NOT STARTED | AN9: =IF($B9="","",IF(IF($C9="NOT STARTED",0,IF($C9="DB Dev",1,IF($C9="PBI Dev",2,IF($C9="QA",3,IF($C9="DPO Approval",4,IF($C9="RELEASED IN PROD",5,-1))))))<IF($AM9="NOT STARTED",0,IF($AM9="DB Dev",1,IF($AM9="PBI Dev",2,IF($AM9="QA",3,IF($AM9="DPO Approval",4,IF($AM9="RELEASED IN PROD",5,-1)))))),"Yes - was already at "&$AM9&", now back at "&$C9,"No")) -> No | AO9: =IF($B9="","",IF(AND(V9<>"",N9<>"",V9<N9),"QA target is before DB Dev target",IF(AND(V9<>"",R9<>"",V9<R9),"QA target is before PBI Dev target",IF(AND(Z9<>"",V9<>"",Z9<V9),"DPO Approval target is before QA target",IF(AND(AC9<>"",Z9<>"",AC9<Z9),"Confirmed Deployed date is before DPO Approval target",""))))) | AP9: =IF($B9="","",IF(COUNTIF($B$2:$B$500,$B9)>1,"Duplicate name - check row","")) | AR9: =IF($B9="","",SUMPRODUCT(MAX(('Rework Log'!$A$3:$A$500=$B9)*ROW('Rework Log'!$A$3:$A$500)))) -> 0
A10: Leaks | B10: RSS_04_Leak Grade Change History | C10: RELEASED IN PROD | D10: =IF($B10="","",IF(C10="NOT STARTED",IF(K10="","No plan date set",IF(K10<TODAY(),"Review - planned start passed","On track")),IF(C10="DB Dev",IF(N10="","No target set",IF(AND(N10<TODAY(),P10=""),"Overdue","On track")),IF(C10="PBI Dev",IF(R10="","No target set",IF(AND(R10<TODAY(),T10=""),"Overdue","On track")),IF(C10="QA",IF(V10="","No target set",IF(AND(V10<TODAY(),X10=""),"Overdue","On track")),IF(C10="DPO Approval",IF(Z10="","No target set",IF(Z10<TODAY(),"Overdue","On track")),IF(C10="RELEASED IN PROD","Delivered",""))))))) -> Delivered | E10: 8 | G10: Siva | H10: Navya | I10: Preety | K10: 46142 | L10: April | P10: 46127 | T10: 46126 | X10: 46122 | AA10: Kelvin Hu | AB10: Yes | AD10: https://app.powerbi.com/groups/me/apps/7767030c-f4c8-4488-b3cb-36a860cb6ff2/reports/6fe40f7b-3dfe-45ee-9f81-cb977321242d/9d7e292e8fb40cfee194?experience=power-bi | AE10: https://app.powerbi.com/groups/me/apps/5b29b0dd-a398-4801-84ce-f3a7d8435827/reports/4268caf5-dcbd-4b00-8518-baf8239fff69/9d7e292e8fb40cfee194?experience=power-bi | AF10: No | AH10: =IF($AF10="Yes",IF($AG10<>"","Blocked - needs "&$AG10&" to fix","Blocked at "&$C10),"") | AI10: =IF($B10="","",COUNTIF('Rework Log'!$A$3:$A$500,$B10)) -> 0 | AJ10: =IF(OR($B10="",$AR10=0),"",INDEX('Rework Log'!$C:$C,$AR10)) | AK10: =IF(OR($B10="",$AR10=0),"",INDEX('Rework Log'!$H:$H,$AR10)) | AL10: =IF(OR($B10="",$AR10=0),"",INDEX('Rework Log'!$G:$G,$AR10)) | AM10: =IF($B10="","",IF(Z10<>"","DPO Approval",IF(V10<>"","QA",IF(R10<>"","PBI Dev",IF(N10<>"","DB Dev","NOT STARTED"))))) -> NOT STARTED | AN10: =IF($B10="","",IF(IF($C10="NOT STARTED",0,IF($C10="DB Dev",1,IF($C10="PBI Dev",2,IF($C10="QA",3,IF($C10="DPO Approval",4,IF($C10="RELEASED IN PROD",5,-1))))))<IF($AM10="NOT STARTED",0,IF($AM10="DB Dev",1,IF($AM10="PBI Dev",2,IF($AM10="QA",3,IF($AM10="DPO Approval",4,IF($AM10="RELEASED IN PROD",5,-1)))))),"Yes - was already at "&$AM10&", now back at "&$C10,"No")) -> No | AO10: =IF($B10="","",IF(AND(V10<>"",N10<>"",V10<N10),"QA target is before DB Dev target",IF(AND(V10<>"",R10<>"",V10<R10),"QA target is before PBI Dev target",IF(AND(Z10<>"",V10<>"",Z10<V10),"DPO Approval target is before QA target",IF(AND(AC10<>"",Z10<>"",AC10<Z10),"Confirmed Deployed date is before DPO Approval target",""))))) | AP10: =IF($B10="","",IF(COUNTIF($B$2:$B$500,$B10)>1,"Duplicate name - check row","")) | AQ10: 23/4 - Testing completed in QA and defect created https://jira.prod.nationalgrid.com/browse/GDMP-2227; Report is ready for testing 04/23/2026 | AR10: =IF($B10="","",SUMPRODUCT(MAX(('Rework Log'!$A$3:$A$500=$B10)*ROW('Rework Log'!$A$3:$A$500)))) -> 0
A11: Leaks | B11: RPT_04_Surveillances With Zero Readings | C11: RELEASED IN PROD | D11: =IF($B11="","",IF(C11="NOT STARTED",IF(K11="","No plan date set",IF(K11<TODAY(),"Review - planned start passed","On track")),IF(C11="DB Dev",IF(N11="","No target set",IF(AND(N11<TODAY(),P11=""),"Overdue","On track")),IF(C11="PBI Dev",IF(R11="","No target set",IF(AND(R11<TODAY(),T11=""),"Overdue","On track")),IF(C11="QA",IF(V11="","No target set",IF(AND(V11<TODAY(),X11=""),"Overdue","On track")),IF(C11="DPO Approval",IF(Z11="","No target set",IF(Z11<TODAY(),"Overdue","On track")),IF(C11="RELEASED IN PROD","Delivered",""))))))) -> Delivered | E11: 10 | G11: Sreevarsha | H11: Navya | I11: Kelvin | K11: 46173 | L11: May | T11: 46139 | X11: 46139 | AA11: Kelvin Hu | AB11: Yes | AD11: https://app.powerbi.com/groups/me/apps/eedba83d-be9a-45f9-9504-7bfa41e6051a/reports/743b79eb-5470-4cd4-ad54-81eb3b409ae8/ea184ec020032ecbdd43?ctid=f98a6a53-25f3-4212-901c-c7787fcd3495&experience=power-bi | AE11: https://app.powerbi.com/groups/me/apps/2c7180b1-0d3d-45be-979e-f7dc86b3557d/reports/c887cd5e-9172-4de3-921e-2c0edd2533bc/ea184ec020032ecbdd43?experience=power-bi | AF11: No | AH11: =IF($AF11="Yes",IF($AG11<>"","Blocked - needs "&$AG11&" to fix","Blocked at "&$C11),"") | AI11: =IF($B11="","",COUNTIF('Rework Log'!$A$3:$A$500,$B11)) -> 0 | AJ11: =IF(OR($B11="",$AR11=0),"",INDEX('Rework Log'!$C:$C,$AR11)) | AK11: =IF(OR($B11="",$AR11=0),"",INDEX('Rework Log'!$H:$H,$AR11)) | AL11: =IF(OR($B11="",$AR11=0),"",INDEX('Rework Log'!$G:$G,$AR11)) | AM11: =IF($B11="","",IF(Z11<>"","DPO Approval",IF(V11<>"","QA",IF(R11<>"","PBI Dev",IF(N11<>"","DB Dev","NOT STARTED"))))) -> NOT STARTED | AN11: =IF($B11="","",IF(IF($C11="NOT STARTED",0,IF($C11="DB Dev",1,IF($C11="PBI Dev",2,IF($C11="QA",3,IF($C11="DPO Approval",4,IF($C11="RELEASED IN PROD",5,-1))))))<IF($AM11="NOT STARTED",0,IF($AM11="DB Dev",1,IF($AM11="PBI Dev",2,IF($AM11="QA",3,IF($AM11="DPO Approval",4,IF($AM11="RELEASED IN PROD",5,-1)))))),"Yes - was already at "&$AM11&", now back at "&$C11,"No")) -> No | AO11: =IF($B11="","",IF(AND(V11<>"",N11<>"",V11<N11),"QA target is before DB Dev target",IF(AND(V11<>"",R11<>"",V11<R11),"QA target is before PBI Dev target",IF(AND(Z11<>"",V11<>"",Z11<V11),"DPO Approval target is before QA target",IF(AND(AC11<>"",Z11<>"",AC11<Z11),"Confirmed Deployed date is before DPO Approval target",""))))) | AP11: =IF($B11="","",IF(COUNTIF($B$2:$B$500,$B11)>1,"Duplicate name - check row","")) | AR11: =IF($B11="","",SUMPRODUCT(MAX(('Rework Log'!$A$3:$A$500=$B11)*ROW('Rework Log'!$A$3:$A$500)))) -> 0
A12: Leaks | B12: RPT_04 High Emitter leaks | C12: RELEASED IN PROD | D12: =IF($B12="","",IF(C12="NOT STARTED",IF(K12="","No plan date set",IF(K12<TODAY(),"Review - planned start passed","On track")),IF(C12="DB Dev",IF(N12="","No target set",IF(AND(N12<TODAY(),P12=""),"Overdue","On track")),IF(C12="PBI Dev",IF(R12="","No target set",IF(AND(R12<TODAY(),T12=""),"Overdue","On track")),IF(C12="QA",IF(V12="","No target set",IF(AND(V12<TODAY(),X12=""),"Overdue","On track")),IF(C12="DPO Approval",IF(Z12="","No target set",IF(Z12<TODAY(),"Overdue","On track")),IF(C12="RELEASED IN PROD","Delivered",""))))))) -> Delivered | E12: 11 | G12: Sreevarsha | H12: Navya | I12: Preety | K12: 46173 | L12: May | T12: 46141 | X12: 46141 | AA12: Kelvin Hu | AB12: Yes | AD12: https://app.powerbi.com/groups/me/apps/61b18507-2848-49b9-aacc-32c49ffe1e0b/reports/a44e7124-b1d0-4a09-a5d1-157e2043ba8e/ea184ec020032ecbdd43?ctid=f98a6a53-25f3-4212-901c-c7787fcd3495&experience=power-bi | AE12: https://app.powerbi.com/groups/me/apps/93d01997-58e0-48d8-bcca-ad8377094e64/reports/6d6fe558-e5d6-4a4b-b6fb-8a5f8735d1df/ea184ec020032ecbdd43?experience=power-bi | AF12: No | AH12: =IF($AF12="Yes",IF($AG12<>"","Blocked - needs "&$AG12&" to fix","Blocked at "&$C12),"") | AI12: =IF($B12="","",COUNTIF('Rework Log'!$A$3:$A$500,$B12)) -> 0 | AJ12: =IF(OR($B12="",$AR12=0),"",INDEX('Rework Log'!$C:$C,$AR12)) | AK12: =IF(OR($B12="",$AR12=0),"",INDEX('Rework Log'!$H:$H,$AR12)) | AL12: =IF(OR($B12="",$AR12=0),"",INDEX('Rework Log'!$G:$G,$AR12)) | AM12: =IF($B12="","",IF(Z12<>"","DPO Approval",IF(V12<>"","QA",IF(R12<>"","PBI Dev",IF(N12<>"","DB Dev","NOT STARTED"))))) -> NOT STARTED | AN12: =IF($B12="","",IF(IF($C12="NOT STARTED",0,IF($C12="DB Dev",1,IF($C12="PBI Dev",2,IF($C12="QA",3,IF($C12="DPO Approval",4,IF($C12="RELEASED IN PROD",5,-1))))))<IF($AM12="NOT STARTED",0,IF($AM12="DB Dev",1,IF($AM12="PBI Dev",2,IF($AM12="QA",3,IF($AM12="DPO Approval",4,IF($AM12="RELEASED IN PROD",5,-1)))))),"Yes - was already at "&$AM12&", now back at "&$C12,"No")) -> No | AO12: =IF($B12="","",IF(AND(V12<>"",N12<>"",V12<N12),"QA target is before DB Dev target",IF(AND(V12<>"",R12<>"",V12<R12),"QA target is before PBI Dev target",IF(AND(Z12<>"",V12<>"",Z12<V12),"DPO Approval target is before QA target",IF(AND(AC12<>"",Z12<>"",AC12<Z12),"Confirmed Deployed date is before DPO Approval target",""))))) | AP12: =IF($B12="","",IF(COUNTIF($B$2:$B$500,$B12)>1,"Duplicate name - check row","")) | AQ12: 05/05- defect raised https://jira.prod.nationalgrid.com/browse/GDMP-2230 | AR12: =IF($B12="","",SUMPRODUCT(MAX(('Rework Log'!$A$3:$A$500=$B12)*ROW('Rework Log'!$A$3:$A$500)))) -> 0
A13: Leaks | B13: RPT_04_School Zone Leaks Without Repair | C13: RELEASED IN PROD | D13: =IF($B13="","",IF(C13="NOT STARTED",IF(K13="","No plan date set",IF(K13<TODAY(),"Review - planned start passed","On track")),IF(C13="DB Dev",IF(N13="","No target set",IF(AND(N13<TODAY(),P13=""),"Overdue","On track")),IF(C13="PBI Dev",IF(R13="","No target set",IF(AND(R13<TODAY(),T13=""),"Overdue","On track")),IF(C13="QA",IF(V13="","No target set",IF(AND(V13<TODAY(),X13=""),"Overdue","On track")),IF(C13="DPO Approval",IF(Z13="","No target set",IF(Z13<TODAY(),"Overdue","On track")),IF(C13="RELEASED IN PROD","Delivered",""))))))) -> Delivered | E13: 12 | G13: Sreevarsha | H13: Sarath | I13: Preety | K13: 46173 | L13: May | T13: 46161 | X13: 46161 | AA13: Kelvin Hu | AB13: Yes | AD13: https://app.powerbi.com/groups/me/apps/eedba83d-be9a-45f9-9504-7bfa41e6051a/reports/0f3b2c1d-09ad-45db-9786-31e8c9401bc4/ReportSectionda782bb6769340acca9d?experience=power-bi | AE13: https://app.powerbi.com/groups/me/apps/2c7180b1-0d3d-45be-979e-f7dc86b3557d/reports/5e101b4d-8b08-431a-8b3a-04aafc85f314/ReportSection1e63b8fbeb9ea54074e1?experience=power-bi | AF13: No | AH13: =IF($AF13="Yes",IF($AG13<>"","Blocked - needs "&$AG13&" to fix","Blocked at "&$C13),"") | AI13: =IF($B13="","",COUNTIF('Rework Log'!$A$3:$A$500,$B13)) -> 0 | AJ13: =IF(OR($B13="",$AR13=0),"",INDEX('Rework Log'!$C:$C,$AR13)) | AK13: =IF(OR($B13="",$AR13=0),"",INDEX('Rework Log'!$H:$H,$AR13)) | AL13: =IF(OR($B13="",$AR13=0),"",INDEX('Rework Log'!$G:$G,$AR13)) | AM13: =IF($B13="","",IF(Z13<>"","DPO Approval",IF(V13<>"","QA",IF(R13<>"","PBI Dev",IF(N13<>"","DB Dev","NOT STARTED"))))) -> NOT STARTED | AN13: =IF($B13="","",IF(IF($C13="NOT STARTED",0,IF($C13="DB Dev",1,IF($C13="PBI Dev",2,IF($C13="QA",3,IF($C13="DPO Approval",4,IF($C13="RELEASED IN PROD",5,-1))))))<IF($AM13="NOT STARTED",0,IF($AM13="DB Dev",1,IF($AM13="PBI Dev",2,IF($AM13="QA",3,IF($AM13="DPO Approval",4,IF($AM13="RELEASED IN PROD",5,-1)))))),"Yes - was already at "&$AM13&", now back at "&$C13,"No")) -> No | AO13: =IF($B13="","",IF(AND(V13<>"",N13<>"",V13<N13),"QA target is before DB Dev target",IF(AND(V13<>"",R13<>"",V13<R13),"QA target is before PBI Dev target",IF(AND(Z13<>"",V13<>"",Z13<V13),"DPO Approval target is before QA target",IF(AND(AC13<>"",Z13<>"",AC13<Z13),"Confirmed Deployed date is before DPO Approval target",""))))) | AP13: =IF($B13="","",IF(COUNTIF($B$2:$B$500,$B13)>1,"Duplicate name - check row","")) | AR13: =IF($B13="","",SUMPRODUCT(MAX(('Rework Log'!$A$3:$A$500=$B13)*ROW('Rework Log'!$A$3:$A$500)))) -> 0
A14: Leaks | B14: RPT_04_PSC Quarterly Leak | C14: RELEASED IN PROD | D14: =IF($B14="","",IF(C14="NOT STARTED",IF(K14="","No plan date set",IF(K14<TODAY(),"Review - planned start passed","On track")),IF(C14="DB Dev",IF(N14="","No target set",IF(AND(N14<TODAY(),P14=""),"Overdue","On track")),IF(C14="PBI Dev",IF(R14="","No target set",IF(AND(R14<TODAY(),T14=""),"Overdue","On track")),IF(C14="QA",IF(V14="","No target set",IF(AND(V14<TODAY(),X14=""),"Overdue","On track")),IF(C14="DPO Approval",IF(Z14="","No target set",IF(Z14<TODAY(),"Overdue","On track")),IF(C14="RELEASED IN PROD","Delivered",""))))))) -> Delivered | E14: 13 | G14: Geetha | H14: Sarath | I14: Kelvin | K14: 46173 | L14: May | T14: 46175 | X14: 46175 | AA14: Kelvin Hu | AB14: Yes | AC14: 46184 | AE14: https://app.powerbi.com/groups/me/apps/93d01997-58e0-48d8-bcca-ad8377094e64/reports/bda83ba5-3e9d-4f8d-9496-bf14e91f7b20/ccfe9e7f0a40d49acb85?ctid=f98a6a53-25f3-4212-901c-c7787fcd3495&experience=power-bi | AF14: No | AH14: =IF($AF14="Yes",IF($AG14<>"","Blocked - needs "&$AG14&" to fix","Blocked at "&$C14),"") | AI14: =IF($B14="","",COUNTIF('Rework Log'!$A$3:$A$500,$B14)) -> 0 | AJ14: =IF(OR($B14="",$AR14=0),"",INDEX('Rework Log'!$C:$C,$AR14)) | AK14: =IF(OR($B14="",$AR14=0),"",INDEX('Rework Log'!$H:$H,$AR14)) | AL14: =IF(OR($B14="",$AR14=0),"",INDEX('Rework Log'!$G:$G,$AR14)) | AM14: =IF($B14="","",IF(Z14<>"","DPO Approval",IF(V14<>"","QA",IF(R14<>"","PBI Dev",IF(N14<>"","DB Dev","NOT STARTED"))))) -> NOT STARTED | AN14: =IF($B14="","",IF(IF($C14="NOT STARTED",0,IF($C14="DB Dev",1,IF($C14="PBI Dev",2,IF($C14="QA",3,IF($C14="DPO Approval",4,IF($C14="RELEASED IN PROD",5,-1))))))<IF($AM14="NOT STARTED",0,IF($AM14="DB Dev",1,IF($AM14="PBI Dev",2,IF($AM14="QA",3,IF($AM14="DPO Approval",4,IF($AM14="RELEASED IN PROD",5,-1)))))),"Yes - was already at "&$AM14&", now back at "&$C14,"No")) -> No | AO14: =IF($B14="","",IF(AND(V14<>"",N14<>"",V14<N14),"QA target is before DB Dev target",IF(AND(V14<>"",R14<>"",V14<R14),"QA target is before PBI Dev target",IF(AND(Z14<>"",V14<>"",Z14<V14),"DPO Approval target is before QA target",IF(AND(AC14<>"",Z14<>"",AC14<Z14),"Confirmed Deployed date is before DPO Approval target",""))))) | AP14: =IF($B14="","",IF(COUNTIF($B$2:$B$500,$B14)>1,"Duplicate name - check row","")) | AR14: =IF($B14="","",SUMPRODUCT(MAX(('Rework Log'!$A$3:$A$500=$B14)*ROW('Rework Log'!$A$3:$A$500)))) -> 0
A15: Leaks | B15: RPT_04_Rechecks Completed less than 14 days | C15: RELEASED IN PROD | D15: =IF($B15="","",IF(C15="NOT STARTED",IF(K15="","No plan date set",IF(K15<TODAY(),"Review - planned start passed","On track")),IF(C15="DB Dev",IF(N15="","No target set",IF(AND(N15<TODAY(),P15=""),"Overdue","On track")),IF(C15="PBI Dev",IF(R15="","No target set",IF(AND(R15<TODAY(),T15=""),"Overdue","On track")),IF(C15="QA",IF(V15="","No target set",IF(AND(V15<TODAY(),X15=""),"Overdue","On track")),IF(C15="DPO Approval",IF(Z15="","No target set",IF(Z15<TODAY(),"Overdue","On track")),IF(C15="RELEASED IN PROD","Delivered",""))))))) -> Delivered | E15: 14 | G15: Rupa | H15: Shraddha | I15: Preety | K15: 46173 | L15: May | T15: 46134 | X15: 46134 | AA15: Kelvin Hu | AB15: Yes | AD15: https://app.powerbi.com/groups/me/apps/7767030c-f4c8-4488-b3cb-36a860cb6ff2/reports/de1ad11f-021b-4cc1-b465-67efd542031c/3122b8024291693794eb?ctid=f98a6a53-25f3-4212-901c-c7787fcd3495&experience=power-bi | AE15: https://app.powerbi.com/groups/me/apps/5b29b0dd-a398-4801-84ce-f3a7d8435827/reports/0e063b20-0b38-4000-b436-fcbec11daa46/3122b8024291693794eb?experience=power-bi | AF15: No | AH15: =IF($AF15="Yes",IF($AG15<>"","Blocked - needs "&$AG15&" to fix","Blocked at "&$C15),"") | AI15: =IF($B15="","",COUNTIF('Rework Log'!$A$3:$A$500,$B15)) -> 0 | AJ15: =IF(OR($B15="",$AR15=0),"",INDEX('Rework Log'!$C:$C,$AR15)) | AK15: =IF(OR($B15="",$AR15=0),"",INDEX('Rework Log'!$H:$H,$AR15)) | AL15: =IF(OR($B15="",$AR15=0),"",INDEX('Rework Log'!$G:$G,$AR15)) | AM15: =IF($B15="","",IF(Z15<>"","DPO Approval",IF(V15<>"","QA",IF(R15<>"","PBI Dev",IF(N15<>"","DB Dev","NOT STARTED"))))) -> NOT STARTED | AN15: =IF($B15="","",IF(IF($C15="NOT STARTED",0,IF($C15="DB Dev",1,IF($C15="PBI Dev",2,IF($C15="QA",3,IF($C15="DPO Approval",4,IF($C15="RELEASED IN PROD",5,-1))))))<IF($AM15="NOT STARTED",0,IF($AM15="DB Dev",1,IF($AM15="PBI Dev",2,IF($AM15="QA",3,IF($AM15="DPO Approval",4,IF($AM15="RELEASED IN PROD",5,-1)))))),"Yes - was already at "&$AM15&", now back at "&$C15,"No")) -> No | AO15: =IF($B15="","",IF(AND(V15<>"",N15<>"",V15<N15),"QA target is before DB Dev target",IF(AND(V15<>"",R15<>"",V15<R15),"QA target is before PBI Dev target",IF(AND(Z15<>"",V15<>"",Z15<V15),"DPO Approval target is before QA target",IF(AND(AC15<>"",Z15<>"",AC15<Z15),"Confirmed Deployed date is before DPO Approval target",""))))) | AP15: =IF($B15="","",IF(COUNTIF($B$2:$B$500,$B15)>1,"Duplicate name - check row","")) | AR15: =IF($B15="","",SUMPRODUCT(MAX(('Rework Log'!$A$3:$A$500=$B15)*ROW('Rework Log'!$A$3:$A$500)))) -> 0
A16: Leaks | B16: RPT_04_SEI Leak Activity | C16: RELEASED IN PROD | D16: =IF($B16="","",IF(C16="NOT STARTED",IF(K16="","No plan date set",IF(K16<TODAY(),"Review - planned start passed","On track")),IF(C16="DB Dev",IF(N16="","No target set",IF(AND(N16<TODAY(),P16=""),"Overdue","On track")),IF(C16="PBI Dev",IF(R16="","No target set",IF(AND(R16<TODAY(),T16=""),"Overdue","On track")),IF(C16="QA",IF(V16="","No target set",IF(AND(V16<TODAY(),X16=""),"Overdue","On track")),IF(C16="DPO Approval",IF(Z16="","No target set",IF(Z16<TODAY(),"Overdue","On track")),IF(C16="RELEASED IN PROD","Delivered",""))))))) -> Delivered | E16: 15 | G16: Siva | H16: Shraddha | I16: Preety | K16: 46173 | L16: May | T16: 46139 | X16: 46139 | AA16: Kelvin Hu | AB16: Yes | AD16: https://app.powerbi.com/groups/me/apps/7767030c-f4c8-4488-b3cb-36a860cb6ff2/reports/c76693f4-bab2-46a1-ab2a-16752d7664fd/ea184ec020032ecbdd43?experience=power-bi | AE16: https://app.powerbi.com/groups/me/apps/5b29b0dd-a398-4801-84ce-f3a7d8435827/reports/9d9f5721-feb1-4ed3-91fd-18bc33ef38f1/ea184ec020032ecbdd43?experience=power-bi | AF16: No | AH16: =IF($AF16="Yes",IF($AG16<>"","Blocked - needs "&$AG16&" to fix","Blocked at "&$C16),"") | AI16: =IF($B16="","",COUNTIF('Rework Log'!$A$3:$A$500,$B16)) -> 0 | AJ16: =IF(OR($B16="",$AR16=0),"",INDEX('Rework Log'!$C:$C,$AR16)) | AK16: =IF(OR($B16="",$AR16=0),"",INDEX('Rework Log'!$H:$H,$AR16)) | AL16: =IF(OR($B16="",$AR16=0),"",INDEX('Rework Log'!$G:$G,$AR16)) | AM16: =IF($B16="","",IF(Z16<>"","DPO Approval",IF(V16<>"","QA",IF(R16<>"","PBI Dev",IF(N16<>"","DB Dev","NOT STARTED"))))) -> NOT STARTED | AN16: =IF($B16="","",IF(IF($C16="NOT STARTED",0,IF($C16="DB Dev",1,IF($C16="PBI Dev",2,IF($C16="QA",3,IF($C16="DPO Approval",4,IF($C16="RELEASED IN PROD",5,-1))))))<IF($AM16="NOT STARTED",0,IF($AM16="DB Dev",1,IF($AM16="PBI Dev",2,IF($AM16="QA",3,IF($AM16="DPO Approval",4,IF($AM16="RELEASED IN PROD",5,-1)))))),"Yes - was already at "&$AM16&", now back at "&$C16,"No")) -> No | AO16: =IF($B16="","",IF(AND(V16<>"",N16<>"",V16<N16),"QA target is before DB Dev target",IF(AND(V16<>"",R16<>"",V16<R16),"QA target is before PBI Dev target",IF(AND(Z16<>"",V16<>"",Z16<V16),"DPO Approval target is before QA target",IF(AND(AC16<>"",Z16<>"",AC16<Z16),"Confirmed Deployed date is before DPO Approval target",""))))) | AP16: =IF($B16="","",IF(COUNTIF($B$2:$B$500,$B16)>1,"Duplicate name - check row","")) | AR16: =IF($B16="","",SUMPRODUCT(MAX(('Rework Log'!$A$3:$A$500=$B16)*ROW('Rework Log'!$A$3:$A$500)))) -> 0
A17: Leaks | B17: RPT_04_CMS Leak Productivity | C17: RELEASED IN PROD | D17: =IF($B17="","",IF(C17="NOT STARTED",IF(K17="","No plan date set",IF(K17<TODAY(),"Review - planned start passed","On track")),IF(C17="DB Dev",IF(N17="","No target set",IF(AND(N17<TODAY(),P17=""),"Overdue","On track")),IF(C17="PBI Dev",IF(R17="","No target set",IF(AND(R17<TODAY(),T17=""),"Overdue","On track")),IF(C17="QA",IF(V17="","No target set",IF(AND(V17<TODAY(),X17=""),"Overdue","On track")),IF(C17="DPO Approval",IF(Z17="","No target set",IF(Z17<TODAY(),"Overdue","On track")),IF(C17="RELEASED IN PROD","Delivered",""))))))) -> Delivered | E17: 16 | G17: Siddu | H17: Navya | I17: Preety | K17: 46173 | L17: May | T17: 46147 | X17: 46147 | AA17: Kelvin Hu | AB17: Yes | AD17: https://app.powerbi.com/groups/me/apps/eedba83d-be9a-45f9-9504-7bfa41e6051a/reports/3440832e-c72e-45f2-b154-f6b1d66314fc/51a6cefeab19522827a6?experience=power-bi | AE17: https://app.powerbi.com/groups/me/apps/2c7180b1-0d3d-45be-979e-f7dc86b3557d/reports/18e31a06-f1af-4965-ad46-5a507f24ed56/51a6cefeab19522827a6?experience=power-bi | AF17: No | AH17: =IF($AF17="Yes",IF($AG17<>"","Blocked - needs "&$AG17&" to fix","Blocked at "&$C17),"") | AI17: =IF($B17="","",COUNTIF('Rework Log'!$A$3:$A$500,$B17)) -> 0 | AJ17: =IF(OR($B17="",$AR17=0),"",INDEX('Rework Log'!$C:$C,$AR17)) | AK17: =IF(OR($B17="",$AR17=0),"",INDEX('Rework Log'!$H:$H,$AR17)) | AL17: =IF(OR($B17="",$AR17=0),"",INDEX('Rework Log'!$G:$G,$AR17)) | AM17: =IF($B17="","",IF(Z17<>"","DPO Approval",IF(V17<>"","QA",IF(R17<>"","PBI Dev",IF(N17<>"","DB Dev","NOT STARTED"))))) -> NOT STARTED | AN17: =IF($B17="","",IF(IF($C17="NOT STARTED",0,IF($C17="DB Dev",1,IF($C17="PBI Dev",2,IF($C17="QA",3,IF($C17="DPO Approval",4,IF($C17="RELEASED IN PROD",5,-1))))))<IF($AM17="NOT STARTED",0,IF($AM17="DB Dev",1,IF($AM17="PBI Dev",2,IF($AM17="QA",3,IF($AM17="DPO Approval",4,IF($AM17="RELEASED IN PROD",5,-1)))))),"Yes - was already at "&$AM17&", now back at "&$C17,"No")) -> No | AO17: =IF($B17="","",IF(AND(V17<>"",N17<>"",V17<N17),"QA target is before DB Dev target",IF(AND(V17<>"",R17<>"",V17<R17),"QA target is before PBI Dev target",IF(AND(Z17<>"",V17<>"",Z17<V17),"DPO Approval target is before QA target",IF(AND(AC17<>"",Z17<>"",AC17<Z17),"Confirmed Deployed date is before DPO Approval target",""))))) | AP17: =IF($B17="","",IF(COUNTIF($B$2:$B$500,$B17)>1,"Duplicate name - check row","")) | AR17: =IF($B17="","",SUMPRODUCT(MAX(('Rework Log'!$A$3:$A$500=$B17)*ROW('Rework Log'!$A$3:$A$500)))) -> 0
A18: Leaks | B18: RPT_04_Main Break Corrosion and Leak Cluster | C18: RELEASED IN PROD | D18: =IF($B18="","",IF(C18="NOT STARTED",IF(K18="","No plan date set",IF(K18<TODAY(),"Review - planned start passed","On track")),IF(C18="DB Dev",IF(N18="","No target set",IF(AND(N18<TODAY(),P18=""),"Overdue","On track")),IF(C18="PBI Dev",IF(R18="","No target set",IF(AND(R18<TODAY(),T18=""),"Overdue","On track")),IF(C18="QA",IF(V18="","No target set",IF(AND(V18<TODAY(),X18=""),"Overdue","On track")),IF(C18="DPO Approval",IF(Z18="","No target set",IF(Z18<TODAY(),"Overdue","On track")),IF(C18="RELEASED IN PROD","Delivered",""))))))) -> Delivered | E18: 17 | G18: Siddu | H18: Sarath | I18: Kelvin | K18: 46173 | L18: May | T18: 46175 | X18: 46179 | AA18: Kelvin Hu | AD18: https://app.powerbi.com/groups/me/apps/eedba83d-be9a-45f9-9504-7bfa41e6051a/reports/efc0a204-1a7b-4be6-8334-c7582c9093b8/ReportSection81bc1123208781ca563a?experience=power-bi | AF18: No | AH18: =IF($AF18="Yes",IF($AG18<>"","Blocked - needs "&$AG18&" to fix","Blocked at "&$C18),"") | AI18: =IF($B18="","",COUNTIF('Rework Log'!$A$3:$A$500,$B18)) -> 0 | AJ18: =IF(OR($B18="",$AR18=0),"",INDEX('Rework Log'!$C:$C,$AR18)) | AK18: =IF(OR($B18="",$AR18=0),"",INDEX('Rework Log'!$H:$H,$AR18)) | AL18: =IF(OR($B18="",$AR18=0),"",INDEX('Rework Log'!$G:$G,$AR18)) | AM18: =IF($B18="","",IF(Z18<>"","DPO Approval",IF(V18<>"","QA",IF(R18<>"","PBI Dev",IF(N18<>"","DB Dev","NOT STARTED"))))) -> NOT STARTED | AN18: =IF($B18="","",IF(IF($C18="NOT STARTED",0,IF($C18="DB Dev",1,IF($C18="PBI Dev",2,IF($C18="QA",3,IF($C18="DPO Approval",4,IF($C18="RELEASED IN PROD",5,-1))))))<IF($AM18="NOT STARTED",0,IF($AM18="DB Dev",1,IF($AM18="PBI Dev",2,IF($AM18="QA",3,IF($AM18="DPO Approval",4,IF($AM18="RELEASED IN PROD",5,-1)))))),"Yes - was already at "&$AM18&", now back at "&$C18,"No")) -> No | AO18: =IF($B18="","",IF(AND(V18<>"",N18<>"",V18<N18),"QA target is before DB Dev target",IF(AND(V18<>"",R18<>"",V18<R18),"QA target is before PBI Dev target",IF(AND(Z18<>"",V18<>"",Z18<V18),"DPO Approval target is before QA target",IF(AND(AC18<>"",Z18<>"",AC18<Z18),"Confirmed Deployed date is before DPO Approval target",""))))) | AP18: =IF($B18="","",IF(COUNTIF($B$2:$B$500,$B18)>1,"Duplicate name - check row","")) | AR18: =IF($B18="","",SUMPRODUCT(MAX(('Rework Log'!$A$3:$A$500=$B18)*ROW('Rework Log'!$A$3:$A$500)))) -> 0
A19: Leaks | B19: RPT_04_Leak Summary Status | C19: RELEASED IN PROD | D19: =IF($B19="","",IF(C19="NOT STARTED",IF(K19="","No plan date set",IF(K19<TODAY(),"Review - planned start passed","On track")),IF(C19="DB Dev",IF(N19="","No target set",IF(AND(N19<TODAY(),P19=""),"Overdue","On track")),IF(C19="PBI Dev",IF(R19="","No target set",IF(AND(R19<TODAY(),T19=""),"Overdue","On track")),IF(C19="QA",IF(V19="","No target set",IF(AND(V19<TODAY(),X19=""),"Overdue","On track")),IF(C19="DPO Approval",IF(Z19="","No target set",IF(Z19<TODAY(),"Overdue","On track")),IF(C19="RELEASED IN PROD","Delivered",""))))))) -> Delivered | E19: 18 | G19: Fetwi | H19: Navya | I19: Kelvin | K19: 46173 | L19: May | T19: 46143 | X19: 46175 | AA19: Kelvin Hu | AB19: Yes | AC19: 46184 | AD19: https://app.powerbi.com/groups/me/apps/7767030c-f4c8-4488-b3cb-36a860cb6ff2/reports/184a9cdc-83f5-40b0-940d-d901ad9fb404/ReportSection6d915001f68ea4805272?ctid=f98a6a53-25f3-4212-901c-c7787fcd3495&experience=power-bi | AE19: https://app.powerbi.com/groups/me/apps/5b29b0dd-a398-4801-84ce-f3a7d8435827/reports/f7af2903-2d63-497e-b262-100f5a3b500b/ReportSection6d915001f68ea4805272?ctid=f98a6a53-25f3-4212-901c-c7787fcd3495&experience=power-bi | AF19: No | AH19: =IF($AF19="Yes",IF($AG19<>"","Blocked - needs "&$AG19&" to fix","Blocked at "&$C19),"") | AI19: =IF($B19="","",COUNTIF('Rework Log'!$A$3:$A$500,$B19)) -> 0 | AJ19: =IF(OR($B19="",$AR19=0),"",INDEX('Rework Log'!$C:$C,$AR19)) | AK19: =IF(OR($B19="",$AR19=0),"",INDEX('Rework Log'!$H:$H,$AR19)) | AL19: =IF(OR($B19="",$AR19=0),"",INDEX('Rework Log'!$G:$G,$AR19)) | AM19: =IF($B19="","",IF(Z19<>"","DPO Approval",IF(V19<>"","QA",IF(R19<>"","PBI Dev",IF(N19<>"","DB Dev","NOT STARTED"))))) -> NOT STARTED | AN19: =IF($B19="","",IF(IF($C19="NOT STARTED",0,IF($C19="DB Dev",1,IF($C19="PBI Dev",2,IF($C19="QA",3,IF($C19="DPO Approval",4,IF($C19="RELEASED IN PROD",5,-1))))))<IF($AM19="NOT STARTED",0,IF($AM19="DB Dev",1,IF($AM19="PBI Dev",2,IF($AM19="QA",3,IF($AM19="DPO Approval",4,IF($AM19="RELEASED IN PROD",5,-1)))))),"Yes - was already at "&$AM19&", now back at "&$C19,"No")) -> No | AO19: =IF($B19="","",IF(AND(V19<>"",N19<>"",V19<N19),"QA target is before DB Dev target",IF(AND(V19<>"",R19<>"",V19<R19),"QA target is before PBI Dev target",IF(AND(Z19<>"",V19<>"",Z19<V19),"DPO Approval target is before QA target",IF(AND(AC19<>"",Z19<>"",AC19<Z19),"Confirmed Deployed date is before DPO Approval target",""))))) | AP19: =IF($B19="","",IF(COUNTIF($B$2:$B$500,$B19)>1,"Duplicate name - check row","")) | AR19: =IF($B19="","",SUMPRODUCT(MAX(('Rework Log'!$A$3:$A$500=$B19)*ROW('Rework Log'!$A$3:$A$500)))) -> 0
A20: Leaks | B20: RPT_04_PSC Leak Printout | C20: RELEASED IN PROD | D20: =IF($B20="","",IF(C20="NOT STARTED",IF(K20="","No plan date set",IF(K20<TODAY(),"Review - planned start passed","On track")),IF(C20="DB Dev",IF(N20="","No target set",IF(AND(N20<TODAY(),P20=""),"Overdue","On track")),IF(C20="PBI Dev",IF(R20="","No target set",IF(AND(R20<TODAY(),T20=""),"Overdue","On track")),IF(C20="QA",IF(V20="","No target set",IF(AND(V20<TODAY(),X20=""),"Overdue","On track")),IF(C20="DPO Approval",IF(Z20="","No target set",IF(Z20<TODAY(),"Overdue","On track")),IF(C20="RELEASED IN PROD","Delivered",""))))))) -> Delivered | E20: 19 | G20: Fetwi | H20: Shraddha | I20: Preety | K20: 46173 | L20: May | P20: 46175 | T20: 46178 | X20: 46175 | AA20: Kelvin Hu | AB20: Yes | AC20: 46192 | AD20: https://app.powerbi.com/groups/me/apps/61b18507-2848-49b9-aacc-32c49ffe1e0b/rdlreports/84ee7713-075e-496c-8610-43022c6a55ab?ctid=f98a6a53-25f3-4212-901c-c7787fcd3495&experience=power-bi | AF20: No | AH20: =IF($AF20="Yes",IF($AG20<>"","Blocked - needs "&$AG20&" to fix","Blocked at "&$C20),"") | AI20: =IF($B20="","",COUNTIF('Rework Log'!$A$3:$A$500,$B20)) -> 0 | AJ20: =IF(OR($B20="",$AR20=0),"",INDEX('Rework Log'!$C:$C,$AR20)) | AK20: =IF(OR($B20="",$AR20=0),"",INDEX('Rework Log'!$H:$H,$AR20)) | AL20: =IF(OR($B20="",$AR20=0),"",INDEX('Rework Log'!$G:$G,$AR20)) | AM20: =IF($B20="","",IF(Z20<>"","DPO Approval",IF(V20<>"","QA",IF(R20<>"","PBI Dev",IF(N20<>"","DB Dev","NOT STARTED"))))) -> NOT STARTED | AN20: =IF($B20="","",IF(IF($C20="NOT STARTED",0,IF($C20="DB Dev",1,IF($C20="PBI Dev",2,IF($C20="QA",3,IF($C20="DPO Approval",4,IF($C20="RELEASED IN PROD",5,-1))))))<IF($AM20="NOT STARTED",0,IF($AM20="DB Dev",1,IF($AM20="PBI Dev",2,IF($AM20="QA",3,IF($AM20="DPO Approval",4,IF($AM20="RELEASED IN PROD",5,-1)))))),"Yes - was already at "&$AM20&", now back at "&$C20,"No")) -> No | AO20: =IF($B20="","",IF(AND(V20<>"",N20<>"",V20<N20),"QA target is before DB Dev target",IF(AND(V20<>"",R20<>"",V20<R20),"QA target is before PBI Dev target",IF(AND(Z20<>"",V20<>"",Z20<V20),"DPO Approval target is before QA target",IF(AND(AC20<>"",Z20<>"",AC20<Z20),"Confirmed Deployed date is before DPO Approval target",""))))) | AP20: =IF($B20="","",IF(COUNTIF($B$2:$B$500,$B20)>1,"Duplicate name - check row","")) | AQ20: [Historical, May/June 2026]: Fetwi was investigating a slowness issue in this report. | AR20: =IF($B20="","",SUMPRODUCT(MAX(('Rework Log'!$A$3:$A$500=$B20)*ROW('Rework Log'!$A$3:$A$500)))) -> 0
A21: Leaks | B21: RPT_04_Leak Control Report | C21: RELEASED IN PROD | D21: =IF($B21="","",IF(C21="NOT STARTED",IF(K21="","No plan date set",IF(K21<TODAY(),"Review - planned start passed","On track")),IF(C21="DB Dev",IF(N21="","No target set",IF(AND(N21<TODAY(),P21=""),"Overdue","On track")),IF(C21="PBI Dev",IF(R21="","No target set",IF(AND(R21<TODAY(),T21=""),"Overdue","On track")),IF(C21="QA",IF(V21="","No target set",IF(AND(V21<TODAY(),X21=""),"Overdue","On track")),IF(C21="DPO Approval",IF(Z21="","No target set",IF(Z21<TODAY(),"Overdue","On track")),IF(C21="RELEASED IN PROD","Delivered",""))))))) -> Delivered | E21: 20 | G21: Geetha | H21: Navya | I21: Preety | K21: 46203 | L21: June | P21: 46148 | T21: 46183 | X21: 46195 | AF21: No | AH21: =IF($AF21="Yes",IF($AG21<>"","Blocked - needs "&$AG21&" to fix","Blocked at "&$C21),"") | AI21: =IF($B21="","",COUNTIF('Rework Log'!$A$3:$A$500,$B21)) -> 0 | AJ21: =IF(OR($B21="",$AR21=0),"",INDEX('Rework Log'!$C:$C,$AR21)) | AK21: =IF(OR($B21="",$AR21=0),"",INDEX('Rework Log'!$H:$H,$AR21)) | AL21: =IF(OR($B21="",$AR21=0),"",INDEX('Rework Log'!$G:$G,$AR21)) | AM21: =IF($B21="","",IF(Z21<>"","DPO Approval",IF(V21<>"","QA",IF(R21<>"","PBI Dev",IF(N21<>"","DB Dev","NOT STARTED"))))) -> NOT STARTED | AN21: =IF($B21="","",IF(IF($C21="NOT STARTED",0,IF($C21="DB Dev",1,IF($C21="PBI Dev",2,IF($C21="QA",3,IF($C21="DPO Approval",4,IF($C21="RELEASED IN PROD",5,-1))))))<IF($AM21="NOT STARTED",0,IF($AM21="DB Dev",1,IF($AM21="PBI Dev",2,IF($AM21="QA",3,IF($AM21="DPO Approval",4,IF($AM21="RELEASED IN PROD",5,-1)))))),"Yes - was already at "&$AM21&", now back at "&$C21,"No")) -> No | AO21: =IF($B21="","",IF(AND(V21<>"",N21<>"",V21<N21),"QA target is before DB Dev target",IF(AND(V21<>"",R21<>"",V21<R21),"QA target is before PBI Dev target",IF(AND(Z21<>"",V21<>"",Z21<V21),"DPO Approval target is before QA target",IF(AND(AC21<>"",Z21<>"",AC21<Z21),"Confirmed Deployed date is before DPO Approval target",""))))) | AP21: =IF($B21="","",IF(COUNTIF($B$2:$B$500,$B21)>1,"Duplicate name - check row","")) | AR21: =IF($B21="","",SUMPRODUCT(MAX(('Rework Log'!$A$3:$A$500=$B21)*ROW('Rework Log'!$A$3:$A$500)))) -> 0
A22: Leaks | B22: RPT_04_Leak Life Cycle | C22: RELEASED IN PROD | D22: =IF($B22="","",IF(C22="NOT STARTED",IF(K22="","No plan date set",IF(K22<TODAY(),"Review - planned start passed","On track")),IF(C22="DB Dev",IF(N22="","No target set",IF(AND(N22<TODAY(),P22=""),"Overdue","On track")),IF(C22="PBI Dev",IF(R22="","No target set",IF(AND(R22<TODAY(),T22=""),"Overdue","On track")),IF(C22="QA",IF(V22="","No target set",IF(AND(V22<TODAY(),X22=""),"Overdue","On track")),IF(C22="DPO Approval",IF(Z22="","No target set",IF(Z22<TODAY(),"Overdue","On track")),IF(C22="RELEASED IN PROD","Delivered",""))))))) -> Delivered | E22: 21 | G22: Geetha | H22: Shraddha | I22: Preety | K22: 46203 | L22: June | P22: 46162 | T22: 46182 | X22: 46198 | AF22: No | AH22: =IF($AF22="Yes",IF($AG22<>"","Blocked - needs "&$AG22&" to fix","Blocked at "&$C22),"") | AI22: =IF($B22="","",COUNTIF('Rework Log'!$A$3:$A$500,$B22)) -> 0 | AJ22: =IF(OR($B22="",$AR22=0),"",INDEX('Rework Log'!$C:$C,$AR22)) | AK22: =IF(OR($B22="",$AR22=0),"",INDEX('Rework Log'!$H:$H,$AR22)) | AL22: =IF(OR($B22="",$AR22=0),"",INDEX('Rework Log'!$G:$G,$AR22)) | AM22: =IF($B22="","",IF(Z22<>"","DPO Approval",IF(V22<>"","QA",IF(R22<>"","PBI Dev",IF(N22<>"","DB Dev","NOT STARTED"))))) -> NOT STARTED | AN22: =IF($B22="","",IF(IF($C22="NOT STARTED",0,IF($C22="DB Dev",1,IF($C22="PBI Dev",2,IF($C22="QA",3,IF($C22="DPO Approval",4,IF($C22="RELEASED IN PROD",5,-1))))))<IF($AM22="NOT STARTED",0,IF($AM22="DB Dev",1,IF($AM22="PBI Dev",2,IF($AM22="QA",3,IF($AM22="DPO Approval",4,IF($AM22="RELEASED IN PROD",5,-1)))))),"Yes - was already at "&$AM22&", now back at "&$C22,"No")) -> No | AO22: =IF($B22="","",IF(AND(V22<>"",N22<>"",V22<N22),"QA target is before DB Dev target",IF(AND(V22<>"",R22<>"",V22<R22),"QA target is before PBI Dev target",IF(AND(Z22<>"",V22<>"",Z22<V22),"DPO Approval target is before QA target",IF(AND(AC22<>"",Z22<>"",AC22<Z22),"Confirmed Deployed date is before DPO Approval target",""))))) | AP22: =IF($B22="","",IF(COUNTIF($B$2:$B$500,$B22)>1,"Duplicate name - check row","")) | AQ22: [Historical, June 2026]: Waiting on Kelvin's approval to deploy to UAT. | AR22: =IF($B22="","",SUMPRODUCT(MAX(('Rework Log'!$A$3:$A$500=$B22)*ROW('Rework Log'!$A$3:$A$500)))) -> 0
A23: Leaks | B23: RPT_04_Leak Life Cycle Legacy LMS LI | C23: RELEASED IN PROD | D23: =IF($B23="","",IF(C23="NOT STARTED",IF(K23="","No plan date set",IF(K23<TODAY(),"Review - planned start passed","On track")),IF(C23="DB Dev",IF(N23="","No target set",IF(AND(N23<TODAY(),P23=""),"Overdue","On track")),IF(C23="PBI Dev",IF(R23="","No target set",IF(AND(R23<TODAY(),T23=""),"Overdue","On track")),IF(C23="QA",IF(V23="","No target set",IF(AND(V23<TODAY(),X23=""),"Overdue","On track")),IF(C23="DPO Approval",IF(Z23="","No target set",IF(Z23<TODAY(),"Overdue","On track")),IF(C23="RELEASED IN PROD","Delivered",""))))))) -> Delivered | E23: 22 | G23: Fetwi | H23: Navya | I23: Preety | K23: 46203 | L23: June | P23: 46168 | T23: 46183 | X23: 46198 | AF23: No | AH23: =IF($AF23="Yes",IF($AG23<>"","Blocked - needs "&$AG23&" to fix","Blocked at "&$C23),"") | AI23: =IF($B23="","",COUNTIF('Rework Log'!$A$3:$A$500,$B23)) -> 0 | AJ23: =IF(OR($B23="",$AR23=0),"",INDEX('Rework Log'!$C:$C,$AR23)) | AK23: =IF(OR($B23="",$AR23=0),"",INDEX('Rework Log'!$H:$H,$AR23)) | AL23: =IF(OR($B23="",$AR23=0),"",INDEX('Rework Log'!$G:$G,$AR23)) | AM23: =IF($B23="","",IF(Z23<>"","DPO Approval",IF(V23<>"","QA",IF(R23<>"","PBI Dev",IF(N23<>"","DB Dev","NOT STARTED"))))) -> NOT STARTED | AN23: =IF($B23="","",IF(IF($C23="NOT STARTED",0,IF($C23="DB Dev",1,IF($C23="PBI Dev",2,IF($C23="QA",3,IF($C23="DPO Approval",4,IF($C23="RELEASED IN PROD",5,-1))))))<IF($AM23="NOT STARTED",0,IF($AM23="DB Dev",1,IF($AM23="PBI Dev",2,IF($AM23="QA",3,IF($AM23="DPO Approval",4,IF($AM23="RELEASED IN PROD",5,-1)))))),"Yes - was already at "&$AM23&", now back at "&$C23,"No")) -> No | AO23: =IF($B23="","",IF(AND(V23<>"",N23<>"",V23<N23),"QA target is before DB Dev target",IF(AND(V23<>"",R23<>"",V23<R23),"QA target is before PBI Dev target",IF(AND(Z23<>"",V23<>"",Z23<V23),"DPO Approval target is before QA target",IF(AND(AC23<>"",Z23<>"",AC23<Z23),"Confirmed Deployed date is before DPO Approval target",""))))) | AP23: =IF($B23="","",IF(COUNTIF($B$2:$B$500,$B23)>1,"Duplicate name - check row","")) | AR23: =IF($B23="","",SUMPRODUCT(MAX(('Rework Log'!$A$3:$A$500=$B23)*ROW('Rework Log'!$A$3:$A$500)))) -> 0
A24: Leaks | B24: RPT_04_Leak Increase Reads | C24: RELEASED IN PROD | D24: =IF($B24="","",IF(C24="NOT STARTED",IF(K24="","No plan date set",IF(K24<TODAY(),"Review - planned start passed","On track")),IF(C24="DB Dev",IF(N24="","No target set",IF(AND(N24<TODAY(),P24=""),"Overdue","On track")),IF(C24="PBI Dev",IF(R24="","No target set",IF(AND(R24<TODAY(),T24=""),"Overdue","On track")),IF(C24="QA",IF(V24="","No target set",IF(AND(V24<TODAY(),X24=""),"Overdue","On track")),IF(C24="DPO Approval",IF(Z24="","No target set",IF(Z24<TODAY(),"Overdue","On track")),IF(C24="RELEASED IN PROD","Delivered",""))))))) -> Delivered | E24: 23 | G24: Fetwi | H24: Navya | I24: Preety | K24: 46203 | L24: June | P24: 46165 | T24: 46153 | X24: 46154 | AB24: Yes | AC24: 46184 | AD24: https://app.powerbi.com/groups/me/apps/eedba83d-be9a-45f9-9504-7bfa41e6051a/reports/a410b442-fd2f-43d1-a053-40f2e4966d4d/ea184ec020032ecbdd43?ctid=f98a6a53-25f3-4212-901c-c7787fcd3495&experience=power-bi | AE24: https://app.powerbi.com/groups/me/apps/2c7180b1-0d3d-45be-979e-f7dc86b3557d/reports/1cec238a-ce10-4ed5-8e56-50efa21bb327/ea184ec020032ecbdd43?ctid=f98a6a53-25f3-4212-901c-c7787fcd3495&experience=power-bi | AF24: No | AH24: =IF($AF24="Yes",IF($AG24<>"","Blocked - needs "&$AG24&" to fix","Blocked at "&$C24),"") | AI24: =IF($B24="","",COUNTIF('Rework Log'!$A$3:$A$500,$B24)) -> 0 | AJ24: =IF(OR($B24="",$AR24=0),"",INDEX('Rework Log'!$C:$C,$AR24)) | AK24: =IF(OR($B24="",$AR24=0),"",INDEX('Rework Log'!$H:$H,$AR24)) | AL24: =IF(OR($B24="",$AR24=0),"",INDEX('Rework Log'!$G:$G,$AR24)) | AM24: =IF($B24="","",IF(Z24<>"","DPO Approval",IF(V24<>"","QA",IF(R24<>"","PBI Dev",IF(N24<>"","DB Dev","NOT STARTED"))))) -> NOT STARTED | AN24: =IF($B24="","",IF(IF($C24="NOT STARTED",0,IF($C24="DB Dev",1,IF($C24="PBI Dev",2,IF($C24="QA",3,IF($C24="DPO Approval",4,IF($C24="RELEASED IN PROD",5,-1))))))<IF($AM24="NOT STARTED",0,IF($AM24="DB Dev",1,IF($AM24="PBI Dev",2,IF($AM24="QA",3,IF($AM24="DPO Approval",4,IF($AM24="RELEASED IN PROD",5,-1)))))),"Yes - was already at "&$AM24&", now back at "&$C24,"No")) -> No | AO24: =IF($B24="","",IF(AND(V24<>"",N24<>"",V24<N24),"QA target is before DB Dev target",IF(AND(V24<>"",R24<>"",V24<R24),"QA target is before PBI Dev target",IF(AND(Z24<>"",V24<>"",Z24<V24),"DPO Approval target is before QA target",IF(AND(AC24<>"",Z24<>"",AC24<Z24),"Confirmed Deployed date is before DPO Approval target",""))))) | AP24: =IF($B24="","",IF(COUNTIF($B$2:$B$500,$B24)>1,"Duplicate name - check row","")) | AR24: =IF($B24="","",SUMPRODUCT(MAX(('Rework Log'!$A$3:$A$500=$B24)*ROW('Rework Log'!$A$3:$A$500)))) -> 0
A25: Leaks | B25: Leak 360 Dashboard | C25: QA | D25: =IF($B25="","",IF(C25="NOT STARTED",IF(K25="","No plan date set",IF(K25<TODAY(),"Review - planned start passed","On track")),IF(C25="DB Dev",IF(N25="","No target set",IF(AND(N25<TODAY(),P25=""),"Overdue","On track")),IF(C25="PBI Dev",IF(R25="","No target set",IF(AND(R25<TODAY(),T25=""),"Overdue","On track")),IF(C25="QA",IF(V25="","No target set",IF(AND(V25<TODAY(),X25=""),"Overdue","On track")),IF(C25="DPO Approval",IF(Z25="","No target set",IF(Z25<TODAY(),"Overdue","On track")),IF(C25="RELEASED IN PROD","Delivered",""))))))) -> No target set | E25: 24 | G25: Siva | H25: Sarath | I25: Kelvin | K25: 46203 | L25: June | P25: 46162 | R25: 46227 | T25: 46186 | X25: 46188 | AF25: No | AH25: =IF($AF25="Yes",IF($AG25<>"","Blocked - needs "&$AG25&" to fix","Blocked at "&$C25),"") | AI25: =IF($B25="","",COUNTIF('Rework Log'!$A$3:$A$500,$B25)) -> 0 | AJ25: =IF(OR($B25="",$AR25=0),"",INDEX('Rework Log'!$C:$C,$AR25)) | AK25: =IF(OR($B25="",$AR25=0),"",INDEX('Rework Log'!$H:$H,$AR25)) | AL25: =IF(OR($B25="",$AR25=0),"",INDEX('Rework Log'!$G:$G,$AR25)) | AM25: =IF($B25="","",IF(Z25<>"","DPO Approval",IF(V25<>"","QA",IF(R25<>"","PBI Dev",IF(N25<>"","DB Dev","NOT STARTED"))))) -> PBI Dev | AN25: =IF($B25="","",IF(IF($C25="NOT STARTED",0,IF($C25="DB Dev",1,IF($C25="PBI Dev",2,IF($C25="QA",3,IF($C25="DPO Approval",4,IF($C25="RELEASED IN PROD",5,-1))))))<IF($AM25="NOT STARTED",0,IF($AM25="DB Dev",1,IF($AM25="PBI Dev",2,IF($AM25="QA",3,IF($AM25="DPO Approval",4,IF($AM25="RELEASED IN PROD",5,-1)))))),"Yes - was already at "&$AM25&", now back at "&$C25,"No")) -> No | AO25: =IF($B25="","",IF(AND(V25<>"",N25<>"",V25<N25),"QA target is before DB Dev target",IF(AND(V25<>"",R25<>"",V25<R25),"QA target is before PBI Dev target",IF(AND(Z25<>"",V25<>"",Z25<V25),"DPO Approval target is before QA target",IF(AND(AC25<>"",Z25<>"",AC25<Z25),"Confirmed Deployed date is before DPO Approval target",""))))) | AP25: =IF($B25="","",IF(COUNTIF($B$2:$B$500,$B25)>1,"Duplicate name - check row","")) | AQ25: [Source confirms QA complete but gives no exact date - using QA Expected date as the closest evidence-backed proxy] | AR25: =IF($B25="","",SUMPRODUCT(MAX(('Rework Log'!$A$3:$A$500=$B25)*ROW('Rework Log'!$A$3:$A$500)))) -> 0
A26: Leaks | B26: RPT_04_Leak Recheck Control | C26: RELEASED IN PROD | D26: =IF($B26="","",IF(C26="NOT STARTED",IF(K26="","No plan date set",IF(K26<TODAY(),"Review - planned start passed","On track")),IF(C26="DB Dev",IF(N26="","No target set",IF(AND(N26<TODAY(),P26=""),"Overdue","On track")),IF(C26="PBI Dev",IF(R26="","No target set",IF(AND(R26<TODAY(),T26=""),"Overdue","On track")),IF(C26="QA",IF(V26="","No target set",IF(AND(V26<TODAY(),X26=""),"Overdue","On track")),IF(C26="DPO Approval",IF(Z26="","No target set",IF(Z26<TODAY(),"Overdue","On track")),IF(C26="RELEASED IN PROD","Delivered",""))))))) -> Delivered | E26: 25 | G26: Siva | H26: Shraddha | I26: Preety | K26: 46203 | L26: June | P26: 46162 | T26: 46164 | X26: 46204 | AF26: No | AH26: =IF($AF26="Yes",IF($AG26<>"","Blocked - needs "&$AG26&" to fix","Blocked at "&$C26),"") | AI26: =IF($B26="","",COUNTIF('Rework Log'!$A$3:$A$500,$B26)) -> 0 | AJ26: =IF(OR($B26="",$AR26=0),"",INDEX('Rework Log'!$C:$C,$AR26)) | AK26: =IF(OR($B26="",$AR26=0),"",INDEX('Rework Log'!$H:$H,$AR26)) | AL26: =IF(OR($B26="",$AR26=0),"",INDEX('Rework Log'!$G:$G,$AR26)) | AM26: =IF($B26="","",IF(Z26<>"","DPO Approval",IF(V26<>"","QA",IF(R26<>"","PBI Dev",IF(N26<>"","DB Dev","NOT STARTED"))))) -> NOT STARTED | AN26: =IF($B26="","",IF(IF($C26="NOT STARTED",0,IF($C26="DB Dev",1,IF($C26="PBI Dev",2,IF($C26="QA",3,IF($C26="DPO Approval",4,IF($C26="RELEASED IN PROD",5,-1))))))<IF($AM26="NOT STARTED",0,IF($AM26="DB Dev",1,IF($AM26="PBI Dev",2,IF($AM26="QA",3,IF($AM26="DPO Approval",4,IF($AM26="RELEASED IN PROD",5,-1)))))),"Yes - was already at "&$AM26&", now back at "&$C26,"No")) -> No | AO26: =IF($B26="","",IF(AND(V26<>"",N26<>"",V26<N26),"QA target is before DB Dev target",IF(AND(V26<>"",R26<>"",V26<R26),"QA target is before PBI Dev target",IF(AND(Z26<>"",V26<>"",Z26<V26),"DPO Approval target is before QA target",IF(AND(AC26<>"",Z26<>"",AC26<Z26),"Confirmed Deployed date is before DPO Approval target",""))))) | AP26: =IF($B26="","",IF(COUNTIF($B$2:$B$500,$B26)>1,"Duplicate name - check row","")) | AQ26: [Source confirms QA complete but gives no exact date - using QA Expected date as the closest evidence-backed proxy] | AR26: =IF($B26="","",SUMPRODUCT(MAX(('Rework Log'!$A$3:$A$500=$B26)*ROW('Rework Log'!$A$3:$A$500)))) -> 0
A27: Leaks | B27: RPT_04_Main_Replacement Report | C27: RELEASED IN PROD | D27: =IF($B27="","",IF(C27="NOT STARTED",IF(K27="","No plan date set",IF(K27<TODAY(),"Review - planned start passed","On track")),IF(C27="DB Dev",IF(N27="","No target set",IF(AND(N27<TODAY(),P27=""),"Overdue","On track")),IF(C27="PBI Dev",IF(R27="","No target set",IF(AND(R27<TODAY(),T27=""),"Overdue","On track")),IF(C27="QA",IF(V27="","No target set",IF(AND(V27<TODAY(),X27=""),"Overdue","On track")),IF(C27="DPO Approval",IF(Z27="","No target set",IF(Z27<TODAY(),"Overdue","On track")),IF(C27="RELEASED IN PROD","Delivered",""))))))) -> Delivered | E27: 26 | G27: Sree | H27: Navya | I27: Kelvin | K27: 46203 | L27: June | P27: 46169 | T27: 46191 | X27: 46196 | AD27: https://app.powerbi.com/Redirect?action=OpenApp&appId=eedba83d-be9a-45f9-9504-7bfa41e6051a&ctid=f98a6a53-25f3-4212-901c-c7787fcd3495&experience=power-bi | AE27: https://app.powerbi.com/groups/me/apps/2c7180b1-0d3d-45be-979e-f7dc86b3557d/reports/3a63d51e-dbb3-4d03-8e38-924376751299/3122b8024291693794eb?ctid=f98a6a53-25f3-4212-901c-c7787fcd3495&experience=power-bi | AF27: No | AH27: =IF($AF27="Yes",IF($AG27<>"","Blocked - needs "&$AG27&" to fix","Blocked at "&$C27),"") | AI27: =IF($B27="","",COUNTIF('Rework Log'!$A$3:$A$500,$B27)) -> 0 | AJ27: =IF(OR($B27="",$AR27=0),"",INDEX('Rework Log'!$C:$C,$AR27)) | AK27: =IF(OR($B27="",$AR27=0),"",INDEX('Rework Log'!$H:$H,$AR27)) | AL27: =IF(OR($B27="",$AR27=0),"",INDEX('Rework Log'!$G:$G,$AR27)) | AM27: =IF($B27="","",IF(Z27<>"","DPO Approval",IF(V27<>"","QA",IF(R27<>"","PBI Dev",IF(N27<>"","DB Dev","NOT STARTED"))))) -> NOT STARTED | AN27: =IF($B27="","",IF(IF($C27="NOT STARTED",0,IF($C27="DB Dev",1,IF($C27="PBI Dev",2,IF($C27="QA",3,IF($C27="DPO Approval",4,IF($C27="RELEASED IN PROD",5,-1))))))<IF($AM27="NOT STARTED",0,IF($AM27="DB Dev",1,IF($AM27="PBI Dev",2,IF($AM27="QA",3,IF($AM27="DPO Approval",4,IF($AM27="RELEASED IN PROD",5,-1)))))),"Yes - was already at "&$AM27&", now back at "&$C27,"No")) -> No | AO27: =IF($B27="","",IF(AND(V27<>"",N27<>"",V27<N27),"QA target is before DB Dev target",IF(AND(V27<>"",R27<>"",V27<R27),"QA target is before PBI Dev target",IF(AND(Z27<>"",V27<>"",Z27<V27),"DPO Approval target is before QA target",IF(AND(AC27<>"",Z27<>"",AC27<Z27),"Confirmed Deployed date is before DPO Approval target",""))))) | AP27: =IF($B27="","",IF(COUNTIF($B$2:$B$500,$B27)>1,"Duplicate name - check row","")) | AR27: =IF($B27="","",SUMPRODUCT(MAX(('Rework Log'!$A$3:$A$500=$B27)*ROW('Rework Log'!$A$3:$A$500)))) -> 0
A28: Leaks | B28: New Report: Leak Repair Exception | C28: RELEASED IN PROD | D28: =IF($B28="","",IF(C28="NOT STARTED",IF(K28="","No plan date set",IF(K28<TODAY(),"Review - planned start passed","On track")),IF(C28="DB Dev",IF(N28="","No target set",IF(AND(N28<TODAY(),P28=""),"Overdue","On track")),IF(C28="PBI Dev",IF(R28="","No target set",IF(AND(R28<TODAY(),T28=""),"Overdue","On track")),IF(C28="QA",IF(V28="","No target set",IF(AND(V28<TODAY(),X28=""),"Overdue","On track")),IF(C28="DPO Approval",IF(Z28="","No target set",IF(Z28<TODAY(),"Overdue","On track")),IF(C28="RELEASED IN PROD","Delivered",""))))))) -> Delivered | E28: 27 | G28: Geetha | H28: Shraddha | I28: Kelvin | K28: 46203 | L28: June | P28: 46168 | T28: 46189 | X28: 46189 | AB28: Yes | AC28: 46192 | AD28: https://app.powerbi.com/groups/me/apps/eedba83d-be9a-45f9-9504-7bfa41e6051a/reports/f32957e8-b826-44b0-8c00-67ff417ed57e/e94cbcb8509576e1c578?ctid=f98a6a53-25f3-4212-901c-c7787fcd3495&experience=power-bi | AF28: No | AH28: =IF($AF28="Yes",IF($AG28<>"","Blocked - needs "&$AG28&" to fix","Blocked at "&$C28),"") | AI28: =IF($B28="","",COUNTIF('Rework Log'!$A$3:$A$500,$B28)) -> 0 | AJ28: =IF(OR($B28="",$AR28=0),"",INDEX('Rework Log'!$C:$C,$AR28)) | AK28: =IF(OR($B28="",$AR28=0),"",INDEX('Rework Log'!$H:$H,$AR28)) | AL28: =IF(OR($B28="",$AR28=0),"",INDEX('Rework Log'!$G:$G,$AR28)) | AM28: =IF($B28="","",IF(Z28<>"","DPO Approval",IF(V28<>"","QA",IF(R28<>"","PBI Dev",IF(N28<>"","DB Dev","NOT STARTED"))))) -> NOT STARTED | AN28: =IF($B28="","",IF(IF($C28="NOT STARTED",0,IF($C28="DB Dev",1,IF($C28="PBI Dev",2,IF($C28="QA",3,IF($C28="DPO Approval",4,IF($C28="RELEASED IN PROD",5,-1))))))<IF($AM28="NOT STARTED",0,IF($AM28="DB Dev",1,IF($AM28="PBI Dev",2,IF($AM28="QA",3,IF($AM28="DPO Approval",4,IF($AM28="RELEASED IN PROD",5,-1)))))),"Yes - was already at "&$AM28&", now back at "&$C28,"No")) -> No | AO28: =IF($B28="","",IF(AND(V28<>"",N28<>"",V28<N28),"QA target is before DB Dev target",IF(AND(V28<>"",R28<>"",V28<R28),"QA target is before PBI Dev target",IF(AND(Z28<>"",V28<>"",Z28<V28),"DPO Approval target is before QA target",IF(AND(AC28<>"",Z28<>"",AC28<Z28),"Confirmed Deployed date is before DPO Approval target",""))))) | AP28: =IF($B28="","",IF(COUNTIF($B$2:$B$500,$B28)>1,"Duplicate name - check row","")) | AR28: =IF($B28="","",SUMPRODUCT(MAX(('Rework Log'!$A$3:$A$500=$B28)*ROW('Rework Log'!$A$3:$A$500)))) -> 0
A29: Leaks | B29: New Report: (Leak reading sample point mismatch ) Creating a new report that... | C29: RELEASED IN PROD | D29: =IF($B29="","",IF(C29="NOT STARTED",IF(K29="","No plan date set",IF(K29<TODAY(),"Review - planned start passed","On track")),IF(C29="DB Dev",IF(N29="","No target set",IF(AND(N29<TODAY(),P29=""),"Overdue","On track")),IF(C29="PBI Dev",IF(R29="","No target set",IF(AND(R29<TODAY(),T29=""),"Overdue","On track")),IF(C29="QA",IF(V29="","No target set",IF(AND(V29<TODAY(),X29=""),"Overdue","On track")),IF(C29="DPO Approval",IF(Z29="","No target set",IF(Z29<TODAY(),"Overdue","On track")),IF(C29="RELEASED IN PROD","Delivered",""))))))) -> Delivered | G29: Siddu | H29: Shraddha | K29: 46203 | L29: June | P29: 46169 | T29: 46195 | X29: 46197 | AF29: No | AH29: =IF($AF29="Yes",IF($AG29<>"","Blocked - needs "&$AG29&" to fix","Blocked at "&$C29),"") | AI29: =IF($B29="","",COUNTIF('Rework Log'!$A$3:$A$500,$B29)) -> 0 | AJ29: =IF(OR($B29="",$AR29=0),"",INDEX('Rework Log'!$C:$C,$AR29)) | AK29: =IF(OR($B29="",$AR29=0),"",INDEX('Rework Log'!$H:$H,$AR29)) | AL29: =IF(OR($B29="",$AR29=0),"",INDEX('Rework Log'!$G:$G,$AR29)) | AM29: =IF($B29="","",IF(Z29<>"","DPO Approval",IF(V29<>"","QA",IF(R29<>"","PBI Dev",IF(N29<>"","DB Dev","NOT STARTED"))))) -> NOT STARTED | AN29: =IF($B29="","",IF(IF($C29="NOT STARTED",0,IF($C29="DB Dev",1,IF($C29="PBI Dev",2,IF($C29="QA",3,IF($C29="DPO Approval",4,IF($C29="RELEASED IN PROD",5,-1))))))<IF($AM29="NOT STARTED",0,IF($AM29="DB Dev",1,IF($AM29="PBI Dev",2,IF($AM29="QA",3,IF($AM29="DPO Approval",4,IF($AM29="RELEASED IN PROD",5,-1)))))),"Yes - was already at "&$AM29&", now back at "&$C29,"No")) -> No | AO29: =IF($B29="","",IF(AND(V29<>"",N29<>"",V29<N29),"QA target is before DB Dev target",IF(AND(V29<>"",R29<>"",V29<R29),"QA target is before PBI Dev target",IF(AND(Z29<>"",V29<>"",Z29<V29),"DPO Approval target is before QA target",IF(AND(AC29<>"",Z29<>"",AC29<Z29),"Confirmed Deployed date is before DPO Approval target",""))))) | AP29: =IF($B29="","",IF(COUNTIF($B$2:$B$500,$B29)>1,"Duplicate name - check row","")) | AQ29: [QA Actual date recovered from source text: "6/24/2026; QA Completed. Waiting for the view to be deployed to UAT"] | AR29: =IF($B29="","",SUMPRODUCT(MAX(('Rework Log'!$A$3:$A$500=$B29)*ROW('Rework Log'!$A$3:$A$500)))) -> 0
A30: CMS | B30: RPT_02_CO Flue Warning Tag Control | C30: QA | D30: =IF($B30="","",IF(C30="NOT STARTED",IF(K30="","No plan date set",IF(K30<TODAY(),"Review - planned start passed","On track")),IF(C30="DB Dev",IF(N30="","No target set",IF(AND(N30<TODAY(),P30=""),"Overdue","On track")),IF(C30="PBI Dev",IF(R30="","No target set",IF(AND(R30<TODAY(),T30=""),"Overdue","On track")),IF(C30="QA",IF(V30="","No target set",IF(AND(V30<TODAY(),X30=""),"Overdue","On track")),IF(C30="DPO Approval",IF(Z30="","No target set",IF(Z30<TODAY(),"Overdue","On track")),IF(C30="RELEASED IN PROD","Delivered",""))))))) -> No target set | E30: 1 | F30: Kushal | G30: Rupa | H30: Navya | I30: Kushal | K30: 46234 | L30: July | T30: 46213 | X30: 46223 | AF30: Yes | AH30: =IF($AF30="Yes",IF($AG30<>"","Blocked - needs "&$AG30&" to fix","Blocked at "&$C30),"") -> Blocked at QA | AI30: =IF($B30="","",COUNTIF('Rework Log'!$A$3:$A$500,$B30)) -> 0 | AJ30: =IF(OR($B30="",$AR30=0),"",INDEX('Rework Log'!$C:$C,$AR30)) | AK30: =IF(OR($B30="",$AR30=0),"",INDEX('Rework Log'!$H:$H,$AR30)) | AL30: =IF(OR($B30="",$AR30=0),"",INDEX('Rework Log'!$G:$G,$AR30)) | AM30: =IF($B30="","",IF(Z30<>"","DPO Approval",IF(V30<>"","QA",IF(R30<>"","PBI Dev",IF(N30<>"","DB Dev","NOT STARTED"))))) -> NOT STARTED | AN30: =IF($B30="","",IF(IF($C30="NOT STARTED",0,IF($C30="DB Dev",1,IF($C30="PBI Dev",2,IF($C30="QA",3,IF($C30="DPO Approval",4,IF($C30="RELEASED IN PROD",5,-1))))))<IF($AM30="NOT STARTED",0,IF($AM30="DB Dev",1,IF($AM30="PBI Dev",2,IF($AM30="QA",3,IF($AM30="DPO Approval",4,IF($AM30="RELEASED IN PROD",5,-1)))))),"Yes - was already at "&$AM30&", now back at "&$C30,"No")) -> No | AO30: =IF($B30="","",IF(AND(V30<>"",N30<>"",V30<N30),"QA target is before DB Dev target",IF(AND(V30<>"",R30<>"",V30<R30),"QA target is before PBI Dev target",IF(AND(Z30<>"",V30<>"",Z30<V30),"DPO Approval target is before QA target",IF(AND(AC30<>"",Z30<>"",AC30<Z30),"Confirmed Deployed date is before DPO Approval target",""))))) | AP30: =IF($B30="","",IF(COUNTIF($B$2:$B$500,$B30)>1,"Duplicate name - check row","")) | AQ30: Blocked with https://jira.prod.nationalgrid.com/browse/GDMP-2875 | AR30: =IF($B30="","",SUMPRODUCT(MAX(('Rework Log'!$A$3:$A$500=$B30)*ROW('Rework Log'!$A$3:$A$500)))) -> 0
A31: CMS | B31: RPT_02_Warning Tag HEFPA | C31: QA | D31: =IF($B31="","",IF(C31="NOT STARTED",IF(K31="","No plan date set",IF(K31<TODAY(),"Review - planned start passed","On track")),IF(C31="DB Dev",IF(N31="","No target set",IF(AND(N31<TODAY(),P31=""),"Overdue","On track")),IF(C31="PBI Dev",IF(R31="","No target set",IF(AND(R31<TODAY(),T31=""),"Overdue","On track")),IF(C31="QA",IF(V31="","No target set",IF(AND(V31<TODAY(),X31=""),"Overdue","On track")),IF(C31="DPO Approval",IF(Z31="","No target set",IF(Z31<TODAY(),"Overdue","On track")),IF(C31="RELEASED IN PROD","Delivered",""))))))) -> No target set | E31: 2 | F31: Kushal | G31: Sree | H31: Shraddha | I31: Kushal | K31: 46234 | L31: July | T31: 46218 | X31: 46223 | AF31: No | AH31: =IF($AF31="Yes",IF($AG31<>"","Blocked - needs "&$AG31&" to fix","Blocked at "&$C31),"") | AI31: =IF($B31="","",COUNTIF('Rework Log'!$A$3:$A$500,$B31)) -> 0 | AJ31: =IF(OR($B31="",$AR31=0),"",INDEX('Rework Log'!$C:$C,$AR31)) | AK31: =IF(OR($B31="",$AR31=0),"",INDEX('Rework Log'!$H:$H,$AR31)) | AL31: =IF(OR($B31="",$AR31=0),"",INDEX('Rework Log'!$G:$G,$AR31)) | AM31: =IF($B31="","",IF(Z31<>"","DPO Approval",IF(V31<>"","QA",IF(R31<>"","PBI Dev",IF(N31<>"","DB Dev","NOT STARTED"))))) -> NOT STARTED | AN31: =IF($B31="","",IF(IF($C31="NOT STARTED",0,IF($C31="DB Dev",1,IF($C31="PBI Dev",2,IF($C31="QA",3,IF($C31="DPO Approval",4,IF($C31="RELEASED IN PROD",5,-1))))))<IF($AM31="NOT STARTED",0,IF($AM31="DB Dev",1,IF($AM31="PBI Dev",2,IF($AM31="QA",3,IF($AM31="DPO Approval",4,IF($AM31="RELEASED IN PROD",5,-1)))))),"Yes - was already at "&$AM31&", now back at "&$C31,"No")) -> No | AO31: =IF($B31="","",IF(AND(V31<>"",N31<>"",V31<N31),"QA target is before DB Dev target",IF(AND(V31<>"",R31<>"",V31<R31),"QA target is before PBI Dev target",IF(AND(Z31<>"",V31<>"",Z31<V31),"DPO Approval target is before QA target",IF(AND(AC31<>"",Z31<>"",AC31<Z31),"Confirmed Deployed date is before DPO Approval target",""))))) | AP31: =IF($B31="","",IF(COUNTIF($B$2:$B$500,$B31)>1,"Duplicate name - check row","")) | AQ31: Count Msimatches Found between ODS and GDM [QA note, 07/2026]: Observing count mismatch, Sree looking into it (07/22/2026). | AR31: =IF($B31="","",SUMPRODUCT(MAX(('Rework Log'!$A$3:$A$500=$B31)*ROW('Rework Log'!$A$3:$A$500)))) -> 0
A32: CMS | B32: RPT_02_Warning tag Printout | C32: QA | D32: =IF($B32="","",IF(C32="NOT STARTED",IF(K32="","No plan date set",IF(K32<TODAY(),"Review - planned start passed","On track")),IF(C32="DB Dev",IF(N32="","No target set",IF(AND(N32<TODAY(),P32=""),"Overdue","On track")),IF(C32="PBI Dev",IF(R32="","No target set",IF(AND(R32<TODAY(),T32=""),"Overdue","On track")),IF(C32="QA",IF(V32="","No target set",IF(AND(V32<TODAY(),X32=""),"Overdue","On track")),IF(C32="DPO Approval",IF(Z32="","No target set",IF(Z32<TODAY(),"Overdue","On track")),IF(C32="RELEASED IN PROD","Delivered",""))))))) -> No target set | E32: 3 | F32: Kushal | G32: Sree | H32: Shraddha | I32: Kushal | K32: 46234 | L32: July | T32: 46225 | X32: 46223 | AF32: No | AH32: =IF($AF32="Yes",IF($AG32<>"","Blocked - needs "&$AG32&" to fix","Blocked at "&$C32),"") | AI32: =IF($B32="","",COUNTIF('Rework Log'!$A$3:$A$500,$B32)) -> 0 | AJ32: =IF(OR($B32="",$AR32=0),"",INDEX('Rework Log'!$C:$C,$AR32)) | AK32: =IF(OR($B32="",$AR32=0),"",INDEX('Rework Log'!$H:$H,$AR32)) | AL32: =IF(OR($B32="",$AR32=0),"",INDEX('Rework Log'!$G:$G,$AR32)) | AM32: =IF($B32="","",IF(Z32<>"","DPO Approval",IF(V32<>"","QA",IF(R32<>"","PBI Dev",IF(N32<>"","DB Dev","NOT STARTED"))))) -> NOT STARTED | AN32: =IF($B32="","",IF(IF($C32="NOT STARTED",0,IF($C32="DB Dev",1,IF($C32="PBI Dev",2,IF($C32="QA",3,IF($C32="DPO Approval",4,IF($C32="RELEASED IN PROD",5,-1))))))<IF($AM32="NOT STARTED",0,IF($AM32="DB Dev",1,IF($AM32="PBI Dev",2,IF($AM32="QA",3,IF($AM32="DPO Approval",4,IF($AM32="RELEASED IN PROD",5,-1)))))),"Yes - was already at "&$AM32&", now back at "&$C32,"No")) -> No | AO32: =IF($B32="","",IF(AND(V32<>"",N32<>"",V32<N32),"QA target is before DB Dev target",IF(AND(V32<>"",R32<>"",V32<R32),"QA target is before PBI Dev target",IF(AND(Z32<>"",V32<>"",Z32<V32),"DPO Approval target is before QA target",IF(AND(AC32<>"",Z32<>"",AC32<Z32),"Confirmed Deployed date is before DPO Approval target",""))))) | AP32: =IF($B32="","",IF(COUNTIF($B$2:$B$500,$B32)>1,"Duplicate name - check row","")) | AQ32: Note: this report's stage dates are not in chronological order in the source tracker (e.g. a later stage dated before an earlier one) - please verify with the assigned developer. [QA note, 07/2026]: Development is completed, waiting for the view to be deployed to QA. | AR32: =IF($B32="","",SUMPRODUCT(MAX(('Rework Log'!$A$3:$A$500=$B32)*ROW('Rework Log'!$A$3:$A$500)))) -> 0
A33: CMS | B33: RPT_02_Corrosion | C33: QA | D33: =IF($B33="","",IF(C33="NOT STARTED",IF(K33="","No plan date set",IF(K33<TODAY(),"Review - planned start passed","On track")),IF(C33="DB Dev",IF(N33="","No target set",IF(AND(N33<TODAY(),P33=""),"Overdue","On track")),IF(C33="PBI Dev",IF(R33="","No target set",IF(AND(R33<TODAY(),T33=""),"Overdue","On track")),IF(C33="QA",IF(V33="","No target set",IF(AND(V33<TODAY(),X33=""),"Overdue","On track")),IF(C33="DPO Approval",IF(Z33="","No target set",IF(Z33<TODAY(),"Overdue","On track")),IF(C33="RELEASED IN PROD","Delivered",""))))))) -> No target set | E33: 4 | F33: Kushal | G33: Siva | H33: Sarath | I33: Kushal | K33: 46234 | L33: July | T33: 46227 | X33: 46223 | AF33: No | AH33: =IF($AF33="Yes",IF($AG33<>"","Blocked - needs "&$AG33&" to fix","Blocked at "&$C33),"") | AI33: =IF($B33="","",COUNTIF('Rework Log'!$A$3:$A$500,$B33)) -> 0 | AJ33: =IF(OR($B33="",$AR33=0),"",INDEX('Rework Log'!$C:$C,$AR33)) | AK33: =IF(OR($B33="",$AR33=0),"",INDEX('Rework Log'!$H:$H,$AR33)) | AL33: =IF(OR($B33="",$AR33=0),"",INDEX('Rework Log'!$G:$G,$AR33)) | AM33: =IF($B33="","",IF(Z33<>"","DPO Approval",IF(V33<>"","QA",IF(R33<>"","PBI Dev",IF(N33<>"","DB Dev","NOT STARTED"))))) -> NOT STARTED | AN33: =IF($B33="","",IF(IF($C33="NOT STARTED",0,IF($C33="DB Dev",1,IF($C33="PBI Dev",2,IF($C33="QA",3,IF($C33="DPO Approval",4,IF($C33="RELEASED IN PROD",5,-1))))))<IF($AM33="NOT STARTED",0,IF($AM33="DB Dev",1,IF($AM33="PBI Dev",2,IF($AM33="QA",3,IF($AM33="DPO Approval",4,IF($AM33="RELEASED IN PROD",5,-1)))))),"Yes - was already at "&$AM33&", now back at "&$C33,"No")) -> No | AO33: =IF($B33="","",IF(AND(V33<>"",N33<>"",V33<N33),"QA target is before DB Dev target",IF(AND(V33<>"",R33<>"",V33<R33),"QA target is before PBI Dev target",IF(AND(Z33<>"",V33<>"",Z33<V33),"DPO Approval target is before QA target",IF(AND(AC33<>"",Z33<>"",AC33<Z33),"Confirmed Deployed date is before DPO Approval target",""))))) | AP33: =IF($B33="","",IF(COUNTIF($B$2:$B$500,$B33)>1,"Duplicate name - check row","")) | AQ33: Note: this report's stage dates are not in chronological order in the source tracker (e.g. a later stage dated before an earlier one) - please verify with the assigned developer. | AR33: =IF($B33="","",SUMPRODUCT(MAX(('Rework Log'!$A$3:$A$500=$B33)*ROW('Rework Log'!$A$3:$A$500)))) -> 0
A34: CMS | B34: RPT_02_House Pipe Test Comment Control | C34: QA | D34: =IF($B34="","",IF(C34="NOT STARTED",IF(K34="","No plan date set",IF(K34<TODAY(),"Review - planned start passed","On track")),IF(C34="DB Dev",IF(N34="","No target set",IF(AND(N34<TODAY(),P34=""),"Overdue","On track")),IF(C34="PBI Dev",IF(R34="","No target set",IF(AND(R34<TODAY(),T34=""),"Overdue","On track")),IF(C34="QA",IF(V34="","No target set",IF(AND(V34<TODAY(),X34=""),"Overdue","On track")),IF(C34="DPO Approval",IF(Z34="","No target set",IF(Z34<TODAY(),"Overdue","On track")),IF(C34="RELEASED IN PROD","Delivered",""))))))) -> No target set | E34: 5 | F34: Kushal | G34: Geetha | H34: Shraddha | I34: Preety | K34: 46234 | L34: July | T34: 46216 | X34: 46225 | AF34: Yes | AH34: =IF($AF34="Yes",IF($AG34<>"","Blocked - needs "&$AG34&" to fix","Blocked at "&$C34),"") -> Blocked at QA | AI34: =IF($B34="","",COUNTIF('Rework Log'!$A$3:$A$500,$B34)) -> 0 | AJ34: =IF(OR($B34="",$AR34=0),"",INDEX('Rework Log'!$C:$C,$AR34)) | AK34: =IF(OR($B34="",$AR34=0),"",INDEX('Rework Log'!$H:$H,$AR34)) | AL34: =IF(OR($B34="",$AR34=0),"",INDEX('Rework Log'!$G:$G,$AR34)) | AM34: =IF($B34="","",IF(Z34<>"","DPO Approval",IF(V34<>"","QA",IF(R34<>"","PBI Dev",IF(N34<>"","DB Dev","NOT STARTED"))))) -> NOT STARTED | AN34: =IF($B34="","",IF(IF($C34="NOT STARTED",0,IF($C34="DB Dev",1,IF($C34="PBI Dev",2,IF($C34="QA",3,IF($C34="DPO Approval",4,IF($C34="RELEASED IN PROD",5,-1))))))<IF($AM34="NOT STARTED",0,IF($AM34="DB Dev",1,IF($AM34="PBI Dev",2,IF($AM34="QA",3,IF($AM34="DPO Approval",4,IF($AM34="RELEASED IN PROD",5,-1)))))),"Yes - was already at "&$AM34&", now back at "&$C34,"No")) -> No | AO34: =IF($B34="","",IF(AND(V34<>"",N34<>"",V34<N34),"QA target is before DB Dev target",IF(AND(V34<>"",R34<>"",V34<R34),"QA target is before PBI Dev target",IF(AND(Z34<>"",V34<>"",Z34<V34),"DPO Approval target is before QA target",IF(AND(AC34<>"",Z34<>"",AC34<Z34),"Confirmed Deployed date is before DPO Approval target",""))))) | AP34: =IF($B34="","",IF(COUNTIF($B$2:$B$500,$B34)>1,"Duplicate name - check row","")) | AQ34: Blocked with https://jira.prod.nationalgrid.com/browse/GDMP-2876 , 17/7 - view don't have data in QA [QA note, 07/2026]: Ready for UAT review. [QA Actual date recovered from source text: "22/7 -Completed"] | AR34: =IF($B34="","",SUMPRODUCT(MAX(('Rework Log'!$A$3:$A$500=$B34)*ROW('Rework Log'!$A$3:$A$500)))) -> 0
A35: CMS | B35: RPT_02_Required Regulator Inspection Performed Control | C35: DB Dev | D35: =IF($B35="","",IF(C35="NOT STARTED",IF(K35="","No plan date set",IF(K35<TODAY(),"Review - planned start passed","On track")),IF(C35="DB Dev",IF(N35="","No target set",IF(AND(N35<TODAY(),P35=""),"Overdue","On track")),IF(C35="PBI Dev",IF(R35="","No target set",IF(AND(R35<TODAY(),T35=""),"Overdue","On track")),IF(C35="QA",IF(V35="","No target set",IF(AND(V35<TODAY(),X35=""),"Overdue","On track")),IF(C35="DPO Approval",IF(Z35="","No target set",IF(Z35<TODAY(),"Overdue","On track")),IF(C35="RELEASED IN PROD","Delivered",""))))))) -> No target set | E35: 6 | F35: Bardia | G35: Siddu | H35: Navya | I35: Bardia | K35: 46234 | L35: July | T35: 46217 | X35: 46223 | AF35: No | AH35: =IF($AF35="Yes",IF($AG35<>"","Blocked - needs "&$AG35&" to fix","Blocked at "&$C35),"") | AI35: =IF($B35="","",COUNTIF('Rework Log'!$A$3:$A$500,$B35)) -> 1 | AJ35: =IF(OR($B35="",$AR35=0),"",INDEX('Rework Log'!$C:$C,$AR35)) -> QA | AK35: =IF(OR($B35="",$AR35=0),"",INDEX('Rework Log'!$H:$H,$AR35)) -> 0 | AL35: =IF(OR($B35="",$AR35=0),"",INDEX('Rework Log'!$G:$G,$AR35)) -> 0 | AM35: =IF($B35="","",IF(Z35<>"","DPO Approval",IF(V35<>"","QA",IF(R35<>"","PBI Dev",IF(N35<>"","DB Dev","NOT STARTED"))))) -> NOT STARTED | AN35: =IF($B35="","",IF(IF($C35="NOT STARTED",0,IF($C35="DB Dev",1,IF($C35="PBI Dev",2,IF($C35="QA",3,IF($C35="DPO Approval",4,IF($C35="RELEASED IN PROD",5,-1))))))<IF($AM35="NOT STARTED",0,IF($AM35="DB Dev",1,IF($AM35="PBI Dev",2,IF($AM35="QA",3,IF($AM35="DPO Approval",4,IF($AM35="RELEASED IN PROD",5,-1)))))),"Yes - was already at "&$AM35&", now back at "&$C35,"No")) -> No | AO35: =IF($B35="","",IF(AND(V35<>"",N35<>"",V35<N35),"QA target is before DB Dev target",IF(AND(V35<>"",R35<>"",V35<R35),"QA target is before PBI Dev target",IF(AND(Z35<>"",V35<>"",Z35<V35),"DPO Approval target is before QA target",IF(AND(AC35<>"",Z35<>"",AC35<Z35),"Confirmed Deployed date is before DPO Approval target",""))))) | AP35: =IF($B35="","",IF(COUNTIF($B$2:$B$500,$B35)>1,"Duplicate name - check row","")) | AQ35: GDM_RPT.VW_REQUIRED_REGULATOR_INSPECTIONS_PERFORMED_CONTROL [QA note, 07/2026]: Defects found and sent back for development. | AR35: =IF($B35="","",SUMPRODUCT(MAX(('Rework Log'!$A$3:$A$500=$B35)*ROW('Rework Log'!$A$3:$A$500)))) -> 3
A36: CMS | B36: RPT_02_Service Regulator Inspections | C36: DB Dev | D36: =IF($B36="","",IF(C36="NOT STARTED",IF(K36="","No plan date set",IF(K36<TODAY(),"Review - planned start passed","On track")),IF(C36="DB Dev",IF(N36="","No target set",IF(AND(N36<TODAY(),P36=""),"Overdue","On track")),IF(C36="PBI Dev",IF(R36="","No target set",IF(AND(R36<TODAY(),T36=""),"Overdue","On track")),IF(C36="QA",IF(V36="","No target set",IF(AND(V36<TODAY(),X36=""),"Overdue","On track")),IF(C36="DPO Approval",IF(Z36="","No target set",IF(Z36<TODAY(),"Overdue","On track")),IF(C36="RELEASED IN PROD","Delivered",""))))))) -> No target set | E36: 7 | F36: Bardia | G36: Sree | H36: Sarath | I36: Bardia | K36: 46234 | L36: July | T36: 46221 | X36: 46223 | AF36: No | AH36: =IF($AF36="Yes",IF($AG36<>"","Blocked - needs "&$AG36&" to fix","Blocked at "&$C36),"") | AI36: =IF($B36="","",COUNTIF('Rework Log'!$A$3:$A$500,$B36)) -> 1 | AJ36: =IF(OR($B36="",$AR36=0),"",INDEX('Rework Log'!$C:$C,$AR36)) -> QA | AK36: =IF(OR($B36="",$AR36=0),"",INDEX('Rework Log'!$H:$H,$AR36)) -> 0 | AL36: =IF(OR($B36="",$AR36=0),"",INDEX('Rework Log'!$G:$G,$AR36)) -> 0 | AM36: =IF($B36="","",IF(Z36<>"","DPO Approval",IF(V36<>"","QA",IF(R36<>"","PBI Dev",IF(N36<>"","DB Dev","NOT STARTED"))))) -> NOT STARTED | AN36: =IF($B36="","",IF(IF($C36="NOT STARTED",0,IF($C36="DB Dev",1,IF($C36="PBI Dev",2,IF($C36="QA",3,IF($C36="DPO Approval",4,IF($C36="RELEASED IN PROD",5,-1))))))<IF($AM36="NOT STARTED",0,IF($AM36="DB Dev",1,IF($AM36="PBI Dev",2,IF($AM36="QA",3,IF($AM36="DPO Approval",4,IF($AM36="RELEASED IN PROD",5,-1)))))),"Yes - was already at "&$AM36&", now back at "&$C36,"No")) -> No | AO36: =IF($B36="","",IF(AND(V36<>"",N36<>"",V36<N36),"QA target is before DB Dev target",IF(AND(V36<>"",R36<>"",V36<R36),"QA target is before PBI Dev target",IF(AND(Z36<>"",V36<>"",Z36<V36),"DPO Approval target is before QA target",IF(AND(AC36<>"",Z36<>"",AC36<Z36),"Confirmed Deployed date is before DPO Approval target",""))))) | AP36: =IF($B36="","",IF(COUNTIF($B$2:$B$500,$B36)>1,"Duplicate name - check row","")) | AQ36: select * from DEV_GDM_DEV_DB.GDM_RPT.VW_SERVICE_REGULATOR_INSPECTIONS [QA note, 07/2026]: Defects found and sent back for development. | AR36: =IF($B36="","",SUMPRODUCT(MAX(('Rework Log'!$A$3:$A$500=$B36)*ROW('Rework Log'!$A$3:$A$500)))) -> 4
A37: CMS | B37: RPT_02_Service Regulator Inspection Printout | C37: QA | D37: =IF($B37="","",IF(C37="NOT STARTED",IF(K37="","No plan date set",IF(K37<TODAY(),"Review - planned start passed","On track")),IF(C37="DB Dev",IF(N37="","No target set",IF(AND(N37<TODAY(),P37=""),"Overdue","On track")),IF(C37="PBI Dev",IF(R37="","No target set",IF(AND(R37<TODAY(),T37=""),"Overdue","On track")),IF(C37="QA",IF(V37="","No target set",IF(AND(V37<TODAY(),X37=""),"Overdue","On track")),IF(C37="DPO Approval",IF(Z37="","No target set",IF(Z37<TODAY(),"Overdue","On track")),IF(C37="RELEASED IN PROD","Delivered",""))))))) -> No target set | E37: 8 | F37: Bardia | G37: Sree | H37: Sarath | I37: Bardia | K37: 46234 | L37: July | T37: 46221 | X37: 46223 | AF37: No | AH37: =IF($AF37="Yes",IF($AG37<>"","Blocked - needs "&$AG37&" to fix","Blocked at "&$C37),"") | AI37: =IF($B37="","",COUNTIF('Rework Log'!$A$3:$A$500,$B37)) -> 0 | AJ37: =IF(OR($B37="",$AR37=0),"",INDEX('Rework Log'!$C:$C,$AR37)) | AK37: =IF(OR($B37="",$AR37=0),"",INDEX('Rework Log'!$H:$H,$AR37)) | AL37: =IF(OR($B37="",$AR37=0),"",INDEX('Rework Log'!$G:$G,$AR37)) | AM37: =IF($B37="","",IF(Z37<>"","DPO Approval",IF(V37<>"","QA",IF(R37<>"","PBI Dev",IF(N37<>"","DB Dev","NOT STARTED"))))) -> NOT STARTED | AN37: =IF($B37="","",IF(IF($C37="NOT STARTED",0,IF($C37="DB Dev",1,IF($C37="PBI Dev",2,IF($C37="QA",3,IF($C37="DPO Approval",4,IF($C37="RELEASED IN PROD",5,-1))))))<IF($AM37="NOT STARTED",0,IF($AM37="DB Dev",1,IF($AM37="PBI Dev",2,IF($AM37="QA",3,IF($AM37="DPO Approval",4,IF($AM37="RELEASED IN PROD",5,-1)))))),"Yes - was already at "&$AM37&", now back at "&$C37,"No")) -> No | AO37: =IF($B37="","",IF(AND(V37<>"",N37<>"",V37<N37),"QA target is before DB Dev target",IF(AND(V37<>"",R37<>"",V37<R37),"QA target is before PBI Dev target",IF(AND(Z37<>"",V37<>"",Z37<V37),"DPO Approval target is before QA target",IF(AND(AC37<>"",Z37<>"",AC37<Z37),"Confirmed Deployed date is before DPO Approval target",""))))) | AP37: =IF($B37="","",IF(COUNTIF($B$2:$B$500,$B37)>1,"Duplicate name - check row","")) | AQ37: this has a dependency on dt_wospecattributes , 15 attributes need to be addted eg NG_REGINVLVREM | AR37: =IF($B37="","",SUMPRODUCT(MAX(('Rework Log'!$A$3:$A$500=$B37)*ROW('Rework Log'!$A$3:$A$500)))) -> 0
A38: CMS | B38: RPT_02_20 Year Regulator Inspection | C38: QA | D38: =IF($B38="","",IF(C38="NOT STARTED",IF(K38="","No plan date set",IF(K38<TODAY(),"Review - planned start passed","On track")),IF(C38="DB Dev",IF(N38="","No target set",IF(AND(N38<TODAY(),P38=""),"Overdue","On track")),IF(C38="PBI Dev",IF(R38="","No target set",IF(AND(R38<TODAY(),T38=""),"Overdue","On track")),IF(C38="QA",IF(V38="","No target set",IF(AND(V38<TODAY(),X38=""),"Overdue","On track")),IF(C38="DPO Approval",IF(Z38="","No target set",IF(Z38<TODAY(),"Overdue","On track")),IF(C38="RELEASED IN PROD","Delivered",""))))))) -> No target set | E38: 9 | F38: Bardia | G38: Siddu | H38: Navya | I38: Bardia | K38: 46234 | L38: July | T38: 46220 | X38: 46223 | AF38: No | AH38: =IF($AF38="Yes",IF($AG38<>"","Blocked - needs "&$AG38&" to fix","Blocked at "&$C38),"") | AI38: =IF($B38="","",COUNTIF('Rework Log'!$A$3:$A$500,$B38)) -> 0 | AJ38: =IF(OR($B38="",$AR38=0),"",INDEX('Rework Log'!$C:$C,$AR38)) | AK38: =IF(OR($B38="",$AR38=0),"",INDEX('Rework Log'!$H:$H,$AR38)) | AL38: =IF(OR($B38="",$AR38=0),"",INDEX('Rework Log'!$G:$G,$AR38)) | AM38: =IF($B38="","",IF(Z38<>"","DPO Approval",IF(V38<>"","QA",IF(R38<>"","PBI Dev",IF(N38<>"","DB Dev","NOT STARTED"))))) -> NOT STARTED | AN38: =IF($B38="","",IF(IF($C38="NOT STARTED",0,IF($C38="DB Dev",1,IF($C38="PBI Dev",2,IF($C38="QA",3,IF($C38="DPO Approval",4,IF($C38="RELEASED IN PROD",5,-1))))))<IF($AM38="NOT STARTED",0,IF($AM38="DB Dev",1,IF($AM38="PBI Dev",2,IF($AM38="QA",3,IF($AM38="DPO Approval",4,IF($AM38="RELEASED IN PROD",5,-1)))))),"Yes - was already at "&$AM38&", now back at "&$C38,"No")) -> No | AO38: =IF($B38="","",IF(AND(V38<>"",N38<>"",V38<N38),"QA target is before DB Dev target",IF(AND(V38<>"",R38<>"",V38<R38),"QA target is before PBI Dev target",IF(AND(Z38<>"",V38<>"",Z38<V38),"DPO Approval target is before QA target",IF(AND(AC38<>"",Z38<>"",AC38<Z38),"Confirmed Deployed date is before DPO Approval target",""))))) | AP38: =IF($B38="","",IF(COUNTIF($B$2:$B$500,$B38)>1,"Duplicate name - check row","")) | AQ38: GDM_RPT.VW_20_YEAR_REGULATOR_INSPECTION_COMPLETED, GDM_RPT.VW_20_YEAR_REGULATOR_INSPECTION_MANDATED | AR38: =IF($B38="","",SUMPRODUCT(MAX(('Rework Log'!$A$3:$A$500=$B38)*ROW('Rework Log'!$A$3:$A$500)))) -> 0
A39: CMS | B39: RPT_02_Fixed Factor | C39: QA | D39: =IF($B39="","",IF(C39="NOT STARTED",IF(K39="","No plan date set",IF(K39<TODAY(),"Review - planned start passed","On track")),IF(C39="DB Dev",IF(N39="","No target set",IF(AND(N39<TODAY(),P39=""),"Overdue","On track")),IF(C39="PBI Dev",IF(R39="","No target set",IF(AND(R39<TODAY(),T39=""),"Overdue","On track")),IF(C39="QA",IF(V39="","No target set",IF(AND(V39<TODAY(),X39=""),"Overdue","On track")),IF(C39="DPO Approval",IF(Z39="","No target set",IF(Z39<TODAY(),"Overdue","On track")),IF(C39="RELEASED IN PROD","Delivered",""))))))) -> No target set | E39: 10,12 | F39: Bardia | G39: Nick | H39: Navya | I39: Bardia | K39: 46234 | L39: July | T39: 46224 | X39: 46223 | AF39: No | AH39: =IF($AF39="Yes",IF($AG39<>"","Blocked - needs "&$AG39&" to fix","Blocked at "&$C39),"") | AI39: =IF($B39="","",COUNTIF('Rework Log'!$A$3:$A$500,$B39)) -> 0 | AJ39: =IF(OR($B39="",$AR39=0),"",INDEX('Rework Log'!$C:$C,$AR39)) | AK39: =IF(OR($B39="",$AR39=0),"",INDEX('Rework Log'!$H:$H,$AR39)) | AL39: =IF(OR($B39="",$AR39=0),"",INDEX('Rework Log'!$G:$G,$AR39)) | AM39: =IF($B39="","",IF(Z39<>"","DPO Approval",IF(V39<>"","QA",IF(R39<>"","PBI Dev",IF(N39<>"","DB Dev","NOT STARTED"))))) -> NOT STARTED | AN39: =IF($B39="","",IF(IF($C39="NOT STARTED",0,IF($C39="DB Dev",1,IF($C39="PBI Dev",2,IF($C39="QA",3,IF($C39="DPO Approval",4,IF($C39="RELEASED IN PROD",5,-1))))))<IF($AM39="NOT STARTED",0,IF($AM39="DB Dev",1,IF($AM39="PBI Dev",2,IF($AM39="QA",3,IF($AM39="DPO Approval",4,IF($AM39="RELEASED IN PROD",5,-1)))))),"Yes - was already at "&$AM39&", now back at "&$C39,"No")) -> No | AO39: =IF($B39="","",IF(AND(V39<>"",N39<>"",V39<N39),"QA target is before DB Dev target",IF(AND(V39<>"",R39<>"",V39<R39),"QA target is before PBI Dev target",IF(AND(Z39<>"",V39<>"",Z39<V39),"DPO Approval target is before QA target",IF(AND(AC39<>"",Z39<>"",AC39<Z39),"Confirmed Deployed date is before DPO Approval target",""))))) | AP39: =IF($B39="","",IF(COUNTIF($B$2:$B$500,$B39)>1,"Duplicate name - check row","")) | AR39: =IF($B39="","",SUMPRODUCT(MAX(('Rework Log'!$A$3:$A$500=$B39)*ROW('Rework Log'!$A$3:$A$500)))) -> 0
A40: CMS | B40: RPT_02_Fixed Factor Printout | C40: QA | D40: =IF($B40="","",IF(C40="NOT STARTED",IF(K40="","No plan date set",IF(K40<TODAY(),"Review - planned start passed","On track")),IF(C40="DB Dev",IF(N40="","No target set",IF(AND(N40<TODAY(),P40=""),"Overdue","On track")),IF(C40="PBI Dev",IF(R40="","No target set",IF(AND(R40<TODAY(),T40=""),"Overdue","On track")),IF(C40="QA",IF(V40="","No target set",IF(AND(V40<TODAY(),X40=""),"Overdue","On track")),IF(C40="DPO Approval",IF(Z40="","No target set",IF(Z40<TODAY(),"Overdue","On track")),IF(C40="RELEASED IN PROD","Delivered",""))))))) -> No target set | E40: 11 | F40: Bardia | G40: Nick | H40: Shraddha | I40: Preety | K40: 46234 | L40: July | T40: 46225 | X40: 46223 | AF40: No | AH40: =IF($AF40="Yes",IF($AG40<>"","Blocked - needs "&$AG40&" to fix","Blocked at "&$C40),"") | AI40: =IF($B40="","",COUNTIF('Rework Log'!$A$3:$A$500,$B40)) -> 0 | AJ40: =IF(OR($B40="",$AR40=0),"",INDEX('Rework Log'!$C:$C,$AR40)) | AK40: =IF(OR($B40="",$AR40=0),"",INDEX('Rework Log'!$H:$H,$AR40)) | AL40: =IF(OR($B40="",$AR40=0),"",INDEX('Rework Log'!$G:$G,$AR40)) | AM40: =IF($B40="","",IF(Z40<>"","DPO Approval",IF(V40<>"","QA",IF(R40<>"","PBI Dev",IF(N40<>"","DB Dev","NOT STARTED"))))) -> NOT STARTED | AN40: =IF($B40="","",IF(IF($C40="NOT STARTED",0,IF($C40="DB Dev",1,IF($C40="PBI Dev",2,IF($C40="QA",3,IF($C40="DPO Approval",4,IF($C40="RELEASED IN PROD",5,-1))))))<IF($AM40="NOT STARTED",0,IF($AM40="DB Dev",1,IF($AM40="PBI Dev",2,IF($AM40="QA",3,IF($AM40="DPO Approval",4,IF($AM40="RELEASED IN PROD",5,-1)))))),"Yes - was already at "&$AM40&", now back at "&$C40,"No")) -> No | AO40: =IF($B40="","",IF(AND(V40<>"",N40<>"",V40<N40),"QA target is before DB Dev target",IF(AND(V40<>"",R40<>"",V40<R40),"QA target is before PBI Dev target",IF(AND(Z40<>"",V40<>"",Z40<V40),"DPO Approval target is before QA target",IF(AND(AC40<>"",Z40<>"",AC40<Z40),"Confirmed Deployed date is before DPO Approval target",""))))) | AP40: =IF($B40="","",IF(COUNTIF($B$2:$B$500,$B40)>1,"Duplicate name - check row","")) | AQ40: [QA note, 07/2026]: Development is completed, QA validation in progress. | AR40: =IF($B40="","",SUMPRODUCT(MAX(('Rework Log'!$A$3:$A$500=$B40)*ROW('Rework Log'!$A$3:$A$500)))) -> 0
A41: CMS | B41: RPT_02_Work Order Completion Printout | C41: QA | D41: =IF($B41="","",IF(C41="NOT STARTED",IF(K41="","No plan date set",IF(K41<TODAY(),"Review - planned start passed","On track")),IF(C41="DB Dev",IF(N41="","No target set",IF(AND(N41<TODAY(),P41=""),"Overdue","On track")),IF(C41="PBI Dev",IF(R41="","No target set",IF(AND(R41<TODAY(),T41=""),"Overdue","On track")),IF(C41="QA",IF(V41="","No target set",IF(AND(V41<TODAY(),X41=""),"Overdue","On track")),IF(C41="DPO Approval",IF(Z41="","No target set",IF(Z41<TODAY(),"Overdue","On track")),IF(C41="RELEASED IN PROD","Delivered",""))))))) -> No target set | E41: 13 | F41: Kushal | G41: Rupa | H41: Sarath | I41: Preety | K41: 46234 | L41: July | T41: 46226 | X41: 46223 | AF41: No | AH41: =IF($AF41="Yes",IF($AG41<>"","Blocked - needs "&$AG41&" to fix","Blocked at "&$C41),"") | AI41: =IF($B41="","",COUNTIF('Rework Log'!$A$3:$A$500,$B41)) -> 0 | AJ41: =IF(OR($B41="",$AR41=0),"",INDEX('Rework Log'!$C:$C,$AR41)) | AK41: =IF(OR($B41="",$AR41=0),"",INDEX('Rework Log'!$H:$H,$AR41)) | AL41: =IF(OR($B41="",$AR41=0),"",INDEX('Rework Log'!$G:$G,$AR41)) | AM41: =IF($B41="","",IF(Z41<>"","DPO Approval",IF(V41<>"","QA",IF(R41<>"","PBI Dev",IF(N41<>"","DB Dev","NOT STARTED"))))) -> NOT STARTED | AN41: =IF($B41="","",IF(IF($C41="NOT STARTED",0,IF($C41="DB Dev",1,IF($C41="PBI Dev",2,IF($C41="QA",3,IF($C41="DPO Approval",4,IF($C41="RELEASED IN PROD",5,-1))))))<IF($AM41="NOT STARTED",0,IF($AM41="DB Dev",1,IF($AM41="PBI Dev",2,IF($AM41="QA",3,IF($AM41="DPO Approval",4,IF($AM41="RELEASED IN PROD",5,-1)))))),"Yes - was already at "&$AM41&", now back at "&$C41,"No")) -> No | AO41: =IF($B41="","",IF(AND(V41<>"",N41<>"",V41<N41),"QA target is before DB Dev target",IF(AND(V41<>"",R41<>"",V41<R41),"QA target is before PBI Dev target",IF(AND(Z41<>"",V41<>"",Z41<V41),"DPO Approval target is before QA target",IF(AND(AC41<>"",Z41<>"",AC41<Z41),"Confirmed Deployed date is before DPO Approval target",""))))) | AP41: =IF($B41="","",IF(COUNTIF($B$2:$B$500,$B41)>1,"Duplicate name - check row","")) | AR41: =IF($B41="","",SUMPRODUCT(MAX(('Rework Log'!$A$3:$A$500=$B41)*ROW('Rework Log'!$A$3:$A$500)))) -> 0
A42: CMS | B42: RPT_02_GRO Control | C42: QA | D42: =IF($B42="","",IF(C42="NOT STARTED",IF(K42="","No plan date set",IF(K42<TODAY(),"Review - planned start passed","On track")),IF(C42="DB Dev",IF(N42="","No target set",IF(AND(N42<TODAY(),P42=""),"Overdue","On track")),IF(C42="PBI Dev",IF(R42="","No target set",IF(AND(R42<TODAY(),T42=""),"Overdue","On track")),IF(C42="QA",IF(V42="","No target set",IF(AND(V42<TODAY(),X42=""),"Overdue","On track")),IF(C42="DPO Approval",IF(Z42="","No target set",IF(Z42<TODAY(),"Overdue","On track")),IF(C42="RELEASED IN PROD","Delivered",""))))))) -> No target set | E42: 14 | F42: Kushal | G42: Siva | H42: Navya | I42: Preety | K42: 46234 | L42: July | T42: 46225 | X42: 46223 | AF42: No | AH42: =IF($AF42="Yes",IF($AG42<>"","Blocked - needs "&$AG42&" to fix","Blocked at "&$C42),"") | AI42: =IF($B42="","",COUNTIF('Rework Log'!$A$3:$A$500,$B42)) -> 0 | AJ42: =IF(OR($B42="",$AR42=0),"",INDEX('Rework Log'!$C:$C,$AR42)) | AK42: =IF(OR($B42="",$AR42=0),"",INDEX('Rework Log'!$H:$H,$AR42)) | AL42: =IF(OR($B42="",$AR42=0),"",INDEX('Rework Log'!$G:$G,$AR42)) | AM42: =IF($B42="","",IF(Z42<>"","DPO Approval",IF(V42<>"","QA",IF(R42<>"","PBI Dev",IF(N42<>"","DB Dev","NOT STARTED"))))) -> NOT STARTED | AN42: =IF($B42="","",IF(IF($C42="NOT STARTED",0,IF($C42="DB Dev",1,IF($C42="PBI Dev",2,IF($C42="QA",3,IF($C42="DPO Approval",4,IF($C42="RELEASED IN PROD",5,-1))))))<IF($AM42="NOT STARTED",0,IF($AM42="DB Dev",1,IF($AM42="PBI Dev",2,IF($AM42="QA",3,IF($AM42="DPO Approval",4,IF($AM42="RELEASED IN PROD",5,-1)))))),"Yes - was already at "&$AM42&", now back at "&$C42,"No")) -> No | AO42: =IF($B42="","",IF(AND(V42<>"",N42<>"",V42<N42),"QA target is before DB Dev target",IF(AND(V42<>"",R42<>"",V42<R42),"QA target is before PBI Dev target",IF(AND(Z42<>"",V42<>"",Z42<V42),"DPO Approval target is before QA target",IF(AND(AC42<>"",Z42<>"",AC42<Z42),"Confirmed Deployed date is before DPO Approval target",""))))) | AP42: =IF($B42="","",IF(COUNTIF($B$2:$B$500,$B42)>1,"Duplicate name - check row","")) | AR42: =IF($B42="","",SUMPRODUCT(MAX(('Rework Log'!$A$3:$A$500=$B42)*ROW('Rework Log'!$A$3:$A$500)))) -> 0
A43: CMS | B43: RPT_02_GRO Monitor | C43: QA | D43: =IF($B43="","",IF(C43="NOT STARTED",IF(K43="","No plan date set",IF(K43<TODAY(),"Review - planned start passed","On track")),IF(C43="DB Dev",IF(N43="","No target set",IF(AND(N43<TODAY(),P43=""),"Overdue","On track")),IF(C43="PBI Dev",IF(R43="","No target set",IF(AND(R43<TODAY(),T43=""),"Overdue","On track")),IF(C43="QA",IF(V43="","No target set",IF(AND(V43<TODAY(),X43=""),"Overdue","On track")),IF(C43="DPO Approval",IF(Z43="","No target set",IF(Z43<TODAY(),"Overdue","On track")),IF(C43="RELEASED IN PROD","Delivered",""))))))) -> No target set | E43: 15 | F43: Bardia | G43: Rupa | H43: Shraddha | I43: Preety | K43: 46234 | L43: July | T43: 46225 | X43: 46230 | AF43: No | AH43: =IF($AF43="Yes",IF($AG43<>"","Blocked - needs "&$AG43&" to fix","Blocked at "&$C43),"") | AI43: =IF($B43="","",COUNTIF('Rework Log'!$A$3:$A$500,$B43)) -> 0 | AJ43: =IF(OR($B43="",$AR43=0),"",INDEX('Rework Log'!$C:$C,$AR43)) | AK43: =IF(OR($B43="",$AR43=0),"",INDEX('Rework Log'!$H:$H,$AR43)) | AL43: =IF(OR($B43="",$AR43=0),"",INDEX('Rework Log'!$G:$G,$AR43)) | AM43: =IF($B43="","",IF(Z43<>"","DPO Approval",IF(V43<>"","QA",IF(R43<>"","PBI Dev",IF(N43<>"","DB Dev","NOT STARTED"))))) -> NOT STARTED | AN43: =IF($B43="","",IF(IF($C43="NOT STARTED",0,IF($C43="DB Dev",1,IF($C43="PBI Dev",2,IF($C43="QA",3,IF($C43="DPO Approval",4,IF($C43="RELEASED IN PROD",5,-1))))))<IF($AM43="NOT STARTED",0,IF($AM43="DB Dev",1,IF($AM43="PBI Dev",2,IF($AM43="QA",3,IF($AM43="DPO Approval",4,IF($AM43="RELEASED IN PROD",5,-1)))))),"Yes - was already at "&$AM43&", now back at "&$C43,"No")) -> No | AO43: =IF($B43="","",IF(AND(V43<>"",N43<>"",V43<N43),"QA target is before DB Dev target",IF(AND(V43<>"",R43<>"",V43<R43),"QA target is before PBI Dev target",IF(AND(Z43<>"",V43<>"",Z43<V43),"DPO Approval target is before QA target",IF(AND(AC43<>"",Z43<>"",AC43<Z43),"Confirmed Deployed date is before DPO Approval target",""))))) | AP43: =IF($B43="","",IF(COUNTIF($B$2:$B$500,$B43)>1,"Duplicate name - check row","")) | AR43: =IF($B43="","",SUMPRODUCT(MAX(('Rework Log'!$A$3:$A$500=$B43)*ROW('Rework Log'!$A$3:$A$500)))) -> 0
A44: CMS | B44: RPT_02_Public Buildings Inspection | C44: QA | D44: =IF($B44="","",IF(C44="NOT STARTED",IF(K44="","No plan date set",IF(K44<TODAY(),"Review - planned start passed","On track")),IF(C44="DB Dev",IF(N44="","No target set",IF(AND(N44<TODAY(),P44=""),"Overdue","On track")),IF(C44="PBI Dev",IF(R44="","No target set",IF(AND(R44<TODAY(),T44=""),"Overdue","On track")),IF(C44="QA",IF(V44="","No target set",IF(AND(V44<TODAY(),X44=""),"Overdue","On track")),IF(C44="DPO Approval",IF(Z44="","No target set",IF(Z44<TODAY(),"Overdue","On track")),IF(C44="RELEASED IN PROD","Delivered",""))))))) -> No target set | E44: 16,17,24, 28 | G44: Geetha | K44: 46265 | L44: August | AF44: No | AH44: =IF($AF44="Yes",IF($AG44<>"","Blocked - needs "&$AG44&" to fix","Blocked at "&$C44),"") | AI44: =IF($B44="","",COUNTIF('Rework Log'!$A$3:$A$500,$B44)) -> 0 | AJ44: =IF(OR($B44="",$AR44=0),"",INDEX('Rework Log'!$C:$C,$AR44)) | AK44: =IF(OR($B44="",$AR44=0),"",INDEX('Rework Log'!$H:$H,$AR44)) | AL44: =IF(OR($B44="",$AR44=0),"",INDEX('Rework Log'!$G:$G,$AR44)) | AM44: =IF($B44="","",IF(Z44<>"","DPO Approval",IF(V44<>"","QA",IF(R44<>"","PBI Dev",IF(N44<>"","DB Dev","NOT STARTED"))))) -> NOT STARTED | AN44: =IF($B44="","",IF(IF($C44="NOT STARTED",0,IF($C44="DB Dev",1,IF($C44="PBI Dev",2,IF($C44="QA",3,IF($C44="DPO Approval",4,IF($C44="RELEASED IN PROD",5,-1))))))<IF($AM44="NOT STARTED",0,IF($AM44="DB Dev",1,IF($AM44="PBI Dev",2,IF($AM44="QA",3,IF($AM44="DPO Approval",4,IF($AM44="RELEASED IN PROD",5,-1)))))),"Yes - was already at "&$AM44&", now back at "&$C44,"No")) -> No | AO44: =IF($B44="","",IF(AND(V44<>"",N44<>"",V44<N44),"QA target is before DB Dev target",IF(AND(V44<>"",R44<>"",V44<R44),"QA target is before PBI Dev target",IF(AND(Z44<>"",V44<>"",Z44<V44),"DPO Approval target is before QA target",IF(AND(AC44<>"",Z44<>"",AC44<Z44),"Confirmed Deployed date is before DPO Approval target",""))))) | AP44: =IF($B44="","",IF(COUNTIF($B$2:$B$500,$B44)>1,"Duplicate name - check row","")) | AR44: =IF($B44="","",SUMPRODUCT(MAX(('Rework Log'!$A$3:$A$500=$B44)*ROW('Rework Log'!$A$3:$A$500)))) -> 0
A45: CMS | B45: RPT_02_Investigate Wall Check and Service Check | C45: NOT STARTED | D45: =IF($B45="","",IF(C45="NOT STARTED",IF(K45="","No plan date set",IF(K45<TODAY(),"Review - planned start passed","On track")),IF(C45="DB Dev",IF(N45="","No target set",IF(AND(N45<TODAY(),P45=""),"Overdue","On track")),IF(C45="PBI Dev",IF(R45="","No target set",IF(AND(R45<TODAY(),T45=""),"Overdue","On track")),IF(C45="QA",IF(V45="","No target set",IF(AND(V45<TODAY(),X45=""),"Overdue","On track")),IF(C45="DPO Approval",IF(Z45="","No target set",IF(Z45<TODAY(),"Overdue","On track")),IF(C45="RELEASED IN PROD","Delivered",""))))))) -> On track | E45: 18 | G45: Siva | K45: 46265 | L45: August | AF45: No | AH45: =IF($AF45="Yes",IF($AG45<>"","Blocked - needs "&$AG45&" to fix","Blocked at "&$C45),"") | AI45: =IF($B45="","",COUNTIF('Rework Log'!$A$3:$A$500,$B45)) -> 0 | AJ45: =IF(OR($B45="",$AR45=0),"",INDEX('Rework Log'!$C:$C,$AR45)) | AK45: =IF(OR($B45="",$AR45=0),"",INDEX('Rework Log'!$H:$H,$AR45)) | AL45: =IF(OR($B45="",$AR45=0),"",INDEX('Rework Log'!$G:$G,$AR45)) | AM45: =IF($B45="","",IF(Z45<>"","DPO Approval",IF(V45<>"","QA",IF(R45<>"","PBI Dev",IF(N45<>"","DB Dev","NOT STARTED"))))) -> NOT STARTED | AN45: =IF($B45="","",IF(IF($C45="NOT STARTED",0,IF($C45="DB Dev",1,IF($C45="PBI Dev",2,IF($C45="QA",3,IF($C45="DPO Approval",4,IF($C45="RELEASED IN PROD",5,-1))))))<IF($AM45="NOT STARTED",0,IF($AM45="DB Dev",1,IF($AM45="PBI Dev",2,IF($AM45="QA",3,IF($AM45="DPO Approval",4,IF($AM45="RELEASED IN PROD",5,-1)))))),"Yes - was already at "&$AM45&", now back at "&$C45,"No")) -> No | AO45: =IF($B45="","",IF(AND(V45<>"",N45<>"",V45<N45),"QA target is before DB Dev target",IF(AND(V45<>"",R45<>"",V45<R45),"QA target is before PBI Dev target",IF(AND(Z45<>"",V45<>"",Z45<V45),"DPO Approval target is before QA target",IF(AND(AC45<>"",Z45<>"",AC45<Z45),"Confirmed Deployed date is before DPO Approval target",""))))) | AP45: =IF($B45="","",IF(COUNTIF($B$2:$B$500,$B45)>1,"Duplicate name - check row","")) | AR45: =IF($B45="","",SUMPRODUCT(MAX(('Rework Log'!$A$3:$A$500=$B45)*ROW('Rework Log'!$A$3:$A$500)))) -> 0
A46: CMS | B46: RPT_02_Cut Out Orders | C46: NOT STARTED | D46: =IF($B46="","",IF(C46="NOT STARTED",IF(K46="","No plan date set",IF(K46<TODAY(),"Review - planned start passed","On track")),IF(C46="DB Dev",IF(N46="","No target set",IF(AND(N46<TODAY(),P46=""),"Overdue","On track")),IF(C46="PBI Dev",IF(R46="","No target set",IF(AND(R46<TODAY(),T46=""),"Overdue","On track")),IF(C46="QA",IF(V46="","No target set",IF(AND(V46<TODAY(),X46=""),"Overdue","On track")),IF(C46="DPO Approval",IF(Z46="","No target set",IF(Z46<TODAY(),"Overdue","On track")),IF(C46="RELEASED IN PROD","Delivered",""))))))) -> On track | E46: 19 | G46: Fetwi | K46: 46265 | L46: August | AF46: No | AH46: =IF($AF46="Yes",IF($AG46<>"","Blocked - needs "&$AG46&" to fix","Blocked at "&$C46),"") | AI46: =IF($B46="","",COUNTIF('Rework Log'!$A$3:$A$500,$B46)) -> 0 | AJ46: =IF(OR($B46="",$AR46=0),"",INDEX('Rework Log'!$C:$C,$AR46)) | AK46: =IF(OR($B46="",$AR46=0),"",INDEX('Rework Log'!$H:$H,$AR46)) | AL46: =IF(OR($B46="",$AR46=0),"",INDEX('Rework Log'!$G:$G,$AR46)) | AM46: =IF($B46="","",IF(Z46<>"","DPO Approval",IF(V46<>"","QA",IF(R46<>"","PBI Dev",IF(N46<>"","DB Dev","NOT STARTED"))))) -> NOT STARTED | AN46: =IF($B46="","",IF(IF($C46="NOT STARTED",0,IF($C46="DB Dev",1,IF($C46="PBI Dev",2,IF($C46="QA",3,IF($C46="DPO Approval",4,IF($C46="RELEASED IN PROD",5,-1))))))<IF($AM46="NOT STARTED",0,IF($AM46="DB Dev",1,IF($AM46="PBI Dev",2,IF($AM46="QA",3,IF($AM46="DPO Approval",4,IF($AM46="RELEASED IN PROD",5,-1)))))),"Yes - was already at "&$AM46&", now back at "&$C46,"No")) -> No | AO46: =IF($B46="","",IF(AND(V46<>"",N46<>"",V46<N46),"QA target is before DB Dev target",IF(AND(V46<>"",R46<>"",V46<R46),"QA target is before PBI Dev target",IF(AND(Z46<>"",V46<>"",Z46<V46),"DPO Approval target is before QA target",IF(AND(AC46<>"",Z46<>"",AC46<Z46),"Confirmed Deployed date is before DPO Approval target",""))))) | AP46: =IF($B46="","",IF(COUNTIF($B$2:$B$500,$B46)>1,"Duplicate name - check row","")) | AR46: =IF($B46="","",SUMPRODUCT(MAX(('Rework Log'!$A$3:$A$500=$B46)*ROW('Rework Log'!$A$3:$A$500)))) -> 0
A47: CMS | B47: RPT_02_Gas Trouble | C47: QA | D47: =IF($B47="","",IF(C47="NOT STARTED",IF(K47="","No plan date set",IF(K47<TODAY(),"Review - planned start passed","On track")),IF(C47="DB Dev",IF(N47="","No target set",IF(AND(N47<TODAY(),P47=""),"Overdue","On track")),IF(C47="PBI Dev",IF(R47="","No target set",IF(AND(R47<TODAY(),T47=""),"Overdue","On track")),IF(C47="QA",IF(V47="","No target set",IF(AND(V47<TODAY(),X47=""),"Overdue","On track")),IF(C47="DPO Approval",IF(Z47="","No target set",IF(Z47<TODAY(),"Overdue","On track")),IF(C47="RELEASED IN PROD","Delivered",""))))))) -> No target set | E47: 20 | G47: Siddu | K47: 46265 | L47: August | AF47: No | AH47: =IF($AF47="Yes",IF($AG47<>"","Blocked - needs "&$AG47&" to fix","Blocked at "&$C47),"") | AI47: =IF($B47="","",COUNTIF('Rework Log'!$A$3:$A$500,$B47)) -> 0 | AJ47: =IF(OR($B47="",$AR47=0),"",INDEX('Rework Log'!$C:$C,$AR47)) | AK47: =IF(OR($B47="",$AR47=0),"",INDEX('Rework Log'!$H:$H,$AR47)) | AL47: =IF(OR($B47="",$AR47=0),"",INDEX('Rework Log'!$G:$G,$AR47)) | AM47: =IF($B47="","",IF(Z47<>"","DPO Approval",IF(V47<>"","QA",IF(R47<>"","PBI Dev",IF(N47<>"","DB Dev","NOT STARTED"))))) -> NOT STARTED | AN47: =IF($B47="","",IF(IF($C47="NOT STARTED",0,IF($C47="DB Dev",1,IF($C47="PBI Dev",2,IF($C47="QA",3,IF($C47="DPO Approval",4,IF($C47="RELEASED IN PROD",5,-1))))))<IF($AM47="NOT STARTED",0,IF($AM47="DB Dev",1,IF($AM47="PBI Dev",2,IF($AM47="QA",3,IF($AM47="DPO Approval",4,IF($AM47="RELEASED IN PROD",5,-1)))))),"Yes - was already at "&$AM47&", now back at "&$C47,"No")) -> No | AO47: =IF($B47="","",IF(AND(V47<>"",N47<>"",V47<N47),"QA target is before DB Dev target",IF(AND(V47<>"",R47<>"",V47<R47),"QA target is before PBI Dev target",IF(AND(Z47<>"",V47<>"",Z47<V47),"DPO Approval target is before QA target",IF(AND(AC47<>"",Z47<>"",AC47<Z47),"Confirmed Deployed date is before DPO Approval target",""))))) | AP47: =IF($B47="","",IF(COUNTIF($B$2:$B$500,$B47)>1,"Duplicate name - check row","")) | AR47: =IF($B47="","",SUMPRODUCT(MAX(('Rework Log'!$A$3:$A$500=$B47)*ROW('Rework Log'!$A$3:$A$500)))) -> 0
A48: CMS | B48: RPT_02_Wall Check Control | C48: NOT STARTED | D48: =IF($B48="","",IF(C48="NOT STARTED",IF(K48="","No plan date set",IF(K48<TODAY(),"Review - planned start passed","On track")),IF(C48="DB Dev",IF(N48="","No target set",IF(AND(N48<TODAY(),P48=""),"Overdue","On track")),IF(C48="PBI Dev",IF(R48="","No target set",IF(AND(R48<TODAY(),T48=""),"Overdue","On track")),IF(C48="QA",IF(V48="","No target set",IF(AND(V48<TODAY(),X48=""),"Overdue","On track")),IF(C48="DPO Approval",IF(Z48="","No target set",IF(Z48<TODAY(),"Overdue","On track")),IF(C48="RELEASED IN PROD","Delivered",""))))))) -> On track | E48: 21 | G48: Nick | K48: 46265 | L48: August | AF48: No | AH48: =IF($AF48="Yes",IF($AG48<>"","Blocked - needs "&$AG48&" to fix","Blocked at "&$C48),"") | AI48: =IF($B48="","",COUNTIF('Rework Log'!$A$3:$A$500,$B48)) -> 0 | AJ48: =IF(OR($B48="",$AR48=0),"",INDEX('Rework Log'!$C:$C,$AR48)) | AK48: =IF(OR($B48="",$AR48=0),"",INDEX('Rework Log'!$H:$H,$AR48)) | AL48: =IF(OR($B48="",$AR48=0),"",INDEX('Rework Log'!$G:$G,$AR48)) | AM48: =IF($B48="","",IF(Z48<>"","DPO Approval",IF(V48<>"","QA",IF(R48<>"","PBI Dev",IF(N48<>"","DB Dev","NOT STARTED"))))) -> NOT STARTED | AN48: =IF($B48="","",IF(IF($C48="NOT STARTED",0,IF($C48="DB Dev",1,IF($C48="PBI Dev",2,IF($C48="QA",3,IF($C48="DPO Approval",4,IF($C48="RELEASED IN PROD",5,-1))))))<IF($AM48="NOT STARTED",0,IF($AM48="DB Dev",1,IF($AM48="PBI Dev",2,IF($AM48="QA",3,IF($AM48="DPO Approval",4,IF($AM48="RELEASED IN PROD",5,-1)))))),"Yes - was already at "&$AM48&", now back at "&$C48,"No")) -> No | AO48: =IF($B48="","",IF(AND(V48<>"",N48<>"",V48<N48),"QA target is before DB Dev target",IF(AND(V48<>"",R48<>"",V48<R48),"QA target is before PBI Dev target",IF(AND(Z48<>"",V48<>"",Z48<V48),"DPO Approval target is before QA target",IF(AND(AC48<>"",Z48<>"",AC48<Z48),"Confirmed Deployed date is before DPO Approval target",""))))) | AP48: =IF($B48="","",IF(COUNTIF($B$2:$B$500,$B48)>1,"Duplicate name - check row","")) | AR48: =IF($B48="","",SUMPRODUCT(MAX(('Rework Log'!$A$3:$A$500=$B48)*ROW('Rework Log'!$A$3:$A$500)))) -> 0
A49: CMS | B49: RPT_02_High Pressure Steel Inside Inspection | C49: NOT STARTED | D49: =IF($B49="","",IF(C49="NOT STARTED",IF(K49="","No plan date set",IF(K49<TODAY(),"Review - planned start passed","On track")),IF(C49="DB Dev",IF(N49="","No target set",IF(AND(N49<TODAY(),P49=""),"Overdue","On track")),IF(C49="PBI Dev",IF(R49="","No target set",IF(AND(R49<TODAY(),T49=""),"Overdue","On track")),IF(C49="QA",IF(V49="","No target set",IF(AND(V49<TODAY(),X49=""),"Overdue","On track")),IF(C49="DPO Approval",IF(Z49="","No target set",IF(Z49<TODAY(),"Overdue","On track")),IF(C49="RELEASED IN PROD","Delivered",""))))))) -> On track | E49: 22 | G49: Siva | K49: 46265 | L49: August | AF49: No | AH49: =IF($AF49="Yes",IF($AG49<>"","Blocked - needs "&$AG49&" to fix","Blocked at "&$C49),"") | AI49: =IF($B49="","",COUNTIF('Rework Log'!$A$3:$A$500,$B49)) -> 0 | AJ49: =IF(OR($B49="",$AR49=0),"",INDEX('Rework Log'!$C:$C,$AR49)) | AK49: =IF(OR($B49="",$AR49=0),"",INDEX('Rework Log'!$H:$H,$AR49)) | AL49: =IF(OR($B49="",$AR49=0),"",INDEX('Rework Log'!$G:$G,$AR49)) | AM49: =IF($B49="","",IF(Z49<>"","DPO Approval",IF(V49<>"","QA",IF(R49<>"","PBI Dev",IF(N49<>"","DB Dev","NOT STARTED"))))) -> NOT STARTED | AN49: =IF($B49="","",IF(IF($C49="NOT STARTED",0,IF($C49="DB Dev",1,IF($C49="PBI Dev",2,IF($C49="QA",3,IF($C49="DPO Approval",4,IF($C49="RELEASED IN PROD",5,-1))))))<IF($AM49="NOT STARTED",0,IF($AM49="DB Dev",1,IF($AM49="PBI Dev",2,IF($AM49="QA",3,IF($AM49="DPO Approval",4,IF($AM49="RELEASED IN PROD",5,-1)))))),"Yes - was already at "&$AM49&", now back at "&$C49,"No")) -> No | AO49: =IF($B49="","",IF(AND(V49<>"",N49<>"",V49<N49),"QA target is before DB Dev target",IF(AND(V49<>"",R49<>"",V49<R49),"QA target is before PBI Dev target",IF(AND(Z49<>"",V49<>"",Z49<V49),"DPO Approval target is before QA target",IF(AND(AC49<>"",Z49<>"",AC49<Z49),"Confirmed Deployed date is before DPO Approval target",""))))) | AP49: =IF($B49="","",IF(COUNTIF($B$2:$B$500,$B49)>1,"Duplicate name - check row","")) | AR49: =IF($B49="","",SUMPRODUCT(MAX(('Rework Log'!$A$3:$A$500=$B49)*ROW('Rework Log'!$A$3:$A$500)))) -> 0
A50: CMS | B50: RPT_02_Large Gas Outage | C50: NOT STARTED | D50: =IF($B50="","",IF(C50="NOT STARTED",IF(K50="","No plan date set",IF(K50<TODAY(),"Review - planned start passed","On track")),IF(C50="DB Dev",IF(N50="","No target set",IF(AND(N50<TODAY(),P50=""),"Overdue","On track")),IF(C50="PBI Dev",IF(R50="","No target set",IF(AND(R50<TODAY(),T50=""),"Overdue","On track")),IF(C50="QA",IF(V50="","No target set",IF(AND(V50<TODAY(),X50=""),"Overdue","On track")),IF(C50="DPO Approval",IF(Z50="","No target set",IF(Z50<TODAY(),"Overdue","On track")),IF(C50="RELEASED IN PROD","Delivered",""))))))) -> On track | E50: 23 | G50: Nick | K50: 46265 | L50: August | AF50: No | AH50: =IF($AF50="Yes",IF($AG50<>"","Blocked - needs "&$AG50&" to fix","Blocked at "&$C50),"") | AI50: =IF($B50="","",COUNTIF('Rework Log'!$A$3:$A$500,$B50)) -> 0 | AJ50: =IF(OR($B50="",$AR50=0),"",INDEX('Rework Log'!$C:$C,$AR50)) | AK50: =IF(OR($B50="",$AR50=0),"",INDEX('Rework Log'!$H:$H,$AR50)) | AL50: =IF(OR($B50="",$AR50=0),"",INDEX('Rework Log'!$G:$G,$AR50)) | AM50: =IF($B50="","",IF(Z50<>"","DPO Approval",IF(V50<>"","QA",IF(R50<>"","PBI Dev",IF(N50<>"","DB Dev","NOT STARTED"))))) -> NOT STARTED | AN50: =IF($B50="","",IF(IF($C50="NOT STARTED",0,IF($C50="DB Dev",1,IF($C50="PBI Dev",2,IF($C50="QA",3,IF($C50="DPO Approval",4,IF($C50="RELEASED IN PROD",5,-1))))))<IF($AM50="NOT STARTED",0,IF($AM50="DB Dev",1,IF($AM50="PBI Dev",2,IF($AM50="QA",3,IF($AM50="DPO Approval",4,IF($AM50="RELEASED IN PROD",5,-1)))))),"Yes - was already at "&$AM50&", now back at "&$C50,"No")) -> No | AO50: =IF($B50="","",IF(AND(V50<>"",N50<>"",V50<N50),"QA target is before DB Dev target",IF(AND(V50<>"",R50<>"",V50<R50),"QA target is before PBI Dev target",IF(AND(Z50<>"",V50<>"",Z50<V50),"DPO Approval target is before QA target",IF(AND(AC50<>"",Z50<>"",AC50<Z50),"Confirmed Deployed date is before DPO Approval target",""))))) | AP50: =IF($B50="","",IF(COUNTIF($B$2:$B$500,$B50)>1,"Duplicate name - check row","")) | AR50: =IF($B50="","",SUMPRODUCT(MAX(('Rework Log'!$A$3:$A$500=$B50)*ROW('Rework Log'!$A$3:$A$500)))) -> 0
A51: CMS | B51: RPT_02_Fitting Work | C51: NOT STARTED | D51: =IF($B51="","",IF(C51="NOT STARTED",IF(K51="","No plan date set",IF(K51<TODAY(),"Review - planned start passed","On track")),IF(C51="DB Dev",IF(N51="","No target set",IF(AND(N51<TODAY(),P51=""),"Overdue","On track")),IF(C51="PBI Dev",IF(R51="","No target set",IF(AND(R51<TODAY(),T51=""),"Overdue","On track")),IF(C51="QA",IF(V51="","No target set",IF(AND(V51<TODAY(),X51=""),"Overdue","On track")),IF(C51="DPO Approval",IF(Z51="","No target set",IF(Z51<TODAY(),"Overdue","On track")),IF(C51="RELEASED IN PROD","Delivered",""))))))) -> On track | E51: 25 | G51: Fetwi | K51: 46265 | L51: August | AF51: No | AH51: =IF($AF51="Yes",IF($AG51<>"","Blocked - needs "&$AG51&" to fix","Blocked at "&$C51),"") | AI51: =IF($B51="","",COUNTIF('Rework Log'!$A$3:$A$500,$B51)) -> 0 | AJ51: =IF(OR($B51="",$AR51=0),"",INDEX('Rework Log'!$C:$C,$AR51)) | AK51: =IF(OR($B51="",$AR51=0),"",INDEX('Rework Log'!$H:$H,$AR51)) | AL51: =IF(OR($B51="",$AR51=0),"",INDEX('Rework Log'!$G:$G,$AR51)) | AM51: =IF($B51="","",IF(Z51<>"","DPO Approval",IF(V51<>"","QA",IF(R51<>"","PBI Dev",IF(N51<>"","DB Dev","NOT STARTED"))))) -> NOT STARTED | AN51: =IF($B51="","",IF(IF($C51="NOT STARTED",0,IF($C51="DB Dev",1,IF($C51="PBI Dev",2,IF($C51="QA",3,IF($C51="DPO Approval",4,IF($C51="RELEASED IN PROD",5,-1))))))<IF($AM51="NOT STARTED",0,IF($AM51="DB Dev",1,IF($AM51="PBI Dev",2,IF($AM51="QA",3,IF($AM51="DPO Approval",4,IF($AM51="RELEASED IN PROD",5,-1)))))),"Yes - was already at "&$AM51&", now back at "&$C51,"No")) -> No | AO51: =IF($B51="","",IF(AND(V51<>"",N51<>"",V51<N51),"QA target is before DB Dev target",IF(AND(V51<>"",R51<>"",V51<R51),"QA target is before PBI Dev target",IF(AND(Z51<>"",V51<>"",Z51<V51),"DPO Approval target is before QA target",IF(AND(AC51<>"",Z51<>"",AC51<Z51),"Confirmed Deployed date is before DPO Approval target",""))))) | AP51: =IF($B51="","",IF(COUNTIF($B$2:$B$500,$B51)>1,"Duplicate name - check row","")) | AR51: =IF($B51="","",SUMPRODUCT(MAX(('Rework Log'!$A$3:$A$500=$B51)*ROW('Rework Log'!$A$3:$A$500)))) -> 0
A52: CMS | B52: RPT_02_Field Collector Report | C52: NOT STARTED | D52: =IF($B52="","",IF(C52="NOT STARTED",IF(K52="","No plan date set",IF(K52<TODAY(),"Review - planned start passed","On track")),IF(C52="DB Dev",IF(N52="","No target set",IF(AND(N52<TODAY(),P52=""),"Overdue","On track")),IF(C52="PBI Dev",IF(R52="","No target set",IF(AND(R52<TODAY(),T52=""),"Overdue","On track")),IF(C52="QA",IF(V52="","No target set",IF(AND(V52<TODAY(),X52=""),"Overdue","On track")),IF(C52="DPO Approval",IF(Z52="","No target set",IF(Z52<TODAY(),"Overdue","On track")),IF(C52="RELEASED IN PROD","Delivered",""))))))) -> On track | E52: 26 | G52: Siddu | K52: 46265 | L52: August | AF52: No | AH52: =IF($AF52="Yes",IF($AG52<>"","Blocked - needs "&$AG52&" to fix","Blocked at "&$C52),"") | AI52: =IF($B52="","",COUNTIF('Rework Log'!$A$3:$A$500,$B52)) -> 0 | AJ52: =IF(OR($B52="",$AR52=0),"",INDEX('Rework Log'!$C:$C,$AR52)) | AK52: =IF(OR($B52="",$AR52=0),"",INDEX('Rework Log'!$H:$H,$AR52)) | AL52: =IF(OR($B52="",$AR52=0),"",INDEX('Rework Log'!$G:$G,$AR52)) | AM52: =IF($B52="","",IF(Z52<>"","DPO Approval",IF(V52<>"","QA",IF(R52<>"","PBI Dev",IF(N52<>"","DB Dev","NOT STARTED"))))) -> NOT STARTED | AN52: =IF($B52="","",IF(IF($C52="NOT STARTED",0,IF($C52="DB Dev",1,IF($C52="PBI Dev",2,IF($C52="QA",3,IF($C52="DPO Approval",4,IF($C52="RELEASED IN PROD",5,-1))))))<IF($AM52="NOT STARTED",0,IF($AM52="DB Dev",1,IF($AM52="PBI Dev",2,IF($AM52="QA",3,IF($AM52="DPO Approval",4,IF($AM52="RELEASED IN PROD",5,-1)))))),"Yes - was already at "&$AM52&", now back at "&$C52,"No")) -> No | AO52: =IF($B52="","",IF(AND(V52<>"",N52<>"",V52<N52),"QA target is before DB Dev target",IF(AND(V52<>"",R52<>"",V52<R52),"QA target is before PBI Dev target",IF(AND(Z52<>"",V52<>"",Z52<V52),"DPO Approval target is before QA target",IF(AND(AC52<>"",Z52<>"",AC52<Z52),"Confirmed Deployed date is before DPO Approval target",""))))) | AP52: =IF($B52="","",IF(COUNTIF($B$2:$B$500,$B52)>1,"Duplicate name - check row","")) | AR52: =IF($B52="","",SUMPRODUCT(MAX(('Rework Log'!$A$3:$A$500=$B52)*ROW('Rework Log'!$A$3:$A$500)))) -> 0
A53: CMS | B53: RPT_02_Turn On for Non-Payment | C53: NOT STARTED | D53: =IF($B53="","",IF(C53="NOT STARTED",IF(K53="","No plan date set",IF(K53<TODAY(),"Review - planned start passed","On track")),IF(C53="DB Dev",IF(N53="","No target set",IF(AND(N53<TODAY(),P53=""),"Overdue","On track")),IF(C53="PBI Dev",IF(R53="","No target set",IF(AND(R53<TODAY(),T53=""),"Overdue","On track")),IF(C53="QA",IF(V53="","No target set",IF(AND(V53<TODAY(),X53=""),"Overdue","On track")),IF(C53="DPO Approval",IF(Z53="","No target set",IF(Z53<TODAY(),"Overdue","On track")),IF(C53="RELEASED IN PROD","Delivered",""))))))) -> On track | E53: 27 | G53: Sree | K53: 46265 | L53: August | AF53: No | AH53: =IF($AF53="Yes",IF($AG53<>"","Blocked - needs "&$AG53&" to fix","Blocked at "&$C53),"") | AI53: =IF($B53="","",COUNTIF('Rework Log'!$A$3:$A$500,$B53)) -> 0 | AJ53: =IF(OR($B53="",$AR53=0),"",INDEX('Rework Log'!$C:$C,$AR53)) | AK53: =IF(OR($B53="",$AR53=0),"",INDEX('Rework Log'!$H:$H,$AR53)) | AL53: =IF(OR($B53="",$AR53=0),"",INDEX('Rework Log'!$G:$G,$AR53)) | AM53: =IF($B53="","",IF(Z53<>"","DPO Approval",IF(V53<>"","QA",IF(R53<>"","PBI Dev",IF(N53<>"","DB Dev","NOT STARTED"))))) -> NOT STARTED | AN53: =IF($B53="","",IF(IF($C53="NOT STARTED",0,IF($C53="DB Dev",1,IF($C53="PBI Dev",2,IF($C53="QA",3,IF($C53="DPO Approval",4,IF($C53="RELEASED IN PROD",5,-1))))))<IF($AM53="NOT STARTED",0,IF($AM53="DB Dev",1,IF($AM53="PBI Dev",2,IF($AM53="QA",3,IF($AM53="DPO Approval",4,IF($AM53="RELEASED IN PROD",5,-1)))))),"Yes - was already at "&$AM53&", now back at "&$C53,"No")) -> No | AO53: =IF($B53="","",IF(AND(V53<>"",N53<>"",V53<N53),"QA target is before DB Dev target",IF(AND(V53<>"",R53<>"",V53<R53),"QA target is before PBI Dev target",IF(AND(Z53<>"",V53<>"",Z53<V53),"DPO Approval target is before QA target",IF(AND(AC53<>"",Z53<>"",AC53<Z53),"Confirmed Deployed date is before DPO Approval target",""))))) | AP53: =IF($B53="","",IF(COUNTIF($B$2:$B$500,$B53)>1,"Duplicate name - check row","")) | AR53: =IF($B53="","",SUMPRODUCT(MAX(('Rework Log'!$A$3:$A$500=$B53)*ROW('Rework Log'!$A$3:$A$500)))) -> 0
A54: CMS | B54: RPT_02_Collector Payment Recap | C54: NOT STARTED | D54: =IF($B54="","",IF(C54="NOT STARTED",IF(K54="","No plan date set",IF(K54<TODAY(),"Review - planned start passed","On track")),IF(C54="DB Dev",IF(N54="","No target set",IF(AND(N54<TODAY(),P54=""),"Overdue","On track")),IF(C54="PBI Dev",IF(R54="","No target set",IF(AND(R54<TODAY(),T54=""),"Overdue","On track")),IF(C54="QA",IF(V54="","No target set",IF(AND(V54<TODAY(),X54=""),"Overdue","On track")),IF(C54="DPO Approval",IF(Z54="","No target set",IF(Z54<TODAY(),"Overdue","On track")),IF(C54="RELEASED IN PROD","Delivered",""))))))) -> On track | E54: 29 | G54: Rupa | K54: 46265 | L54: August | AF54: No | AH54: =IF($AF54="Yes",IF($AG54<>"","Blocked - needs "&$AG54&" to fix","Blocked at "&$C54),"") | AI54: =IF($B54="","",COUNTIF('Rework Log'!$A$3:$A$500,$B54)) -> 0 | AJ54: =IF(OR($B54="",$AR54=0),"",INDEX('Rework Log'!$C:$C,$AR54)) | AK54: =IF(OR($B54="",$AR54=0),"",INDEX('Rework Log'!$H:$H,$AR54)) | AL54: =IF(OR($B54="",$AR54=0),"",INDEX('Rework Log'!$G:$G,$AR54)) | AM54: =IF($B54="","",IF(Z54<>"","DPO Approval",IF(V54<>"","QA",IF(R54<>"","PBI Dev",IF(N54<>"","DB Dev","NOT STARTED"))))) -> NOT STARTED | AN54: =IF($B54="","",IF(IF($C54="NOT STARTED",0,IF($C54="DB Dev",1,IF($C54="PBI Dev",2,IF($C54="QA",3,IF($C54="DPO Approval",4,IF($C54="RELEASED IN PROD",5,-1))))))<IF($AM54="NOT STARTED",0,IF($AM54="DB Dev",1,IF($AM54="PBI Dev",2,IF($AM54="QA",3,IF($AM54="DPO Approval",4,IF($AM54="RELEASED IN PROD",5,-1)))))),"Yes - was already at "&$AM54&", now back at "&$C54,"No")) -> No | AO54: =IF($B54="","",IF(AND(V54<>"",N54<>"",V54<N54),"QA target is before DB Dev target",IF(AND(V54<>"",R54<>"",V54<R54),"QA target is before PBI Dev target",IF(AND(Z54<>"",V54<>"",Z54<V54),"DPO Approval target is before QA target",IF(AND(AC54<>"",Z54<>"",AC54<Z54),"Confirmed Deployed date is before DPO Approval target",""))))) | AP54: =IF($B54="","",IF(COUNTIF($B$2:$B$500,$B54)>1,"Duplicate name - check row","")) | AR54: =IF($B54="","",SUMPRODUCT(MAX(('Rework Log'!$A$3:$A$500=$B54)*ROW('Rework Log'!$A$3:$A$500)))) -> 0
A55: CMS | B55: RPT_02_Incentive Management | C55: NOT STARTED | D55: =IF($B55="","",IF(C55="NOT STARTED",IF(K55="","No plan date set",IF(K55<TODAY(),"Review - planned start passed","On track")),IF(C55="DB Dev",IF(N55="","No target set",IF(AND(N55<TODAY(),P55=""),"Overdue","On track")),IF(C55="PBI Dev",IF(R55="","No target set",IF(AND(R55<TODAY(),T55=""),"Overdue","On track")),IF(C55="QA",IF(V55="","No target set",IF(AND(V55<TODAY(),X55=""),"Overdue","On track")),IF(C55="DPO Approval",IF(Z55="","No target set",IF(Z55<TODAY(),"Overdue","On track")),IF(C55="RELEASED IN PROD","Delivered",""))))))) -> On track | E55: 30 | K55: 46265 | L55: August | AF55: No | AH55: =IF($AF55="Yes",IF($AG55<>"","Blocked - needs "&$AG55&" to fix","Blocked at "&$C55),"") | AI55: =IF($B55="","",COUNTIF('Rework Log'!$A$3:$A$500,$B55)) -> 0 | AJ55: =IF(OR($B55="",$AR55=0),"",INDEX('Rework Log'!$C:$C,$AR55)) | AK55: =IF(OR($B55="",$AR55=0),"",INDEX('Rework Log'!$H:$H,$AR55)) | AL55: =IF(OR($B55="",$AR55=0),"",INDEX('Rework Log'!$G:$G,$AR55)) | AM55: =IF($B55="","",IF(Z55<>"","DPO Approval",IF(V55<>"","QA",IF(R55<>"","PBI Dev",IF(N55<>"","DB Dev","NOT STARTED"))))) -> NOT STARTED | AN55: =IF($B55="","",IF(IF($C55="NOT STARTED",0,IF($C55="DB Dev",1,IF($C55="PBI Dev",2,IF($C55="QA",3,IF($C55="DPO Approval",4,IF($C55="RELEASED IN PROD",5,-1))))))<IF($AM55="NOT STARTED",0,IF($AM55="DB Dev",1,IF($AM55="PBI Dev",2,IF($AM55="QA",3,IF($AM55="DPO Approval",4,IF($AM55="RELEASED IN PROD",5,-1)))))),"Yes - was already at "&$AM55&", now back at "&$C55,"No")) -> No | AO55: =IF($B55="","",IF(AND(V55<>"",N55<>"",V55<N55),"QA target is before DB Dev target",IF(AND(V55<>"",R55<>"",V55<R55),"QA target is before PBI Dev target",IF(AND(Z55<>"",V55<>"",Z55<V55),"DPO Approval target is before QA target",IF(AND(AC55<>"",Z55<>"",AC55<Z55),"Confirmed Deployed date is before DPO Approval target",""))))) | AP55: =IF($B55="","",IF(COUNTIF($B$2:$B$500,$B55)>1,"Duplicate name - check row","")) | AR55: =IF($B55="","",SUMPRODUCT(MAX(('Rework Log'!$A$3:$A$500=$B55)*ROW('Rework Log'!$A$3:$A$500)))) -> 0
A56: CMS | B56: RPT_02_UTC Report | C56: NOT STARTED | D56: =IF($B56="","",IF(C56="NOT STARTED",IF(K56="","No plan date set",IF(K56<TODAY(),"Review - planned start passed","On track")),IF(C56="DB Dev",IF(N56="","No target set",IF(AND(N56<TODAY(),P56=""),"Overdue","On track")),IF(C56="PBI Dev",IF(R56="","No target set",IF(AND(R56<TODAY(),T56=""),"Overdue","On track")),IF(C56="QA",IF(V56="","No target set",IF(AND(V56<TODAY(),X56=""),"Overdue","On track")),IF(C56="DPO Approval",IF(Z56="","No target set",IF(Z56<TODAY(),"Overdue","On track")),IF(C56="RELEASED IN PROD","Delivered",""))))))) -> On track | E56: 31 | K56: 46295 | L56: September | AF56: No | AH56: =IF($AF56="Yes",IF($AG56<>"","Blocked - needs "&$AG56&" to fix","Blocked at "&$C56),"") | AI56: =IF($B56="","",COUNTIF('Rework Log'!$A$3:$A$500,$B56)) -> 0 | AJ56: =IF(OR($B56="",$AR56=0),"",INDEX('Rework Log'!$C:$C,$AR56)) | AK56: =IF(OR($B56="",$AR56=0),"",INDEX('Rework Log'!$H:$H,$AR56)) | AL56: =IF(OR($B56="",$AR56=0),"",INDEX('Rework Log'!$G:$G,$AR56)) | AM56: =IF($B56="","",IF(Z56<>"","DPO Approval",IF(V56<>"","QA",IF(R56<>"","PBI Dev",IF(N56<>"","DB Dev","NOT STARTED"))))) -> NOT STARTED | AN56: =IF($B56="","",IF(IF($C56="NOT STARTED",0,IF($C56="DB Dev",1,IF($C56="PBI Dev",2,IF($C56="QA",3,IF($C56="DPO Approval",4,IF($C56="RELEASED IN PROD",5,-1))))))<IF($AM56="NOT STARTED",0,IF($AM56="DB Dev",1,IF($AM56="PBI Dev",2,IF($AM56="QA",3,IF($AM56="DPO Approval",4,IF($AM56="RELEASED IN PROD",5,-1)))))),"Yes - was already at "&$AM56&", now back at "&$C56,"No")) -> No | AO56: =IF($B56="","",IF(AND(V56<>"",N56<>"",V56<N56),"QA target is before DB Dev target",IF(AND(V56<>"",R56<>"",V56<R56),"QA target is before PBI Dev target",IF(AND(Z56<>"",V56<>"",Z56<V56),"DPO Approval target is before QA target",IF(AND(AC56<>"",Z56<>"",AC56<Z56),"Confirmed Deployed date is before DPO Approval target",""))))) | AP56: =IF($B56="","",IF(COUNTIF($B$2:$B$500,$B56)>1,"Duplicate name - check row","")) | AR56: =IF($B56="","",SUMPRODUCT(MAX(('Rework Log'!$A$3:$A$500=$B56)*ROW('Rework Log'!$A$3:$A$500)))) -> 0
A57: CMS | B57: RPT_02_Adjacent Property Checks | C57: NOT STARTED | D57: =IF($B57="","",IF(C57="NOT STARTED",IF(K57="","No plan date set",IF(K57<TODAY(),"Review - planned start passed","On track")),IF(C57="DB Dev",IF(N57="","No target set",IF(AND(N57<TODAY(),P57=""),"Overdue","On track")),IF(C57="PBI Dev",IF(R57="","No target set",IF(AND(R57<TODAY(),T57=""),"Overdue","On track")),IF(C57="QA",IF(V57="","No target set",IF(AND(V57<TODAY(),X57=""),"Overdue","On track")),IF(C57="DPO Approval",IF(Z57="","No target set",IF(Z57<TODAY(),"Overdue","On track")),IF(C57="RELEASED IN PROD","Delivered",""))))))) -> On track | E57: 32 | K57: 46295 | L57: September | AF57: No | AH57: =IF($AF57="Yes",IF($AG57<>"","Blocked - needs "&$AG57&" to fix","Blocked at "&$C57),"") | AI57: =IF($B57="","",COUNTIF('Rework Log'!$A$3:$A$500,$B57)) -> 0 | AJ57: =IF(OR($B57="",$AR57=0),"",INDEX('Rework Log'!$C:$C,$AR57)) | AK57: =IF(OR($B57="",$AR57=0),"",INDEX('Rework Log'!$H:$H,$AR57)) | AL57: =IF(OR($B57="",$AR57=0),"",INDEX('Rework Log'!$G:$G,$AR57)) | AM57: =IF($B57="","",IF(Z57<>"","DPO Approval",IF(V57<>"","QA",IF(R57<>"","PBI Dev",IF(N57<>"","DB Dev","NOT STARTED"))))) -> NOT STARTED | AN57: =IF($B57="","",IF(IF($C57="NOT STARTED",0,IF($C57="DB Dev",1,IF($C57="PBI Dev",2,IF($C57="QA",3,IF($C57="DPO Approval",4,IF($C57="RELEASED IN PROD",5,-1))))))<IF($AM57="NOT STARTED",0,IF($AM57="DB Dev",1,IF($AM57="PBI Dev",2,IF($AM57="QA",3,IF($AM57="DPO Approval",4,IF($AM57="RELEASED IN PROD",5,-1)))))),"Yes - was already at "&$AM57&", now back at "&$C57,"No")) -> No | AO57: =IF($B57="","",IF(AND(V57<>"",N57<>"",V57<N57),"QA target is before DB Dev target",IF(AND(V57<>"",R57<>"",V57<R57),"QA target is before PBI Dev target",IF(AND(Z57<>"",V57<>"",Z57<V57),"DPO Approval target is before QA target",IF(AND(AC57<>"",Z57<>"",AC57<Z57),"Confirmed Deployed date is before DPO Approval target",""))))) | AP57: =IF($B57="","",IF(COUNTIF($B$2:$B$500,$B57)>1,"Duplicate name - check row","")) | AR57: =IF($B57="","",SUMPRODUCT(MAX(('Rework Log'!$A$3:$A$500=$B57)*ROW('Rework Log'!$A$3:$A$500)))) -> 0
A58: CMS | B58: RPT_02_High Bill Investigations | C58: NOT STARTED | D58: =IF($B58="","",IF(C58="NOT STARTED",IF(K58="","No plan date set",IF(K58<TODAY(),"Review - planned start passed","On track")),IF(C58="DB Dev",IF(N58="","No target set",IF(AND(N58<TODAY(),P58=""),"Overdue","On track")),IF(C58="PBI Dev",IF(R58="","No target set",IF(AND(R58<TODAY(),T58=""),"Overdue","On track")),IF(C58="QA",IF(V58="","No target set",IF(AND(V58<TODAY(),X58=""),"Overdue","On track")),IF(C58="DPO Approval",IF(Z58="","No target set",IF(Z58<TODAY(),"Overdue","On track")),IF(C58="RELEASED IN PROD","Delivered",""))))))) -> On track | E58: 33 | K58: 46295 | L58: September | AF58: No | AH58: =IF($AF58="Yes",IF($AG58<>"","Blocked - needs "&$AG58&" to fix","Blocked at "&$C58),"") | AI58: =IF($B58="","",COUNTIF('Rework Log'!$A$3:$A$500,$B58)) -> 0 | AJ58: =IF(OR($B58="",$AR58=0),"",INDEX('Rework Log'!$C:$C,$AR58)) | AK58: =IF(OR($B58="",$AR58=0),"",INDEX('Rework Log'!$H:$H,$AR58)) | AL58: =IF(OR($B58="",$AR58=0),"",INDEX('Rework Log'!$G:$G,$AR58)) | AM58: =IF($B58="","",IF(Z58<>"","DPO Approval",IF(V58<>"","QA",IF(R58<>"","PBI Dev",IF(N58<>"","DB Dev","NOT STARTED"))))) -> NOT STARTED | AN58: =IF($B58="","",IF(IF($C58="NOT STARTED",0,IF($C58="DB Dev",1,IF($C58="PBI Dev",2,IF($C58="QA",3,IF($C58="DPO Approval",4,IF($C58="RELEASED IN PROD",5,-1))))))<IF($AM58="NOT STARTED",0,IF($AM58="DB Dev",1,IF($AM58="PBI Dev",2,IF($AM58="QA",3,IF($AM58="DPO Approval",4,IF($AM58="RELEASED IN PROD",5,-1)))))),"Yes - was already at "&$AM58&", now back at "&$C58,"No")) -> No | AO58: =IF($B58="","",IF(AND(V58<>"",N58<>"",V58<N58),"QA target is before DB Dev target",IF(AND(V58<>"",R58<>"",V58<R58),"QA target is before PBI Dev target",IF(AND(Z58<>"",V58<>"",Z58<V58),"DPO Approval target is before QA target",IF(AND(AC58<>"",Z58<>"",AC58<Z58),"Confirmed Deployed date is before DPO Approval target",""))))) | AP58: =IF($B58="","",IF(COUNTIF($B$2:$B$500,$B58)>1,"Duplicate name - check row","")) | AR58: =IF($B58="","",SUMPRODUCT(MAX(('Rework Log'!$A$3:$A$500=$B58)*ROW('Rework Log'!$A$3:$A$500)))) -> 0
A59: CMS | B59: RPT_02_Emergency Order Type | C59: NOT STARTED | D59: =IF($B59="","",IF(C59="NOT STARTED",IF(K59="","No plan date set",IF(K59<TODAY(),"Review - planned start passed","On track")),IF(C59="DB Dev",IF(N59="","No target set",IF(AND(N59<TODAY(),P59=""),"Overdue","On track")),IF(C59="PBI Dev",IF(R59="","No target set",IF(AND(R59<TODAY(),T59=""),"Overdue","On track")),IF(C59="QA",IF(V59="","No target set",IF(AND(V59<TODAY(),X59=""),"Overdue","On track")),IF(C59="DPO Approval",IF(Z59="","No target set",IF(Z59<TODAY(),"Overdue","On track")),IF(C59="RELEASED IN PROD","Delivered",""))))))) -> On track | E59: 34 | K59: 46295 | L59: September | AF59: No | AH59: =IF($AF59="Yes",IF($AG59<>"","Blocked - needs "&$AG59&" to fix","Blocked at "&$C59),"") | AI59: =IF($B59="","",COUNTIF('Rework Log'!$A$3:$A$500,$B59)) -> 0 | AJ59: =IF(OR($B59="",$AR59=0),"",INDEX('Rework Log'!$C:$C,$AR59)) | AK59: =IF(OR($B59="",$AR59=0),"",INDEX('Rework Log'!$H:$H,$AR59)) | AL59: =IF(OR($B59="",$AR59=0),"",INDEX('Rework Log'!$G:$G,$AR59)) | AM59: =IF($B59="","",IF(Z59<>"","DPO Approval",IF(V59<>"","QA",IF(R59<>"","PBI Dev",IF(N59<>"","DB Dev","NOT STARTED"))))) -> NOT STARTED | AN59: =IF($B59="","",IF(IF($C59="NOT STARTED",0,IF($C59="DB Dev",1,IF($C59="PBI Dev",2,IF($C59="QA",3,IF($C59="DPO Approval",4,IF($C59="RELEASED IN PROD",5,-1))))))<IF($AM59="NOT STARTED",0,IF($AM59="DB Dev",1,IF($AM59="PBI Dev",2,IF($AM59="QA",3,IF($AM59="DPO Approval",4,IF($AM59="RELEASED IN PROD",5,-1)))))),"Yes - was already at "&$AM59&", now back at "&$C59,"No")) -> No | AO59: =IF($B59="","",IF(AND(V59<>"",N59<>"",V59<N59),"QA target is before DB Dev target",IF(AND(V59<>"",R59<>"",V59<R59),"QA target is before PBI Dev target",IF(AND(Z59<>"",V59<>"",Z59<V59),"DPO Approval target is before QA target",IF(AND(AC59<>"",Z59<>"",AC59<Z59),"Confirmed Deployed date is before DPO Approval target",""))))) | AP59: =IF($B59="","",IF(COUNTIF($B$2:$B$500,$B59)>1,"Duplicate name - check row","")) | AR59: =IF($B59="","",SUMPRODUCT(MAX(('Rework Log'!$A$3:$A$500=$B59)*ROW('Rework Log'!$A$3:$A$500)))) -> 0
A60: CMS | B60: RPT_02_Cut Out Curb Box | C60: NOT STARTED | D60: =IF($B60="","",IF(C60="NOT STARTED",IF(K60="","No plan date set",IF(K60<TODAY(),"Review - planned start passed","On track")),IF(C60="DB Dev",IF(N60="","No target set",IF(AND(N60<TODAY(),P60=""),"Overdue","On track")),IF(C60="PBI Dev",IF(R60="","No target set",IF(AND(R60<TODAY(),T60=""),"Overdue","On track")),IF(C60="QA",IF(V60="","No target set",IF(AND(V60<TODAY(),X60=""),"Overdue","On track")),IF(C60="DPO Approval",IF(Z60="","No target set",IF(Z60<TODAY(),"Overdue","On track")),IF(C60="RELEASED IN PROD","Delivered",""))))))) -> On track | E60: 35 | K60: 46295 | L60: September | AF60: No | AH60: =IF($AF60="Yes",IF($AG60<>"","Blocked - needs "&$AG60&" to fix","Blocked at "&$C60),"") | AI60: =IF($B60="","",COUNTIF('Rework Log'!$A$3:$A$500,$B60)) -> 0 | AJ60: =IF(OR($B60="",$AR60=0),"",INDEX('Rework Log'!$C:$C,$AR60)) | AK60: =IF(OR($B60="",$AR60=0),"",INDEX('Rework Log'!$H:$H,$AR60)) | AL60: =IF(OR($B60="",$AR60=0),"",INDEX('Rework Log'!$G:$G,$AR60)) | AM60: =IF($B60="","",IF(Z60<>"","DPO Approval",IF(V60<>"","QA",IF(R60<>"","PBI Dev",IF(N60<>"","DB Dev","NOT STARTED"))))) -> NOT STARTED | AN60: =IF($B60="","",IF(IF($C60="NOT STARTED",0,IF($C60="DB Dev",1,IF($C60="PBI Dev",2,IF($C60="QA",3,IF($C60="DPO Approval",4,IF($C60="RELEASED IN PROD",5,-1))))))<IF($AM60="NOT STARTED",0,IF($AM60="DB Dev",1,IF($AM60="PBI Dev",2,IF($AM60="QA",3,IF($AM60="DPO Approval",4,IF($AM60="RELEASED IN PROD",5,-1)))))),"Yes - was already at "&$AM60&", now back at "&$C60,"No")) -> No | AO60: =IF($B60="","",IF(AND(V60<>"",N60<>"",V60<N60),"QA target is before DB Dev target",IF(AND(V60<>"",R60<>"",V60<R60),"QA target is before PBI Dev target",IF(AND(Z60<>"",V60<>"",Z60<V60),"DPO Approval target is before QA target",IF(AND(AC60<>"",Z60<>"",AC60<Z60),"Confirmed Deployed date is before DPO Approval target",""))))) | AP60: =IF($B60="","",IF(COUNTIF($B$2:$B$500,$B60)>1,"Duplicate name - check row","")) | AR60: =IF($B60="","",SUMPRODUCT(MAX(('Rework Log'!$A$3:$A$500=$B60)*ROW('Rework Log'!$A$3:$A$500)))) -> 0
A61: CMS | B61: RPT_02_New York Incident | C61: NOT STARTED | D61: =IF($B61="","",IF(C61="NOT STARTED",IF(K61="","No plan date set",IF(K61<TODAY(),"Review - planned start passed","On track")),IF(C61="DB Dev",IF(N61="","No target set",IF(AND(N61<TODAY(),P61=""),"Overdue","On track")),IF(C61="PBI Dev",IF(R61="","No target set",IF(AND(R61<TODAY(),T61=""),"Overdue","On track")),IF(C61="QA",IF(V61="","No target set",IF(AND(V61<TODAY(),X61=""),"Overdue","On track")),IF(C61="DPO Approval",IF(Z61="","No target set",IF(Z61<TODAY(),"Overdue","On track")),IF(C61="RELEASED IN PROD","Delivered",""))))))) -> On track | E61: 36 | K61: 46295 | L61: September | AF61: No | AH61: =IF($AF61="Yes",IF($AG61<>"","Blocked - needs "&$AG61&" to fix","Blocked at "&$C61),"") | AI61: =IF($B61="","",COUNTIF('Rework Log'!$A$3:$A$500,$B61)) -> 0 | AJ61: =IF(OR($B61="",$AR61=0),"",INDEX('Rework Log'!$C:$C,$AR61)) | AK61: =IF(OR($B61="",$AR61=0),"",INDEX('Rework Log'!$H:$H,$AR61)) | AL61: =IF(OR($B61="",$AR61=0),"",INDEX('Rework Log'!$G:$G,$AR61)) | AM61: =IF($B61="","",IF(Z61<>"","DPO Approval",IF(V61<>"","QA",IF(R61<>"","PBI Dev",IF(N61<>"","DB Dev","NOT STARTED"))))) -> NOT STARTED | AN61: =IF($B61="","",IF(IF($C61="NOT STARTED",0,IF($C61="DB Dev",1,IF($C61="PBI Dev",2,IF($C61="QA",3,IF($C61="DPO Approval",4,IF($C61="RELEASED IN PROD",5,-1))))))<IF($AM61="NOT STARTED",0,IF($AM61="DB Dev",1,IF($AM61="PBI Dev",2,IF($AM61="QA",3,IF($AM61="DPO Approval",4,IF($AM61="RELEASED IN PROD",5,-1)))))),"Yes - was already at "&$AM61&", now back at "&$C61,"No")) -> No | AO61: =IF($B61="","",IF(AND(V61<>"",N61<>"",V61<N61),"QA target is before DB Dev target",IF(AND(V61<>"",R61<>"",V61<R61),"QA target is before PBI Dev target",IF(AND(Z61<>"",V61<>"",Z61<V61),"DPO Approval target is before QA target",IF(AND(AC61<>"",Z61<>"",AC61<Z61),"Confirmed Deployed date is before DPO Approval target",""))))) | AP61: =IF($B61="","",IF(COUNTIF($B$2:$B$500,$B61)>1,"Duplicate name - check row","")) | AR61: =IF($B61="","",SUMPRODUCT(MAX(('Rework Log'!$A$3:$A$500=$B61)*ROW('Rework Log'!$A$3:$A$500)))) -> 0
A62: CMS | B62: RPT_02_Outside Repeat Leaks | C62: NOT STARTED | D62: =IF($B62="","",IF(C62="NOT STARTED",IF(K62="","No plan date set",IF(K62<TODAY(),"Review - planned start passed","On track")),IF(C62="DB Dev",IF(N62="","No target set",IF(AND(N62<TODAY(),P62=""),"Overdue","On track")),IF(C62="PBI Dev",IF(R62="","No target set",IF(AND(R62<TODAY(),T62=""),"Overdue","On track")),IF(C62="QA",IF(V62="","No target set",IF(AND(V62<TODAY(),X62=""),"Overdue","On track")),IF(C62="DPO Approval",IF(Z62="","No target set",IF(Z62<TODAY(),"Overdue","On track")),IF(C62="RELEASED IN PROD","Delivered",""))))))) -> On track | E62: 37 | K62: 46295 | L62: September | AF62: No | AH62: =IF($AF62="Yes",IF($AG62<>"","Blocked - needs "&$AG62&" to fix","Blocked at "&$C62),"") | AI62: =IF($B62="","",COUNTIF('Rework Log'!$A$3:$A$500,$B62)) -> 0 | AJ62: =IF(OR($B62="",$AR62=0),"",INDEX('Rework Log'!$C:$C,$AR62)) | AK62: =IF(OR($B62="",$AR62=0),"",INDEX('Rework Log'!$H:$H,$AR62)) | AL62: =IF(OR($B62="",$AR62=0),"",INDEX('Rework Log'!$G:$G,$AR62)) | AM62: =IF($B62="","",IF(Z62<>"","DPO Approval",IF(V62<>"","QA",IF(R62<>"","PBI Dev",IF(N62<>"","DB Dev","NOT STARTED"))))) -> NOT STARTED | AN62: =IF($B62="","",IF(IF($C62="NOT STARTED",0,IF($C62="DB Dev",1,IF($C62="PBI Dev",2,IF($C62="QA",3,IF($C62="DPO Approval",4,IF($C62="RELEASED IN PROD",5,-1))))))<IF($AM62="NOT STARTED",0,IF($AM62="DB Dev",1,IF($AM62="PBI Dev",2,IF($AM62="QA",3,IF($AM62="DPO Approval",4,IF($AM62="RELEASED IN PROD",5,-1)))))),"Yes - was already at "&$AM62&", now back at "&$C62,"No")) -> No | AO62: =IF($B62="","",IF(AND(V62<>"",N62<>"",V62<N62),"QA target is before DB Dev target",IF(AND(V62<>"",R62<>"",V62<R62),"QA target is before PBI Dev target",IF(AND(Z62<>"",V62<>"",Z62<V62),"DPO Approval target is before QA target",IF(AND(AC62<>"",Z62<>"",AC62<Z62),"Confirmed Deployed date is before DPO Approval target",""))))) | AP62: =IF($B62="","",IF(COUNTIF($B$2:$B$500,$B62)>1,"Duplicate name - check row","")) | AR62: =IF($B62="","",SUMPRODUCT(MAX(('Rework Log'!$A$3:$A$500=$B62)*ROW('Rework Log'!$A$3:$A$500)))) -> 0
A63: CMS | B63: RPT_02_Meter Change | C63: NOT STARTED | D63: =IF($B63="","",IF(C63="NOT STARTED",IF(K63="","No plan date set",IF(K63<TODAY(),"Review - planned start passed","On track")),IF(C63="DB Dev",IF(N63="","No target set",IF(AND(N63<TODAY(),P63=""),"Overdue","On track")),IF(C63="PBI Dev",IF(R63="","No target set",IF(AND(R63<TODAY(),T63=""),"Overdue","On track")),IF(C63="QA",IF(V63="","No target set",IF(AND(V63<TODAY(),X63=""),"Overdue","On track")),IF(C63="DPO Approval",IF(Z63="","No target set",IF(Z63<TODAY(),"Overdue","On track")),IF(C63="RELEASED IN PROD","Delivered",""))))))) -> On track | E63: 38 | K63: 46295 | L63: September | AF63: No | AH63: =IF($AF63="Yes",IF($AG63<>"","Blocked - needs "&$AG63&" to fix","Blocked at "&$C63),"") | AI63: =IF($B63="","",COUNTIF('Rework Log'!$A$3:$A$500,$B63)) -> 0 | AJ63: =IF(OR($B63="",$AR63=0),"",INDEX('Rework Log'!$C:$C,$AR63)) | AK63: =IF(OR($B63="",$AR63=0),"",INDEX('Rework Log'!$H:$H,$AR63)) | AL63: =IF(OR($B63="",$AR63=0),"",INDEX('Rework Log'!$G:$G,$AR63)) | AM63: =IF($B63="","",IF(Z63<>"","DPO Approval",IF(V63<>"","QA",IF(R63<>"","PBI Dev",IF(N63<>"","DB Dev","NOT STARTED"))))) -> NOT STARTED | AN63: =IF($B63="","",IF(IF($C63="NOT STARTED",0,IF($C63="DB Dev",1,IF($C63="PBI Dev",2,IF($C63="QA",3,IF($C63="DPO Approval",4,IF($C63="RELEASED IN PROD",5,-1))))))<IF($AM63="NOT STARTED",0,IF($AM63="DB Dev",1,IF($AM63="PBI Dev",2,IF($AM63="QA",3,IF($AM63="DPO Approval",4,IF($AM63="RELEASED IN PROD",5,-1)))))),"Yes - was already at "&$AM63&", now back at "&$C63,"No")) -> No | AO63: =IF($B63="","",IF(AND(V63<>"",N63<>"",V63<N63),"QA target is before DB Dev target",IF(AND(V63<>"",R63<>"",V63<R63),"QA target is before PBI Dev target",IF(AND(Z63<>"",V63<>"",Z63<V63),"DPO Approval target is before QA target",IF(AND(AC63<>"",Z63<>"",AC63<Z63),"Confirmed Deployed date is before DPO Approval target",""))))) | AP63: =IF($B63="","",IF(COUNTIF($B$2:$B$500,$B63)>1,"Duplicate name - check row","")) | AR63: =IF($B63="","",SUMPRODUCT(MAX(('Rework Log'!$A$3:$A$500=$B63)*ROW('Rework Log'!$A$3:$A$500)))) -> 0
A64: CMS | B64: RPT_02_Field Order Value | C64: NOT STARTED | D64: =IF($B64="","",IF(C64="NOT STARTED",IF(K64="","No plan date set",IF(K64<TODAY(),"Review - planned start passed","On track")),IF(C64="DB Dev",IF(N64="","No target set",IF(AND(N64<TODAY(),P64=""),"Overdue","On track")),IF(C64="PBI Dev",IF(R64="","No target set",IF(AND(R64<TODAY(),T64=""),"Overdue","On track")),IF(C64="QA",IF(V64="","No target set",IF(AND(V64<TODAY(),X64=""),"Overdue","On track")),IF(C64="DPO Approval",IF(Z64="","No target set",IF(Z64<TODAY(),"Overdue","On track")),IF(C64="RELEASED IN PROD","Delivered",""))))))) -> On track | E64: 39 | K64: 46295 | L64: September | AF64: No | AH64: =IF($AF64="Yes",IF($AG64<>"","Blocked - needs "&$AG64&" to fix","Blocked at "&$C64),"") | AI64: =IF($B64="","",COUNTIF('Rework Log'!$A$3:$A$500,$B64)) -> 0 | AJ64: =IF(OR($B64="",$AR64=0),"",INDEX('Rework Log'!$C:$C,$AR64)) | AK64: =IF(OR($B64="",$AR64=0),"",INDEX('Rework Log'!$H:$H,$AR64)) | AL64: =IF(OR($B64="",$AR64=0),"",INDEX('Rework Log'!$G:$G,$AR64)) | AM64: =IF($B64="","",IF(Z64<>"","DPO Approval",IF(V64<>"","QA",IF(R64<>"","PBI Dev",IF(N64<>"","DB Dev","NOT STARTED"))))) -> NOT STARTED | AN64: =IF($B64="","",IF(IF($C64="NOT STARTED",0,IF($C64="DB Dev",1,IF($C64="PBI Dev",2,IF($C64="QA",3,IF($C64="DPO Approval",4,IF($C64="RELEASED IN PROD",5,-1))))))<IF($AM64="NOT STARTED",0,IF($AM64="DB Dev",1,IF($AM64="PBI Dev",2,IF($AM64="QA",3,IF($AM64="DPO Approval",4,IF($AM64="RELEASED IN PROD",5,-1)))))),"Yes - was already at "&$AM64&", now back at "&$C64,"No")) -> No | AO64: =IF($B64="","",IF(AND(V64<>"",N64<>"",V64<N64),"QA target is before DB Dev target",IF(AND(V64<>"",R64<>"",V64<R64),"QA target is before PBI Dev target",IF(AND(Z64<>"",V64<>"",Z64<V64),"DPO Approval target is before QA target",IF(AND(AC64<>"",Z64<>"",AC64<Z64),"Confirmed Deployed date is before DPO Approval target",""))))) | AP64: =IF($B64="","",IF(COUNTIF($B$2:$B$500,$B64)>1,"Duplicate name - check row","")) | AR64: =IF($B64="","",SUMPRODUCT(MAX(('Rework Log'!$A$3:$A$500=$B64)*ROW('Rework Log'!$A$3:$A$500)))) -> 0
A65: CMS | B65: RPT_02_Same Day Reconnect | C65: NOT STARTED | D65: =IF($B65="","",IF(C65="NOT STARTED",IF(K65="","No plan date set",IF(K65<TODAY(),"Review - planned start passed","On track")),IF(C65="DB Dev",IF(N65="","No target set",IF(AND(N65<TODAY(),P65=""),"Overdue","On track")),IF(C65="PBI Dev",IF(R65="","No target set",IF(AND(R65<TODAY(),T65=""),"Overdue","On track")),IF(C65="QA",IF(V65="","No target set",IF(AND(V65<TODAY(),X65=""),"Overdue","On track")),IF(C65="DPO Approval",IF(Z65="","No target set",IF(Z65<TODAY(),"Overdue","On track")),IF(C65="RELEASED IN PROD","Delivered",""))))))) -> On track | E65: 40 | K65: 46295 | L65: September | AF65: No | AH65: =IF($AF65="Yes",IF($AG65<>"","Blocked - needs "&$AG65&" to fix","Blocked at "&$C65),"") | AI65: =IF($B65="","",COUNTIF('Rework Log'!$A$3:$A$500,$B65)) -> 0 | AJ65: =IF(OR($B65="",$AR65=0),"",INDEX('Rework Log'!$C:$C,$AR65)) | AK65: =IF(OR($B65="",$AR65=0),"",INDEX('Rework Log'!$H:$H,$AR65)) | AL65: =IF(OR($B65="",$AR65=0),"",INDEX('Rework Log'!$G:$G,$AR65)) | AM65: =IF($B65="","",IF(Z65<>"","DPO Approval",IF(V65<>"","QA",IF(R65<>"","PBI Dev",IF(N65<>"","DB Dev","NOT STARTED"))))) -> NOT STARTED | AN65: =IF($B65="","",IF(IF($C65="NOT STARTED",0,IF($C65="DB Dev",1,IF($C65="PBI Dev",2,IF($C65="QA",3,IF($C65="DPO Approval",4,IF($C65="RELEASED IN PROD",5,-1))))))<IF($AM65="NOT STARTED",0,IF($AM65="DB Dev",1,IF($AM65="PBI Dev",2,IF($AM65="QA",3,IF($AM65="DPO Approval",4,IF($AM65="RELEASED IN PROD",5,-1)))))),"Yes - was already at "&$AM65&", now back at "&$C65,"No")) -> No | AO65: =IF($B65="","",IF(AND(V65<>"",N65<>"",V65<N65),"QA target is before DB Dev target",IF(AND(V65<>"",R65<>"",V65<R65),"QA target is before PBI Dev target",IF(AND(Z65<>"",V65<>"",Z65<V65),"DPO Approval target is before QA target",IF(AND(AC65<>"",Z65<>"",AC65<Z65),"Confirmed Deployed date is before DPO Approval target",""))))) | AP65: =IF($B65="","",IF(COUNTIF($B$2:$B$500,$B65)>1,"Duplicate name - check row","")) | AR65: =IF($B65="","",SUMPRODUCT(MAX(('Rework Log'!$A$3:$A$500=$B65)*ROW('Rework Log'!$A$3:$A$500)))) -> 0
A66: CMS | B66: RPT_02_Site Specific Analysis | C66: NOT STARTED | D66: =IF($B66="","",IF(C66="NOT STARTED",IF(K66="","No plan date set",IF(K66<TODAY(),"Review - planned start passed","On track")),IF(C66="DB Dev",IF(N66="","No target set",IF(AND(N66<TODAY(),P66=""),"Overdue","On track")),IF(C66="PBI Dev",IF(R66="","No target set",IF(AND(R66<TODAY(),T66=""),"Overdue","On track")),IF(C66="QA",IF(V66="","No target set",IF(AND(V66<TODAY(),X66=""),"Overdue","On track")),IF(C66="DPO Approval",IF(Z66="","No target set",IF(Z66<TODAY(),"Overdue","On track")),IF(C66="RELEASED IN PROD","Delivered",""))))))) -> On track | E66: 41 | K66: 46295 | L66: September | AF66: No | AH66: =IF($AF66="Yes",IF($AG66<>"","Blocked - needs "&$AG66&" to fix","Blocked at "&$C66),"") | AI66: =IF($B66="","",COUNTIF('Rework Log'!$A$3:$A$500,$B66)) -> 0 | AJ66: =IF(OR($B66="",$AR66=0),"",INDEX('Rework Log'!$C:$C,$AR66)) | AK66: =IF(OR($B66="",$AR66=0),"",INDEX('Rework Log'!$H:$H,$AR66)) | AL66: =IF(OR($B66="",$AR66=0),"",INDEX('Rework Log'!$G:$G,$AR66)) | AM66: =IF($B66="","",IF(Z66<>"","DPO Approval",IF(V66<>"","QA",IF(R66<>"","PBI Dev",IF(N66<>"","DB Dev","NOT STARTED"))))) -> NOT STARTED | AN66: =IF($B66="","",IF(IF($C66="NOT STARTED",0,IF($C66="DB Dev",1,IF($C66="PBI Dev",2,IF($C66="QA",3,IF($C66="DPO Approval",4,IF($C66="RELEASED IN PROD",5,-1))))))<IF($AM66="NOT STARTED",0,IF($AM66="DB Dev",1,IF($AM66="PBI Dev",2,IF($AM66="QA",3,IF($AM66="DPO Approval",4,IF($AM66="RELEASED IN PROD",5,-1)))))),"Yes - was already at "&$AM66&", now back at "&$C66,"No")) -> No | AO66: =IF($B66="","",IF(AND(V66<>"",N66<>"",V66<N66),"QA target is before DB Dev target",IF(AND(V66<>"",R66<>"",V66<R66),"QA target is before PBI Dev target",IF(AND(Z66<>"",V66<>"",Z66<V66),"DPO Approval target is before QA target",IF(AND(AC66<>"",Z66<>"",AC66<Z66),"Confirmed Deployed date is before DPO Approval target",""))))) | AP66: =IF($B66="","",IF(COUNTIF($B$2:$B$500,$B66)>1,"Duplicate name - check row","")) | AR66: =IF($B66="","",SUMPRODUCT(MAX(('Rework Log'!$A$3:$A$500=$B66)*ROW('Rework Log'!$A$3:$A$500)))) -> 0
... A73: Leaks | B73: RPT_04_Leak Recheck Times | C73: NOT STARTED | D73: =IF($B73="","",IF(C73="NOT STARTED",IF(K73="","No plan date set",IF(K73<TODAY(),"Review - planned start passed","On track")),IF(C73="DB Dev",IF(N73="","No target set",IF(AND(N73<TODAY(),P73=""),"Overdue","On track")),IF(C73="PBI Dev",IF(R73="","No target set",IF(AND(R73<TODAY(),T73=""),"Overdue","On track")),IF(C73="QA",IF(V73="","No target set",IF(AND(V73<TODAY(),X73=""),"Overdue","On track")),IF(C73="DPO Approval",IF(Z73="","No target set",IF(Z73<TODAY(),"Overdue","On track")),IF(C73="RELEASED IN PROD","Delivered",""))))))) -> On track | E73: 48 | K73: 46295 | L73: September | AF73: No | AH73: =IF($AF73="Yes",IF($AG73<>"","Blocked - needs "&$AG73&" to fix","Blocked at "&$C73),"") | AI73: =IF($B73="","",COUNTIF('Rework Log'!$A$3:$A$500,$B73)) -> 0 | AJ73: =IF(OR($B73="",$AR73=0),"",INDEX('Rework Log'!$C:$C,$AR73)) | AK73: =IF(OR($B73="",$AR73=0),"",INDEX('Rework Log'!$H:$H,$AR73)) | AL73: =IF(OR($B73="",$AR73=0),"",INDEX('Rework Log'!$G:$G,$AR73)) | AM73: =IF($B73="","",IF(Z73<>"","DPO Approval",IF(V73<>"","QA",IF(R73<>"","PBI Dev",IF(N73<>"","DB Dev","NOT STARTED"))))) -> NOT STARTED | AN73: =IF($B73="","",IF(IF($C73="NOT STARTED",0,IF($C73="DB Dev",1,IF($C73="PBI Dev",2,IF($C73="QA",3,IF($C73="DPO Approval",4,IF($C73="RELEASED IN PROD",5,-1))))))<IF($AM73="NOT STARTED",0,IF($AM73="DB Dev",1,IF($AM73="PBI Dev",2,IF($AM73="QA",3,IF($AM73="DPO Approval",4,IF($AM73="RELEASED IN PROD",5,-1)))))),"Yes - was already at "&$AM73&", now back at "&$C73,"No")) -> No | AO73: =IF($B73="","",IF(AND(V73<>"",N73<>"",V73<N73),"QA target is before DB Dev target",IF(AND(V73<>"",R73<>"",V73<R73),"QA target is before PBI Dev target",IF(AND(Z73<>"",V73<>"",Z73<V73),"DPO Approval target is before QA target",IF(AND(AC73<>"",Z73<>"",AC73<Z73),"Confirmed Deployed date is before DPO Approval target",""))))) | AP73: =IF($B73="","",IF(COUNTIF($B$2:$B$500,$B73)>1,"Duplicate name - check row","")) | AR73: =IF($B73="","",SUMPRODUCT(MAX(('Rework Log'!$A$3:$A$500=$B73)*ROW('Rework Log'!$A$3:$A$500)))) -> 0
D74: =IF($B74="","",IF(C74="NOT STARTED",IF(K74="","No plan date set",IF(K74<TODAY(),"Review - planned start passed","On track")),IF(C74="DB Dev",IF(N74="","No target set",IF(AND(N74<TODAY(),P74=""),"Overdue","On track")),IF(C74="PBI Dev",IF(R74="","No target set",IF(AND(R74<TODAY(),T74=""),"Overdue","On track")),IF(C74="QA",IF(V74="","No target set",IF(AND(V74<TODAY(),X74=""),"Overdue","On track")),IF(C74="DPO Approval",IF(Z74="","No target set",IF(Z74<TODAY(),"Overdue","On track")),IF(C74="RELEASED IN PROD","Delivered",""))))))) | AH74: =IF($AF74="Yes",IF($AG74<>"","Blocked - needs "&$AG74&" to fix","Blocked at "&$C74),"") | AI74: =IF($B74="","",COUNTIF('Rework Log'!$A$3:$A$500,$B74)) | AJ74: =IF(OR($B74="",$AR74=0),"",INDEX('Rework Log'!$C:$C,$AR74)) | AK74: =IF(OR($B74="",$AR74=0),"",INDEX('Rework Log'!$H:$H,$AR74)) | AL74: =IF(OR($B74="",$AR74=0),"",INDEX('Rework Log'!$G:$G,$AR74)) | AM74: =IF($B74="","",IF(Z74<>"","DPO Approval",IF(V74<>"","QA",IF(R74<>"","PBI Dev",IF(N74<>"","DB Dev","NOT STARTED"))))) | AN74: =IF($B74="","",IF(IF($C74="NOT STARTED",0,IF($C74="DB Dev",1,IF($C74="PBI Dev",2,IF($C74="QA",3,IF($C74="DPO Approval",4,IF($C74="RELEASED IN PROD",5,-1))))))<IF($AM74="NOT STARTED",0,IF($AM74="DB Dev",1,IF($AM74="PBI Dev",2,IF($AM74="QA",3,IF($AM74="DPO Approval",4,IF($AM74="RELEASED IN PROD",5,-1)))))),"Yes - was already at "&$AM74&", now back at "&$C74,"No")) | AO74: =IF($B74="","",IF(AND(V74<>"",N74<>"",V74<N74),"QA target is before DB Dev target",IF(AND(V74<>"",R74<>"",V74<R74),"QA target is before PBI Dev target",IF(AND(Z74<>"",V74<>"",Z74<V74),"DPO Approval target is before QA target",IF(AND(AC74<>"",Z74<>"",AC74<Z74),"Confirmed Deployed date is before DPO Approval target",""))))) | AP74: =IF($B74="","",IF(COUNTIF($B$2:$B$500,$B74)>1,"Duplicate name - check row","")) | AR74: =IF($B74="","",SUMPRODUCT(MAX(('Rework Log'!$A$3:$A$500=$B74)*ROW('Rework Log'!$A$3:$A$500))))
D75: =IF($B75="","",IF(C75="NOT STARTED",IF(K75="","No plan date set",IF(K75<TODAY(),"Review - planned start passed","On track")),IF(C75="DB Dev",IF(N75="","No target set",IF(AND(N75<TODAY(),P75=""),"Overdue","On track")),IF(C75="PBI Dev",IF(R75="","No target set",IF(AND(R75<TODAY(),T75=""),"Overdue","On track")),IF(C75="QA",IF(V75="","No target set",IF(AND(V75<TODAY(),X75=""),"Overdue","On track")),IF(C75="DPO Approval",IF(Z75="","No target set",IF(Z75<TODAY(),"Overdue","On track")),IF(C75="RELEASED IN PROD","Delivered",""))))))) | AH75: =IF($AF75="Yes",IF($AG75<>"","Blocked - needs "&$AG75&" to fix","Blocked at "&$C75),"") | AI75: =IF($B75="","",COUNTIF('Rework Log'!$A$3:$A$500,$B75)) | AJ75: =IF(OR($B75="",$AR75=0),"",INDEX('Rework Log'!$C:$C,$AR75)) | AK75: =IF(OR($B75="",$AR75=0),"",INDEX('Rework Log'!$H:$H,$AR75)) | AL75: =IF(OR($B75="",$AR75=0),"",INDEX('Rework Log'!$G:$G,$AR75)) | AM75: =IF($B75="","",IF(Z75<>"","DPO Approval",IF(V75<>"","QA",IF(R75<>"","PBI Dev",IF(N75<>"","DB Dev","NOT STARTED"))))) | AN75: =IF($B75="","",IF(IF($C75="NOT STARTED",0,IF($C75="DB Dev",1,IF($C75="PBI Dev",2,IF($C75="QA",3,IF($C75="DPO Approval",4,IF($C75="RELEASED IN PROD",5,-1))))))<IF($AM75="NOT STARTED",0,IF($AM75="DB Dev",1,IF($AM75="PBI Dev",2,IF($AM75="QA",3,IF($AM75="DPO Approval",4,IF($AM75="RELEASED IN PROD",5,-1)))))),"Yes - was already at "&$AM75&", now back at "&$C75,"No")) | AO75: =IF($B75="","",IF(AND(V75<>"",N75<>"",V75<N75),"QA target is before DB Dev target",IF(AND(V75<>"",R75<>"",V75<R75),"QA target is before PBI Dev target",IF(AND(Z75<>"",V75<>"",Z75<V75),"DPO Approval target is before QA target",IF(AND(AC75<>"",Z75<>"",AC75<Z75),"Confirmed Deployed date is before DPO Approval target",""))))) | AP75: =IF($B75="","",IF(COUNTIF($B$2:$B$500,$B75)>1,"Duplicate name - check row","")) | AR75: =IF($B75="","",SUMPRODUCT(MAX(('Rework Log'!$A$3:$A$500=$B75)*ROW('Rework Log'!$A$3:$A$500))))
D76: =IF($B76="","",IF(C76="NOT STARTED",IF(K76="","No plan date set",IF(K76<TODAY(),"Review - planned start passed","On track")),IF(C76="DB Dev",IF(N76="","No target set",IF(AND(N76<TODAY(),P76=""),"Overdue","On track")),IF(C76="PBI Dev",IF(R76="","No target set",IF(AND(R76<TODAY(),T76=""),"Overdue","On track")),IF(C76="QA",IF(V76="","No target set",IF(AND(V76<TODAY(),X76=""),"Overdue","On track")),IF(C76="DPO Approval",IF(Z76="","No target set",IF(Z76<TODAY(),"Overdue","On track")),IF(C76="RELEASED IN PROD","Delivered",""))))))) | AH76: =IF($AF76="Yes",IF($AG76<>"","Blocked - needs "&$AG76&" to fix","Blocked at "&$C76),"") | AI76: =IF($B76="","",COUNTIF('Rework Log'!$A$3:$A$500,$B76)) | AJ76: =IF(OR($B76="",$AR76=0),"",INDEX('Rework Log'!$C:$C,$AR76)) | AK76: =IF(OR($B76="",$AR76=0),"",INDEX('Rework Log'!$H:$H,$AR76)) | AL76: =IF(OR($B76="",$AR76=0),"",INDEX('Rework Log'!$G:$G,$AR76)) | AM76: =IF($B76="","",IF(Z76<>"","DPO Approval",IF(V76<>"","QA",IF(R76<>"","PBI Dev",IF(N76<>"","DB Dev","NOT STARTED"))))) | AN76: =IF($B76="","",IF(IF($C76="NOT STARTED",0,IF($C76="DB Dev",1,IF($C76="PBI Dev",2,IF($C76="QA",3,IF($C76="DPO Approval",4,IF($C76="RELEASED IN PROD",5,-1))))))<IF($AM76="NOT STARTED",0,IF($AM76="DB Dev",1,IF($AM76="PBI Dev",2,IF($AM76="QA",3,IF($AM76="DPO Approval",4,IF($AM76="RELEASED IN PROD",5,-1)))))),"Yes - was already at "&$AM76&", now back at "&$C76,"No")) | AO76: =IF($B76="","",IF(AND(V76<>"",N76<>"",V76<N76),"QA target is before DB Dev target",IF(AND(V76<>"",R76<>"",V76<R76),"QA target is before PBI Dev target",IF(AND(Z76<>"",V76<>"",Z76<V76),"DPO Approval target is before QA target",IF(AND(AC76<>"",Z76<>"",AC76<Z76),"Confirmed Deployed date is before DPO Approval target",""))))) | AP76: =IF($B76="","",IF(COUNTIF($B$2:$B$500,$B76)>1,"Duplicate name - check row","")) | AR76: =IF($B76="","",SUMPRODUCT(MAX(('Rework Log'!$A$3:$A$500=$B76)*ROW('Rework Log'!$A$3:$A$500))))
D77: =IF($B77="","",IF(C77="NOT STARTED",IF(K77="","No plan date set",IF(K77<TODAY(),"Review - planned start passed","On track")),IF(C77="DB Dev",IF(N77="","No target set",IF(AND(N77<TODAY(),P77=""),"Overdue","On track")),IF(C77="PBI Dev",IF(R77="","No target set",IF(AND(R77<TODAY(),T77=""),"Overdue","On track")),IF(C77="QA",IF(V77="","No target set",IF(AND(V77<TODAY(),X77=""),"Overdue","On track")),IF(C77="DPO Approval",IF(Z77="","No target set",IF(Z77<TODAY(),"Overdue","On track")),IF(C77="RELEASED IN PROD","Delivered",""))))))) | AH77: =IF($AF77="Yes",IF($AG77<>"","Blocked - needs "&$AG77&" to fix","Blocked at "&$C77),"") | AI77: =IF($B77="","",COUNTIF('Rework Log'!$A$3:$A$500,$B77)) | AJ77: =IF(OR($B77="",$AR77=0),"",INDEX('Rework Log'!$C:$C,$AR77)) | AK77: =IF(OR($B77="",$AR77=0),"",INDEX('Rework Log'!$H:$H,$AR77)) | AL77: =IF(OR($B77="",$AR77=0),"",INDEX('Rework Log'!$G:$G,$AR77)) | AM77: =IF($B77="","",IF(Z77<>"","DPO Approval",IF(V77<>"","QA",IF(R77<>"","PBI Dev",IF(N77<>"","DB Dev","NOT STARTED"))))) | AN77: =IF($B77="","",IF(IF($C77="NOT STARTED",0,IF($C77="DB Dev",1,IF($C77="PBI Dev",2,IF($C77="QA",3,IF($C77="DPO Approval",4,IF($C77="RELEASED IN PROD",5,-1))))))<IF($AM77="NOT STARTED",0,IF($AM77="DB Dev",1,IF($AM77="PBI Dev",2,IF($AM77="QA",3,IF($AM77="DPO Approval",4,IF($AM77="RELEASED IN PROD",5,-1)))))),"Yes - was already at "&$AM77&", now back at "&$C77,"No")) | AO77: =IF($B77="","",IF(AND(V77<>"",N77<>"",V77<N77),"QA target is before DB Dev target",IF(AND(V77<>"",R77<>"",V77<R77),"QA target is before PBI Dev target",IF(AND(Z77<>"",V77<>"",Z77<V77),"DPO Approval target is before QA target",IF(AND(AC77<>"",Z77<>"",AC77<Z77),"Confirmed Deployed date is before DPO Approval target",""))))) | AP77: =IF($B77="","",IF(COUNTIF($B$2:$B$500,$B77)>1,"Duplicate name - check row","")) | AR77: =IF($B77="","",SUMPRODUCT(MAX(('Rework Log'!$A$3:$A$500=$B77)*ROW('Rework Log'!$A$3:$A$500))))
D78: =IF($B78="","",IF(C78="NOT STARTED",IF(K78="","No plan date set",IF(K78<TODAY(),"Review - planned start passed","On track")),IF(C78="DB Dev",IF(N78="","No target set",IF(AND(N78<TODAY(),P78=""),"Overdue","On track")),IF(C78="PBI Dev",IF(R78="","No target set",IF(AND(R78<TODAY(),T78=""),"Overdue","On track")),IF(C78="QA",IF(V78="","No target set",IF(AND(V78<TODAY(),X78=""),"Overdue","On track")),IF(C78="DPO Approval",IF(Z78="","No target set",IF(Z78<TODAY(),"Overdue","On track")),IF(C78="RELEASED IN PROD","Delivered",""))))))) | AH78: =IF($AF78="Yes",IF($AG78<>"","Blocked - needs "&$AG78&" to fix","Blocked at "&$C78),"") | AI78: =IF($B78="","",COUNTIF('Rework Log'!$A$3:$A$500,$B78)) | AJ78: =IF(OR($B78="",$AR78=0),"",INDEX('Rework Log'!$C:$C,$AR78)) | AK78: =IF(OR($B78="",$AR78=0),"",INDEX('Rework Log'!$H:$H,$AR78)) | AL78: =IF(OR($B78="",$AR78=0),"",INDEX('Rework Log'!$G:$G,$AR78)) | AM78: =IF($B78="","",IF(Z78<>"","DPO Approval",IF(V78<>"","QA",IF(R78<>"","PBI Dev",IF(N78<>"","DB Dev","NOT STARTED"))))) | AN78: =IF($B78="","",IF(IF($C78="NOT STARTED",0,IF($C78="DB Dev",1,IF($C78="PBI Dev",2,IF($C78="QA",3,IF($C78="DPO Approval",4,IF($C78="RELEASED IN PROD",5,-1))))))<IF($AM78="NOT STARTED",0,IF($AM78="DB Dev",1,IF($AM78="PBI Dev",2,IF($AM78="QA",3,IF($AM78="DPO Approval",4,IF($AM78="RELEASED IN PROD",5,-1)))))),"Yes - was already at "&$AM78&", now back at "&$C78,"No")) | AO78: =IF($B78="","",IF(AND(V78<>"",N78<>"",V78<N78),"QA target is before DB Dev target",IF(AND(V78<>"",R78<>"",V78<R78),"QA target is before PBI Dev target",IF(AND(Z78<>"",V78<>"",Z78<V78),"DPO Approval target is before QA target",IF(AND(AC78<>"",Z78<>"",AC78<Z78),"Confirmed Deployed date is before DPO Approval target",""))))) | AP78: =IF($B78="","",IF(COUNTIF($B$2:$B$500,$B78)>1,"Duplicate name - check row","")) | AR78: =IF($B78="","",SUMPRODUCT(MAX(('Rework Log'!$A$3:$A$500=$B78)*ROW('Rework Log'!$A$3:$A$500))))
D79: =IF($B79="","",IF(C79="NOT STARTED",IF(K79="","No plan date set",IF(K79<TODAY(),"Review - planned start passed","On track")),IF(C79="DB Dev",IF(N79="","No target set",IF(AND(N79<TODAY(),P79=""),"Overdue","On track")),IF(C79="PBI Dev",IF(R79="","No target set",IF(AND(R79<TODAY(),T79=""),"Overdue","On track")),IF(C79="QA",IF(V79="","No target set",IF(AND(V79<TODAY(),X79=""),"Overdue","On track")),IF(C79="DPO Approval",IF(Z79="","No target set",IF(Z79<TODAY(),"Overdue","On track")),IF(C79="RELEASED IN PROD","Delivered",""))))))) | AH79: =IF($AF79="Yes",IF($AG79<>"","Blocked - needs "&$AG79&" to fix","Blocked at "&$C79),"") | AI79: =IF($B79="","",COUNTIF('Rework Log'!$A$3:$A$500,$B79)) | AJ79: =IF(OR($B79="",$AR79=0),"",INDEX('Rework Log'!$C:$C,$AR79)) | AK79: =IF(OR($B79="",$AR79=0),"",INDEX('Rework Log'!$H:$H,$AR79)) | AL79: =IF(OR($B79="",$AR79=0),"",INDEX('Rework Log'!$G:$G,$AR79)) | AM79: =IF($B79="","",IF(Z79<>"","DPO Approval",IF(V79<>"","QA",IF(R79<>"","PBI Dev",IF(N79<>"","DB Dev","NOT STARTED"))))) | AN79: =IF($B79="","",IF(IF($C79="NOT STARTED",0,IF($C79="DB Dev",1,IF($C79="PBI Dev",2,IF($C79="QA",3,IF($C79="DPO Approval",4,IF($C79="RELEASED IN PROD",5,-1))))))<IF($AM79="NOT STARTED",0,IF($AM79="DB Dev",1,IF($AM79="PBI Dev",2,IF($AM79="QA",3,IF($AM79="DPO Approval",4,IF($AM79="RELEASED IN PROD",5,-1)))))),"Yes - was already at "&$AM79&", now back at "&$C79,"No")) | AO79: =IF($B79="","",IF(AND(V79<>"",N79<>"",V79<N79),"QA target is before DB Dev target",IF(AND(V79<>"",R79<>"",V79<R79),"QA target is before PBI Dev target",IF(AND(Z79<>"",V79<>"",Z79<V79),"DPO Approval target is before QA target",IF(AND(AC79<>"",Z79<>"",AC79<Z79),"Confirmed Deployed date is before DPO Approval target",""))))) | AP79: =IF($B79="","",IF(COUNTIF($B$2:$B$500,$B79)>1,"Duplicate name - check row","")) | AR79: =IF($B79="","",SUMPRODUCT(MAX(('Rework Log'!$A$3:$A$500=$B79)*ROW('Rework Log'!$A$3:$A$500))))
D80: =IF($B80="","",IF(C80="NOT STARTED",IF(K80="","No plan date set",IF(K80<TODAY(),"Review - planned start passed","On track")),IF(C80="DB Dev",IF(N80="","No target set",IF(AND(N80<TODAY(),P80=""),"Overdue","On track")),IF(C80="PBI Dev",IF(R80="","No target set",IF(AND(R80<TODAY(),T80=""),"Overdue","On track")),IF(C80="QA",IF(V80="","No target set",IF(AND(V80<TODAY(),X80=""),"Overdue","On track")),IF(C80="DPO Approval",IF(Z80="","No target set",IF(Z80<TODAY(),"Overdue","On track")),IF(C80="RELEASED IN PROD","Delivered",""))))))) | AH80: =IF($AF80="Yes",IF($AG80<>"","Blocked - needs "&$AG80&" to fix","Blocked at "&$C80),"") | AI80: =IF($B80="","",COUNTIF('Rework Log'!$A$3:$A$500,$B80)) | AJ80: =IF(OR($B80="",$AR80=0),"",INDEX('Rework Log'!$C:$C,$AR80)) | AK80: =IF(OR($B80="",$AR80=0),"",INDEX('Rework Log'!$H:$H,$AR80)) | AL80: =IF(OR($B80="",$AR80=0),"",INDEX('Rework Log'!$G:$G,$AR80)) | AM80: =IF($B80="","",IF(Z80<>"","DPO Approval",IF(V80<>"","QA",IF(R80<>"","PBI Dev",IF(N80<>"","DB Dev","NOT STARTED"))))) | AN80: =IF($B80="","",IF(IF($C80="NOT STARTED",0,IF($C80="DB Dev",1,IF($C80="PBI Dev",2,IF($C80="QA",3,IF($C80="DPO Approval",4,IF($C80="RELEASED IN PROD",5,-1))))))<IF($AM80="NOT STARTED",0,IF($AM80="DB Dev",1,IF($AM80="PBI Dev",2,IF($AM80="QA",3,IF($AM80="DPO Approval",4,IF($AM80="RELEASED IN PROD",5,-1)))))),"Yes - was already at "&$AM80&", now back at "&$C80,"No")) | AO80: =IF($B80="","",IF(AND(V80<>"",N80<>"",V80<N80),"QA target is before DB Dev target",IF(AND(V80<>"",R80<>"",V80<R80),"QA target is before PBI Dev target",IF(AND(Z80<>"",V80<>"",Z80<V80),"DPO Approval target is before QA target",IF(AND(AC80<>"",Z80<>"",AC80<Z80),"Confirmed Deployed date is before DPO Approval target",""))))) | AP80: =IF($B80="","",IF(COUNTIF($B$2:$B$500,$B80)>1,"Duplicate name - check row","")) | AR80: =IF($B80="","",SUMPRODUCT(MAX(('Rework Log'!$A$3:$A$500=$B80)*ROW('Rework Log'!$A$3:$A$500))))
D81: =IF($B81="","",IF(C81="NOT STARTED",IF(K81="","No plan date set",IF(K81<TODAY(),"Review - planned start passed","On track")),IF(C81="DB Dev",IF(N81="","No target set",IF(AND(N81<TODAY(),P81=""),"Overdue","On track")),IF(C81="PBI Dev",IF(R81="","No target set",IF(AND(R81<TODAY(),T81=""),"Overdue","On track")),IF(C81="QA",IF(V81="","No target set",IF(AND(V81<TODAY(),X81=""),"Overdue","On track")),IF(C81="DPO Approval",IF(Z81="","No target set",IF(Z81<TODAY(),"Overdue","On track")),IF(C81="RELEASED IN PROD","Delivered",""))))))) | AH81: =IF($AF81="Yes",IF($AG81<>"","Blocked - needs "&$AG81&" to fix","Blocked at "&$C81),"") | AI81: =IF($B81="","",COUNTIF('Rework Log'!$A$3:$A$500,$B81)) | AJ81: =IF(OR($B81="",$AR81=0),"",INDEX('Rework Log'!$C:$C,$AR81)) | AK81: =IF(OR($B81="",$AR81=0),"",INDEX('Rework Log'!$H:$H,$AR81)) | AL81: =IF(OR($B81="",$AR81=0),"",INDEX('Rework Log'!$G:$G,$AR81)) | AM81: =IF($B81="","",IF(Z81<>"","DPO Approval",IF(V81<>"","QA",IF(R81<>"","PBI Dev",IF(N81<>"","DB Dev","NOT STARTED"))))) | AN81: =IF($B81="","",IF(IF($C81="NOT STARTED",0,IF($C81="DB Dev",1,IF($C81="PBI Dev",2,IF($C81="QA",3,IF($C81="DPO Approval",4,IF($C81="RELEASED IN PROD",5,-1))))))<IF($AM81="NOT STARTED",0,IF($AM81="DB Dev",1,IF($AM81="PBI Dev",2,IF($AM81="QA",3,IF($AM81="DPO Approval",4,IF($AM81="RELEASED IN PROD",5,-1)))))),"Yes - was already at "&$AM81&", now back at "&$C81,"No")) | AO81: =IF($B81="","",IF(AND(V81<>"",N81<>"",V81<N81),"QA target is before DB Dev target",IF(AND(V81<>"",R81<>"",V81<R81),"QA target is before PBI Dev target",IF(AND(Z81<>"",V81<>"",Z81<V81),"DPO Approval target is before QA target",IF(AND(AC81<>"",Z81<>"",AC81<Z81),"Confirmed Deployed date is before DPO Approval target",""))))) | AP81: =IF($B81="","",IF(COUNTIF($B$2:$B$500,$B81)>1,"Duplicate name - check row","")) | AR81: =IF($B81="","",SUMPRODUCT(MAX(('Rework Log'!$A$3:$A$500=$B81)*ROW('Rework Log'!$A$3:$A$500))))
D82: =IF($B82="","",IF(C82="NOT STARTED",IF(K82="","No plan date set",IF(K82<TODAY(),"Review - planned start passed","On track")),IF(C82="DB Dev",IF(N82="","No target set",IF(AND(N82<TODAY(),P82=""),"Overdue","On track")),IF(C82="PBI Dev",IF(R82="","No target set",IF(AND(R82<TODAY(),T82=""),"Overdue","On track")),IF(C82="QA",IF(V82="","No target set",IF(AND(V82<TODAY(),X82=""),"Overdue","On track")),IF(C82="DPO Approval",IF(Z82="","No target set",IF(Z82<TODAY(),"Overdue","On track")),IF(C82="RELEASED IN PROD","Delivered",""))))))) | AH82: =IF($AF82="Yes",IF($AG82<>"","Blocked - needs "&$AG82&" to fix","Blocked at "&$C82),"") | AI82: =IF($B82="","",COUNTIF('Rework Log'!$A$3:$A$500,$B82)) | AJ82: =IF(OR($B82="",$AR82=0),"",INDEX('Rework Log'!$C:$C,$AR82)) | AK82: =IF(OR($B82="",$AR82=0),"",INDEX('Rework Log'!$H:$H,$AR82)) | AL82: =IF(OR($B82="",$AR82=0),"",INDEX('Rework Log'!$G:$G,$AR82)) | AM82: =IF($B82="","",IF(Z82<>"","DPO Approval",IF(V82<>"","QA",IF(R82<>"","PBI Dev",IF(N82<>"","DB Dev","NOT STARTED"))))) | AN82: =IF($B82="","",IF(IF($C82="NOT STARTED",0,IF($C82="DB Dev",1,IF($C82="PBI Dev",2,IF($C82="QA",3,IF($C82="DPO Approval",4,IF($C82="RELEASED IN PROD",5,-1))))))<IF($AM82="NOT STARTED",0,IF($AM82="DB Dev",1,IF($AM82="PBI Dev",2,IF($AM82="QA",3,IF($AM82="DPO Approval",4,IF($AM82="RELEASED IN PROD",5,-1)))))),"Yes - was already at "&$AM82&", now back at "&$C82,"No")) | AO82: =IF($B82="","",IF(AND(V82<>"",N82<>"",V82<N82),"QA target is before DB Dev target",IF(AND(V82<>"",R82<>"",V82<R82),"QA target is before PBI Dev target",IF(AND(Z82<>"",V82<>"",Z82<V82),"DPO Approval target is before QA target",IF(AND(AC82<>"",Z82<>"",AC82<Z82),"Confirmed Deployed date is before DPO Approval target",""))))) | AP82: =IF($B82="","",IF(COUNTIF($B$2:$B$500,$B82)>1,"Duplicate name - check row","")) | AR82: =IF($B82="","",SUMPRODUCT(MAX(('Rework Log'!$A$3:$A$500=$B82)*ROW('Rework Log'!$A$3:$A$500))))
D83: =IF($B83="","",IF(C83="NOT STARTED",IF(K83="","No plan date set",IF(K83<TODAY(),"Review - planned start passed","On track")),IF(C83="DB Dev",IF(N83="","No target set",IF(AND(N83<TODAY(),P83=""),"Overdue","On track")),IF(C83="PBI Dev",IF(R83="","No target set",IF(AND(R83<TODAY(),T83=""),"Overdue","On track")),IF(C83="QA",IF(V83="","No target set",IF(AND(V83<TODAY(),X83=""),"Overdue","On track")),IF(C83="DPO Approval",IF(Z83="","No target set",IF(Z83<TODAY(),"Overdue","On track")),IF(C83="RELEASED IN PROD","Delivered",""))))))) | AH83: =IF($AF83="Yes",IF($AG83<>"","Blocked - needs "&$AG83&" to fix","Blocked at "&$C83),"") | AI83: =IF($B83="","",COUNTIF('Rework Log'!$A$3:$A$500,$B83)) | AJ83: =IF(OR($B83="",$AR83=0),"",INDEX('Rework Log'!$C:$C,$AR83)) | AK83: =IF(OR($B83="",$AR83=0),"",INDEX('Rework Log'!$H:$H,$AR83)) | AL83: =IF(OR($B83="",$AR83=0),"",INDEX('Rework Log'!$G:$G,$AR83)) | AM83: =IF($B83="","",IF(Z83<>"","DPO Approval",IF(V83<>"","QA",IF(R83<>"","PBI Dev",IF(N83<>"","DB Dev","NOT STARTED"))))) | AN83: =IF($B83="","",IF(IF($C83="NOT STARTED",0,IF($C83="DB Dev",1,IF($C83="PBI Dev",2,IF($C83="QA",3,IF($C83="DPO Approval",4,IF($C83="RELEASED IN PROD",5,-1))))))<IF($AM83="NOT STARTED",0,IF($AM83="DB Dev",1,IF($AM83="PBI Dev",2,IF($AM83="QA",3,IF($AM83="DPO Approval",4,IF($AM83="RELEASED IN PROD",5,-1)))))),"Yes - was already at "&$AM83&", now back at "&$C83,"No")) | AO83: =IF($B83="","",IF(AND(V83<>"",N83<>"",V83<N83),"QA target is before DB Dev target",IF(AND(V83<>"",R83<>"",V83<R83),"QA target is before PBI Dev target",IF(AND(Z83<>"",V83<>"",Z83<V83),"DPO Approval target is before QA target",IF(AND(AC83<>"",Z83<>"",AC83<Z83),"Confirmed Deployed date is before DPO Approval target",""))))) | AP83: =IF($B83="","",IF(COUNTIF($B$2:$B$500,$B83)>1,"Duplicate name - check row","")) | AR83: =IF($B83="","",SUMPRODUCT(MAX(('Rework Log'!$A$3:$A$500=$B83)*ROW('Rework Log'!$A$3:$A$500))))
D84: =IF($B84="","",IF(C84="NOT STARTED",IF(K84="","No plan date set",IF(K84<TODAY(),"Review - planned start passed","On track")),IF(C84="DB Dev",IF(N84="","No target set",IF(AND(N84<TODAY(),P84=""),"Overdue","On track")),IF(C84="PBI Dev",IF(R84="","No target set",IF(AND(R84<TODAY(),T84=""),"Overdue","On track")),IF(C84="QA",IF(V84="","No target set",IF(AND(V84<TODAY(),X84=""),"Overdue","On track")),IF(C84="DPO Approval",IF(Z84="","No target set",IF(Z84<TODAY(),"Overdue","On track")),IF(C84="RELEASED IN PROD","Delivered",""))))))) | AH84: =IF($AF84="Yes",IF($AG84<>"","Blocked - needs "&$AG84&" to fix","Blocked at "&$C84),"") | AI84: =IF($B84="","",COUNTIF('Rework Log'!$A$3:$A$500,$B84)) | AJ84: =IF(OR($B84="",$AR84=0),"",INDEX('Rework Log'!$C:$C,$AR84)) | AK84: =IF(OR($B84="",$AR84=0),"",INDEX('Rework Log'!$H:$H,$AR84)) | AL84: =IF(OR($B84="",$AR84=0),"",INDEX('Rework Log'!$G:$G,$AR84)) | AM84: =IF($B84="","",IF(Z84<>"","DPO Approval",IF(V84<>"","QA",IF(R84<>"","PBI Dev",IF(N84<>"","DB Dev","NOT STARTED"))))) | AN84: =IF($B84="","",IF(IF($C84="NOT STARTED",0,IF($C84="DB Dev",1,IF($C84="PBI Dev",2,IF($C84="QA",3,IF($C84="DPO Approval",4,IF($C84="RELEASED IN PROD",5,-1))))))<IF($AM84="NOT STARTED",0,IF($AM84="DB Dev",1,IF($AM84="PBI Dev",2,IF($AM84="QA",3,IF($AM84="DPO Approval",4,IF($AM84="RELEASED IN PROD",5,-1)))))),"Yes - was already at "&$AM84&", now back at "&$C84,"No")) | AO84: =IF($B84="","",IF(AND(V84<>"",N84<>"",V84<N84),"QA target is before DB Dev target",IF(AND(V84<>"",R84<>"",V84<R84),"QA target is before PBI Dev target",IF(AND(Z84<>"",V84<>"",Z84<V84),"DPO Approval target is before QA target",IF(AND(AC84<>"",Z84<>"",AC84<Z84),"Confirmed Deployed date is before DPO Approval target",""))))) | AP84: =IF($B84="","",IF(COUNTIF($B$2:$B$500,$B84)>1,"Duplicate name - check row","")) | AR84: =IF($B84="","",SUMPRODUCT(MAX(('Rework Log'!$A$3:$A$500=$B84)*ROW('Rework Log'!$A$3:$A$500))))
D85: =IF($B85="","",IF(C85="NOT STARTED",IF(K85="","No plan date set",IF(K85<TODAY(),"Review - planned start passed","On track")),IF(C85="DB Dev",IF(N85="","No target set",IF(AND(N85<TODAY(),P85=""),"Overdue","On track")),IF(C85="PBI Dev",IF(R85="","No target set",IF(AND(R85<TODAY(),T85=""),"Overdue","On track")),IF(C85="QA",IF(V85="","No target set",IF(AND(V85<TODAY(),X85=""),"Overdue","On track")),IF(C85="DPO Approval",IF(Z85="","No target set",IF(Z85<TODAY(),"Overdue","On track")),IF(C85="RELEASED IN PROD","Delivered",""))))))) | AH85: =IF($AF85="Yes",IF($AG85<>"","Blocked - needs "&$AG85&" to fix","Blocked at "&$C85),"") | AI85: =IF($B85="","",COUNTIF('Rework Log'!$A$3:$A$500,$B85)) | AJ85: =IF(OR($B85="",$AR85=0),"",INDEX('Rework Log'!$C:$C,$AR85)) | AK85: =IF(OR($B85="",$AR85=0),"",INDEX('Rework Log'!$H:$H,$AR85)) | AL85: =IF(OR($B85="",$AR85=0),"",INDEX('Rework Log'!$G:$G,$AR85)) | AM85: =IF($B85="","",IF(Z85<>"","DPO Approval",IF(V85<>"","QA",IF(R85<>"","PBI Dev",IF(N85<>"","DB Dev","NOT STARTED"))))) | AN85: =IF($B85="","",IF(IF($C85="NOT STARTED",0,IF($C85="DB Dev",1,IF($C85="PBI Dev",2,IF($C85="QA",3,IF($C85="DPO Approval",4,IF($C85="RELEASED IN PROD",5,-1))))))<IF($AM85="NOT STARTED",0,IF($AM85="DB Dev",1,IF($AM85="PBI Dev",2,IF($AM85="QA",3,IF($AM85="DPO Approval",4,IF($AM85="RELEASED IN PROD",5,-1)))))),"Yes - was already at "&$AM85&", now back at "&$C85,"No")) | AO85: =IF($B85="","",IF(AND(V85<>"",N85<>"",V85<N85),"QA target is before DB Dev target",IF(AND(V85<>"",R85<>"",V85<R85),"QA target is before PBI Dev target",IF(AND(Z85<>"",V85<>"",Z85<V85),"DPO Approval target is before QA target",IF(AND(AC85<>"",Z85<>"",AC85<Z85),"Confirmed Deployed date is before DPO Approval target",""))))) | AP85: =IF($B85="","",IF(COUNTIF($B$2:$B$500,$B85)>1,"Duplicate name - check row","")) | AR85: =IF($B85="","",SUMPRODUCT(MAX(('Rework Log'!$A$3:$A$500=$B85)*ROW('Rework Log'!$A$3:$A$500))))
... D500: =IF($B500="","",IF(C500="NOT STARTED",IF(K500="","No plan date set",IF(K500<TODAY(),"Review - planned start passed","On track")),IF(C500="DB Dev",IF(N500="","No target set",IF(AND(N500<TODAY(),P500=""),"Overdue","On track")),IF(C500="PBI Dev",IF(R500="","No target set",IF(AND(R500<TODAY(),T500=""),"Overdue","On track")),IF(C500="QA",IF(V500="","No target set",IF(AND(V500<TODAY(),X500=""),"Overdue","On track")),IF(C500="DPO Approval",IF(Z500="","No target set",IF(Z500<TODAY(),"Overdue","On track")),IF(C500="RELEASED IN PROD","Delivered",""))))))) | AH500: =IF($AF500="Yes",IF($AG500<>"","Blocked - needs "&$AG500&" to fix","Blocked at "&$C500),"") | AI500: =IF($B500="","",COUNTIF('Rework Log'!$A$3:$A$500,$B500)) | AJ500: =IF(OR($B500="",$AR500=0),"",INDEX('Rework Log'!$C:$C,$AR500)) | AK500: =IF(OR($B500="",$AR500=0),"",INDEX('Rework Log'!$H:$H,$AR500)) | AL500: =IF(OR($B500="",$AR500=0),"",INDEX('Rework Log'!$G:$G,$AR500)) | AM500: =IF($B500="","",IF(Z500<>"","DPO Approval",IF(V500<>"","QA",IF(R500<>"","PBI Dev",IF(N500<>"","DB Dev","NOT STARTED"))))) | AN500: =IF($B500="","",IF(IF($C500="NOT STARTED",0,IF($C500="DB Dev",1,IF($C500="PBI Dev",2,IF($C500="QA",3,IF($C500="DPO Approval",4,IF($C500="RELEASED IN PROD",5,-1))))))<IF($AM500="NOT STARTED",0,IF($AM500="DB Dev",1,IF($AM500="PBI Dev",2,IF($AM500="QA",3,IF($AM500="DPO Approval",4,IF($AM500="RELEASED IN PROD",5,-1)))))),"Yes - was already at "&$AM500&", now back at "&$C500,"No")) | AO500: =IF($B500="","",IF(AND(V500<>"",N500<>"",V500<N500),"QA target is before DB Dev target",IF(AND(V500<>"",R500<>"",V500<R500),"QA target is before PBI Dev target",IF(AND(Z500<>"",V500<>"",Z500<V500),"DPO Approval target is before QA target",IF(AND(AC500<>"",Z500<>"",AC500<Z500),"Confirmed Deployed date is before DPO Approval target",""))))) | AP500: =IF($B500="","",IF(COUNTIF($B$2:$B$500,$B500)>1,"Duplicate name - check row","")) | AR500: =IF($B500="","",SUMPRODUCT(MAX(('Rework Log'!$A$3:$A$500=$B500)*ROW('Rework Log'!$A$3:$A$500))))

Sheet Find a Report
A1: Find a Report
A2: Pick a report below - everything updates automatically.
A4: Report Name:
A6: Domain | B6: =IF($B$4="","",IFERROR(INDEX('Combined Delivery Data'!$A:$A,MATCH($B$4,'Combined Delivery Data'!$B:$B,0)),""))
A7: Current Status | B7: =IF($B$4="","",IFERROR(INDEX('Combined Delivery Data'!$C:$C,MATCH($B$4,'Combined Delivery Data'!$B:$B,0)),""))
A8: Status Flag | B8: =IF($B$4="","",IFERROR(INDEX('Combined Delivery Data'!$D:$D,MATCH($B$4,'Combined Delivery Data'!$B:$B,0)),""))
A9: Business Value Rank | B9: =IF($B$4="","",IFERROR(INDEX('Combined Delivery Data'!$E:$E,MATCH($B$4,'Combined Delivery Data'!$B:$B,0)),""))
A10: PO | B10: =IF($B$4="","",IFERROR(INDEX('Combined Delivery Data'!$F:$F,MATCH($B$4,'Combined Delivery Data'!$B:$B,0)),""))
A11: DB Developer | B11: =IF($B$4="","",IFERROR(INDEX('Combined Delivery Data'!$G:$G,MATCH($B$4,'Combined Delivery Data'!$B:$B,0)),""))
A12: PBI Developer | B12: =IF($B$4="","",IFERROR(INDEX('Combined Delivery Data'!$H:$H,MATCH($B$4,'Combined Delivery Data'!$B:$B,0)),""))
A13: QA Tester | B13: =IF($B$4="","",IFERROR(INDEX('Combined Delivery Data'!$I:$I,MATCH($B$4,'Combined Delivery Data'!$B:$B,0)),""))
A14: DB Dev Expected | B14: =IF($B$4="","",IFERROR(INDEX('Combined Delivery Data'!$N:$N,MATCH($B$4,'Combined Delivery Data'!$B:$B,0)),""))
A15: DB Dev Actual | B15: =IF($B$4="","",IFERROR(INDEX('Combined Delivery Data'!$P:$P,MATCH($B$4,'Combined Delivery Data'!$B:$B,0)),""))
A16: PBI Dev Expected | B16: =IF($B$4="","",IFERROR(INDEX('Combined Delivery Data'!$R:$R,MATCH($B$4,'Combined Delivery Data'!$B:$B,0)),""))
A17: PBI Dev Actual | B17: =IF($B$4="","",IFERROR(INDEX('Combined Delivery Data'!$T:$T,MATCH($B$4,'Combined Delivery Data'!$B:$B,0)),""))
A18: QA Expected | B18: =IF($B$4="","",IFERROR(INDEX('Combined Delivery Data'!$V:$V,MATCH($B$4,'Combined Delivery Data'!$B:$B,0)),""))
A19: QA Actual | B19: =IF($B$4="","",IFERROR(INDEX('Combined Delivery Data'!$X:$X,MATCH($B$4,'Combined Delivery Data'!$B:$B,0)),""))
A20: DPO Approval Expected | B20: =IF($B$4="","",IFERROR(INDEX('Combined Delivery Data'!$Z:$Z,MATCH($B$4,'Combined Delivery Data'!$B:$B,0)),""))
A21: DPO Approval Reviewer | B21: =IF($B$4="","",IFERROR(INDEX('Combined Delivery Data'!$AA:$AA,MATCH($B$4,'Combined Delivery Data'!$B:$B,0)),""))
A22: Confirmed Deployed? | B22: =IF($B$4="","",IFERROR(INDEX('Combined Delivery Data'!$AB:$AB,MATCH($B$4,'Combined Delivery Data'!$B:$B,0)),""))
A23: Confirmed Deployed Date | B23: =IF($B$4="","",IFERROR(INDEX('Combined Delivery Data'!$AC:$AC,MATCH($B$4,'Combined Delivery Data'!$B:$B,0)),""))
A24: Blocked? | B24: =IF($B$4="","",IFERROR(INDEX('Combined Delivery Data'!$AF:$AF,MATCH($B$4,'Combined Delivery Data'!$B:$B,0)),""))
A25: Blocked At | B25: =IF($B$4="","",IFERROR(INDEX('Combined Delivery Data'!$AH:$AH,MATCH($B$4,'Combined Delivery Data'!$B:$B,0)),""))
A26: Rework Count | B26: =IF($B$4="","",IFERROR(INDEX('Combined Delivery Data'!$AI:$AI,MATCH($B$4,'Combined Delivery Data'!$B:$B,0)),""))
A27: Last Sent Back From | B27: =IF($B$4="","",IFERROR(INDEX('Combined Delivery Data'!$AJ:$AJ,MATCH($B$4,'Combined Delivery Data'!$B:$B,0)),""))
A28: Last Defect/Jira Ticket | B28: =IF($B$4="","",IFERROR(INDEX('Combined Delivery Data'!$AL:$AL,MATCH($B$4,'Combined Delivery Data'!$B:$B,0)),""))
A29: Auto Rework Alert | B29: =IF($B$4="","",IFERROR(INDEX('Combined Delivery Data'!$AN:$AN,MATCH($B$4,'Combined Delivery Data'!$B:$B,0)),""))
A30: Chronology Check | B30: =IF($B$4="","",IFERROR(INDEX('Combined Delivery Data'!$AO:$AO,MATCH($B$4,'Combined Delivery Data'!$B:$B,0)),""))
A31: Comments | B31: =IF($B$4="","",IFERROR(INDEX('Combined Delivery Data'!$AQ:$AQ,MATCH($B$4,'Combined Delivery Data'!$B:$B,0)),""))

Sheet Fact Table
A1: Reference snapshot only - the app rebuilds this automatically from Combined Delivery Data on every upload. Editing this tab directly has no effect.
A2: Domain | B2: Status | C2: Report Name | D2: DB Developers | E2: PBI Developers | F2: Schema | G2: PO | H2: Status Start Date | I2: Expected Release Date | J2: Actual Release Date
A3: Leaks | B3: DB Dev | C3: RPT_04_Active Leaks | D3: Fetwi | E3: Sarath | I3: 46115 | J3: 46115
A4: Leaks | B4: PBI Dev | C4: RPT_04_Active Leaks | D4: Fetwi | E4: Sarath | H4: 46115 | I4: 46114 | J4: 46114
A5: Leaks | B5: QA | C5: RPT_04_Active Leaks | D5: Fetwi | E5: Sarath | H5: 46114 | I5: 46122 | J5: 46122
A6: Leaks | B6: DPO Approval | C6: RPT_04_Active Leaks | D6: Fetwi | E6: Sarath | H6: 46122
A7: Leaks | B7: RELEASED IN PROD | C7: RPT_04_Active Leaks | D7: Fetwi | E7: Sarath
A8: Leaks | B8: DB Dev | C8: RPT_04_Count of Active Leaks On Hand | D8: Fetwi | E8: Sarath | I8: 46115 | J8: 46115
A9: Leaks | B9: PBI Dev | C9: RPT_04_Count of Active Leaks On Hand | D9: Fetwi | E9: Sarath | H9: 46115 | I9: 46114 | J9: 46114
A10: Leaks | B10: QA | C10: RPT_04_Count of Active Leaks On Hand | D10: Fetwi | E10: Sarath | H10: 46114 | I10: 46122 | J10: 46122
A11: Leaks | B11: DPO Approval | C11: RPT_04_Count of Active Leaks On Hand | D11: Fetwi | E11: Sarath | H11: 46122
A12: Leaks | B12: RELEASED IN PROD | C12: RPT_04_Count of Active Leaks On Hand | D12: Fetwi | E12: Sarath
A13: Leaks | B13: DB Dev | C13: RPT_04_Leak Scheduling | D13: Sreevarsha | E13: Sarath | I13: 46115 | J13: 46115
A14: Leaks | B14: PBI Dev | C14: RPT_04_Leak Scheduling | D14: Sreevarsha | E14: Sarath | H14: 46115 | I14: 46120 | J14: 46120
A15: Leaks | B15: QA | C15: RPT_04_Leak Scheduling | D15: Sreevarsha | E15: Sarath | H15: 46120 | I15: 46122 | J15: 46122
A16: Leaks | B16: DPO Approval | C16: RPT_04_Leak Scheduling | D16: Sreevarsha | E16: Sarath | H16: 46122
A17: Leaks | B17: RELEASED IN PROD | C17: RPT_04_Leak Scheduling | D17: Sreevarsha | E17: Sarath
A18: Leaks | B18: DB Dev | C18: RPT_04_Leak Days Remaining | D18: Siva | E18: Navya | I18: 46115 | J18: 46115
A19: Leaks | B19: PBI Dev | C19: RPT_04_Leak Days Remaining | D19: Siva | E19: Navya | H19: 46115 | I19: 46126 | J19: 46126
A20: Leaks | B20: QA | C20: RPT_04_Leak Days Remaining | D20: Siva | E20: Navya | H20: 46126 | I20: 46122 | J20: 46122
A21: Leaks | B21: DPO Approval | C21: RPT_04_Leak Days Remaining | D21: Siva | E21: Navya | H21: 46122
A22: Leaks | B22: RELEASED IN PROD | C22: RPT_04_Leak Days Remaining | D22: Siva | E22: Navya
A23: Leaks | B23: DB Dev | C23: RPT_04_Cleared Leaks | D23: Sreevarsha | E23: Sarath | I23: 46115 | J23: 46115
A24: Leaks | B24: PBI Dev | C24: RPT_04_Cleared Leaks | D24: Sreevarsha | E24: Sarath | H24: 46115 | I24: 46120 | J24: 46120
A25: Leaks | B25: QA | C25: RPT_04_Cleared Leaks | D25: Sreevarsha | E25: Sarath | H25: 46120 | I25: 46122 | J25: 46122
A26: Leaks | B26: DPO Approval | C26: RPT_04_Cleared Leaks | D26: Sreevarsha | E26: Sarath | H26: 46122
A27: Leaks | B27: RELEASED IN PROD | C27: RPT_04_Cleared Leaks | D27: Sreevarsha | E27: Sarath
A28: Leaks | B28: DB Dev | C28: RPT_04_Leaks Repaired Detail | D28: Rupa | E28: Navya | I28: 46115 | J28: 46115
A29: Leaks | B29: PBI Dev | C29: RPT_04_Leaks Repaired Detail | D29: Rupa | E29: Navya | H29: 46115 | I29: 46126 | J29: 46126
A30: Leaks | B30: QA | C30: RPT_04_Leaks Repaired Detail | D30: Rupa | E30: Navya | H30: 46126 | I30: 46122 | J30: 46122
A31: Leaks | B31: DPO Approval | C31: RPT_04_Leaks Repaired Detail | D31: Rupa | E31: Navya | H31: 46122
A32: Leaks | B32: RELEASED IN PROD | C32: RPT_04_Leaks Repaired Detail | D32: Rupa | E32: Navya
A33: Leaks | B33: DB Dev | C33: RPT_04_Leaks Aging | D33: Sreevarsha | E33: Navya | I33: 46122 | J33: 46122
A34: Leaks | B34: PBI Dev | C34: RPT_04_Leaks Aging | D34: Sreevarsha | E34: Navya | H34: 46122 | I34: 46126 | J34: 46126
A35: Leaks | B35: QA | C35: RPT_04_Leaks Aging | D35: Sreevarsha | E35: Navya | H35: 46126 | I35: 46122 | J35: 46122
A36: Leaks | B36: DPO Approval | C36: RPT_04_Leaks Aging | D36: Sreevarsha | E36: Navya | H36: 46122
A37: Leaks | B37: RELEASED IN PROD | C37: RPT_04_Leaks Aging | D37: Sreevarsha | E37: Navya
A38: Leaks | B38: DB Dev | C38: RPT_04_Prior Leak Readings | D38: Siddu | E38: Navya | I38: 46122 | J38: 46122
A39: Leaks | B39: PBI Dev | C39: RPT_04_Prior Leak Readings | D39: Siddu | E39: Navya | H39: 46122 | I39: 46126 | J39: 46126
A40: Leaks | B40: QA | C40: RPT_04_Prior Leak Readings | D40: Siddu | E40: Navya | H40: 46126 | I40: 46122 | J40: 46122
A41: Leaks | B41: DPO Approval | C41: RPT_04_Prior Leak Readings | D41: Siddu | E41: Navya | H41: 46122
A42: Leaks | B42: RELEASED IN PROD | C42: RPT_04_Prior Leak Readings | D42: Siddu | E42: Navya
A43: Leaks | B43: DB Dev | C43: RSS_04_Leak Grade Change History | D43: Siva | E43: Navya | I43: 46127 | J43: 46127
A44: Leaks | B44: PBI Dev | C44: RSS_04_Leak Grade Change History | D44: Siva | E44: Navya | H44: 46127 | I44: 46126 | J44: 46126
A45: Leaks | B45: QA | C45: RSS_04_Leak Grade Change History | D45: Siva | E45: Navya | H45: 46126 | I45: 46122 | J45: 46122
A46: Leaks | B46: DPO Approval | C46: RSS_04_Leak Grade Change History | D46: Siva | E46: Navya | H46: 46122
A47: Leaks | B47: RELEASED IN PROD | C47: RSS_04_Leak Grade Change History | D47: Siva | E47: Navya
A48: Leaks | B48: DB Dev | C48: RPT_04_Surveillances With Zero Readings | D48: Sreevarsha | E48: Navya
A49: Leaks | B49: PBI Dev | C49: RPT_04_Surveillances With Zero Readings | D49: Sreevarsha | E49: Navya | I49: 46139 | J49: 46139
A50: Leaks | B50: QA | C50: RPT_04_Surveillances With Zero Readings | D50: Sreevarsha | E50: Navya | H50: 46139 | I50: 46139 | J50: 46139
A51: Leaks | B51: DPO Approval | C51: RPT_04_Surveillances With Zero Readings | D51: Sreevarsha | E51: Navya | H51: 46139
A52: Leaks | B52: RELEASED IN PROD | C52: RPT_04_Surveillances With Zero Readings | D52: Sreevarsha | E52: Navya
A53: Leaks | B53: DB Dev | C53: RPT_04 High Emitter leaks | D53: Sreevarsha | E53: Navya
A54: Leaks | B54: PBI Dev | C54: RPT_04 High Emitter leaks | D54: Sreevarsha | E54: Navya | I54: 46141 | J54: 46141
A55: Leaks | B55: QA | C55: RPT_04 High Emitter leaks | D55: Sreevarsha | E55: Navya | H55: 46141 | I55: 46141 | J55: 46141
A56: Leaks | B56: DPO Approval | C56: RPT_04 High Emitter leaks | D56: Sreevarsha | E56: Navya | H56: 46141
A57: Leaks | B57: RELEASED IN PROD | C57: RPT_04 High Emitter leaks | D57: Sreevarsha | E57: Navya
A58: Leaks | B58: DB Dev | C58: RPT_04_School Zone Leaks Without Repair | D58: Sreevarsha | E58: Sarath
A59: Leaks | B59: PBI Dev | C59: RPT_04_School Zone Leaks Without Repair | D59: Sreevarsha | E59: Sarath | I59: 46161 | J59: 46161
A60: Leaks | B60: QA | C60: RPT_04_School Zone Leaks Without Repair | D60: Sreevarsha | E60: Sarath | H60: 46161 | I60: 46161 | J60: 46161
A61: Leaks | B61: DPO Approval | C61: RPT_04_School Zone Leaks Without Repair | D61: Sreevarsha | E61: Sarath | H61: 46161
A62: Leaks | B62: RELEASED IN PROD | C62: RPT_04_School Zone Leaks Without Repair | D62: Sreevarsha | E62: Sarath
A63: Leaks | B63: DB Dev | C63: RPT_04_PSC Quarterly Leak | D63: Geetha | E63: Sarath
A64: Leaks | B64: PBI Dev | C64: RPT_04_PSC Quarterly Leak | D64: Geetha | E64: Sarath | I64: 46175 | J64: 46175
A65: Leaks | B65: QA | C65: RPT_04_PSC Quarterly Leak | D65: Geetha | E65: Sarath | H65: 46175 | I65: 46175 | J65: 46175
A66: Leaks | B66: DPO Approval | C66: RPT_04_PSC Quarterly Leak | D66: Geetha | E66: Sarath | H66: 46175
A67: Leaks | B67: RELEASED IN PROD | C67: RPT_04_PSC Quarterly Leak | D67: Geetha | E67: Sarath | I67: 46184 | J67: 46184
A68: Leaks | B68: DB Dev | C68: RPT_04_Rechecks Completed less than 14 days | D68: Rupa | E68: Shraddha
A69: Leaks | B69: PBI Dev | C69: RPT_04_Rechecks Completed less than 14 days | D69: Rupa | E69: Shraddha | I69: 46134 | J69: 46134
A70: Leaks | B70: QA | C70: RPT_04_Rechecks Completed less than 14 days | D70: Rupa | E70: Shraddha | H70: 46134 | I70: 46134 | J70: 46134
A71: Leaks | B71: DPO Approval | C71: RPT_04_Rechecks Completed less than 14 days | D71: Rupa | E71: Shraddha | H71: 46134
A72: Leaks | B72: RELEASED IN PROD | C72: RPT_04_Rechecks Completed less than 14 days | D72: Rupa | E72: Shraddha
A73: Leaks | B73: DB Dev | C73: RPT_04_SEI Leak Activity | D73: Siva | E73: Shraddha
A74: Leaks | B74: PBI Dev | C74: RPT_04_SEI Leak Activity | D74: Siva | E74: Shraddha | I74: 46139 | J74: 46139
A75: Leaks | B75: QA | C75: RPT_04_SEI Leak Activity | D75: Siva | E75: Shraddha | H75: 46139 | I75: 46139 | J75: 46139
A76: Leaks | B76: DPO Approval | C76: RPT_04_SEI Leak Activity | D76: Siva | E76: Shraddha | H76: 46139
A77: Leaks | B77: RELEASED IN PROD | C77: RPT_04_SEI Leak Activity | D77: Siva | E77: Shraddha
A78: Leaks | B78: DB Dev | C78: RPT_04_CMS Leak Productivity | D78: Siddu | E78: Navya
A79: Leaks | B79: PBI Dev | C79: RPT_04_CMS Leak Productivity | D79: Siddu | E79: Navya | I79: 46147 | J79: 46147
A80: Leaks | B80: QA | C80: RPT_04_CMS Leak Productivity | D80: Siddu | E80: Navya | H80: 46147 | I80: 46147 | J80: 46147
A81: Leaks | B81: DPO Approval | C81: RPT_04_CMS Leak Productivity | D81: Siddu | E81: Navya | H81: 46147
A82: Leaks | B82: RELEASED IN PROD | C82: RPT_04_CMS Leak Productivity | D82: Siddu | E82: Navya
A83: Leaks | B83: DB Dev | C83: RPT_04_Main Break Corrosion and Leak Cluster | D83: Siddu | E83: Sarath
A84: Leaks | B84: PBI Dev | C84: RPT_04_Main Break Corrosion and Leak Cluster | D84: Siddu | E84: Sarath | I84: 46175 | J84: 46175
A85: Leaks | B85: QA | C85: RPT_04_Main Break Corrosion and Leak Cluster | D85: Siddu | E85: Sarath | H85: 46175 | I85: 46179 | J85: 46179
A86: Leaks | B86: DPO Approval | C86: RPT_04_Main Break Corrosion and Leak Cluster | D86: Siddu | E86: Sarath | H86: 46179
A87: Leaks | B87: RELEASED IN PROD | C87: RPT_04_Main Break Corrosion and Leak Cluster | D87: Siddu | E87: Sarath
A88: Leaks | B88: DB Dev | C88: RPT_04_Leak Summary Status | D88: Fetwi | E88: Navya
A89: Leaks | B89: PBI Dev | C89: RPT_04_Leak Summary Status | D89: Fetwi | E89: Navya | I89: 46143 | J89: 46143
A90: Leaks | B90: QA | C90: RPT_04_Leak Summary Status | D90: Fetwi | E90: Navya | H90: 46143 | I90: 46175 | J90: 46175
A91: Leaks | B91: DPO Approval | C91: RPT_04_Leak Summary Status | D91: Fetwi | E91: Navya | H91: 46175
A92: Leaks | B92: RELEASED IN PROD | C92: RPT_04_Leak Summary Status | D92: Fetwi | E92: Navya | I92: 46184 | J92: 46184
A93: Leaks | B93: DB Dev | C93: RPT_04_PSC Leak Printout | D93: Fetwi | E93: Shraddha | I93: 46175 | J93: 46175
A94: Leaks | B94: PBI Dev | C94: RPT_04_PSC Leak Printout | D94: Fetwi | E94: Shraddha | H94: 46175 | I94: 46178 | J94: 46178
A95: Leaks | B95: QA | C95: RPT_04_PSC Leak Printout | D95: Fetwi | E95: Shraddha | H95: 46178 | I95: 46175 | J95: 46175
A96: Leaks | B96: DPO Approval | C96: RPT_04_PSC Leak Printout | D96: Fetwi | E96: Shraddha | H96: 46175
A97: Leaks | B97: RELEASED IN PROD | C97: RPT_04_PSC Leak Printout | D97: Fetwi | E97: Shraddha | I97: 46192 | J97: 46192
A98: Leaks | B98: DB Dev | C98: RPT_04_Leak Control Report | D98: Geetha | E98: Navya | I98: 46148 | J98: 46148
A99: Leaks | B99: PBI Dev | C99: RPT_04_Leak Control Report | D99: Geetha | E99: Navya | H99: 46148 | I99: 46183 | J99: 46183
A100: Leaks | B100: QA | C100: RPT_04_Leak Control Report | D100: Geetha | E100: Navya | H100: 46183 | I100: 46195 | J100: 46195
...

Sheet Dim Table
A1: This tab is manually maintained - edit Expected Report Count / Expected Release Date directly, or add new domain/month rows, as delivery plans change. Unlike Fact Table, the app always reads this sheet as-is.
A2: Domain | B2: Expected Report Count | C2: Expected Release Date
A3: Leaks | B3: 8 | C3: 46142
A4: Leaks | B4: 10 | C4: 46172
A5: Leaks | B5: 9 | C5: 46203
A6: CMS | B6: 15 | C6: 46233
A7: CMS | B7: 15 | C7: 46264
A8: CMS | B8: 17 | C8: 46295
A9: CMS | B9: 20 | C9: 46325
A10: CMS | B10: 20 | C10: 46356
A11: Maintenance and Construction | B11: 18 | C11: 46386
A12: Maintenance and Construction | B12: 18 | C12: 46417
A13: Maintenance and Construction | B13: 19 | C13: 46446
A14: Meter Management | B14: 9 | C14: 46476
A15: Assets and Engineering | B15: 8 | C15: 46476

Sheet Data Validation
A1: Domain | B1: DB Developer | C1: PBI Developer | D1: PO | E1: Blocked? | F1: Current Status | G1: All Developers | H1: QA Tester
A2: -> feeds column A on Combined Delivery Data | B2: -> feeds column F on Combined Delivery Data | C2: -> feeds column G on Combined Delivery Data | D2: -> feeds column E on Combined Delivery Data | E2: -> feeds column AF on Combined Delivery Data | F2: -> feeds column C on Combined Delivery Data | G2: -> feeds column G on Rework Log (Assigned To) | H2: -> feeds column I on Combined Delivery Data
A3: Leaks | B3: Fetwi | C3: Navya | D3: Kushal | E3: Yes | F3: NOT STARTED | G3: Fetwi | H3: Preety
A4: CMS | B4: Siva | C4: Sarath | D4: Bardia | E4: No | F4: DB Dev | G4: Siva | H4: Kelvin
A5: Maintenance and Construction | B5: Sreevarsha | C5: Shraddha | F5: PBI Dev | G5: Sreevarsha | H5: Kushal
A6: Meter Management | B6: Siddu | F6: QA | G6: Siddu | H6: Bardia
A7: Assets and Engineering | B7: Sree | F7: DPO Approval | G7: Sree
B8: Rupa | F8: RELEASED IN PROD | G8: Rupa
B9: Geetha | G9: Geetha
B10: Nick | G10: Nick
G11: Navya
G12: Sarath
G13: Shraddha

Sheet Rework Log
A1: One row per bounce-back, optional detail. You do not need to log here for the tracker to know a rework happened - Combined Delivery Data (column AL, Auto Rework Alert) detects that automatically the moment a later stage already has a date but Current Status gets moved back. Use this tab to capture WHY it happened, the defect/Jira ticket if there is one, and when it is now expected fixed. | J1: Live summary - one row per report, computed from the log entries to the left. Nothing here is typed manually.
A2: Report Name | B2: Date Sent Back | C2: From Stage | D2: To Stage | E2: Reason / Note | F2: Defect/Jira Ticket | G2: Est. Fix Date | J2: Report Name | K2: Times Sent Back | L2: Last Sent Back Date | M2: Last From Stage | N2: Last To Stage
A3: RPT_02_Required Regulator Inspection Performed Control | B3: 46226 | C3: QA | D3: DB Dev | E3: Defects found in QA testing. | J3: ='Combined Delivery Data'!B2 -> RPT_04_Active Leaks | K3: =IF($J3="","",COUNTIF($A$3:$A$500,$J3)) -> 0 | L3: =IF($J3="","",IF(SUMPRODUCT(MAX(($A$3:$A$500=$J3)*ROW($A$3:$A$500)))=0,"",INDEX($B:$B,SUMPRODUCT(MAX(($A$3:$A$500=$J3)*ROW($A$3:$A$500)))))) | M3: =IF($J3="","",IF(SUMPRODUCT(MAX(($A$3:$A$500=$J3)*ROW($A$3:$A$500)))=0,"",INDEX($C:$C,SUMPRODUCT(MAX(($A$3:$A$500=$J3)*ROW($A$3:$A$500)))))) | N3: =IF($J3="","",IF(SUMPRODUCT(MAX(($A$3:$A$500=$J3)*ROW($A$3:$A$500)))=0,"",INDEX($D:$D,SUMPRODUCT(MAX(($A$3:$A$500=$J3)*ROW($A$3:$A$500))))))
